etuus;vuosi;aikatyyppi;viikko;alue;ikaluokka;sukupuoli;saapuneet_hakemukset;updated;saapuneet_hakemukset_kumu
Työttömyysturva;2019;viikko;1;Koko Suomi;kaikki;kaikki;7189;2021/07/15 10:03:23;7189
Työttömyysturva;2019;viikko;2;Koko Suomi;kaikki;kaikki;9083;2021/07/15 10:03:23;16272
Työttömyysturva;2019;viikko;3;Koko Suomi;kaikki;kaikki;9017;2021/07/15 10:03:23;25289
Työttömyysturva;2019;viikko;4;Koko Suomi;kaikki;kaikki;8541;2021/07/15 10:03:23;33830
Työttömyysturva;2019;viikko;5;Koko Suomi;kaikki;kaikki;10841;2021/07/15 10:03:23;44671
Työttömyysturva;2019;viikko;6;Koko Suomi;kaikki;kaikki;7771;2021/07/15 10:03:23;52442
Työttömyysturva;2019;viikko;7;Koko Suomi;kaikki;kaikki;6068;2021/07/15 10:03:23;58510
Työttömyysturva;2019;viikko;8;Koko Suomi;kaikki;kaikki;6381;2021/07/15 10:03:23;64891
Työttömyysturva;2019;viikko;9;Koko Suomi;kaikki;kaikki;7243;2021/07/15 10:03:23;72134
Työttömyysturva;2019;viikko;10;Koko Suomi;kaikki;kaikki;7274;2021/07/15 10:03:23;79408
Työttömyysturva;2019;viikko;11;Koko Suomi;kaikki;kaikki;6254;2021/07/15 10:03:23;85662
Työttömyysturva;2019;viikko;12;Koko Suomi;kaikki;kaikki;6130;2021/07/15 10:03:23;91792
Työttömyysturva;2019;viikko;13;Koko Suomi;kaikki;kaikki;6049;2021/07/15 10:03:23;97841
Työttömyysturva;2019;viikko;14;Koko Suomi;kaikki;kaikki;8549;2021/07/15 10:03:23;106390
Työttömyysturva;2019;viikko;15;Koko Suomi;kaikki;kaikki;5795;2021/07/15 10:03:23;112185
Työttömyysturva;2019;viikko;16;Koko Suomi;kaikki;kaikki;8298;2021/07/15 10:03:23;120483
Työttömyysturva;2019;viikko;17;Koko Suomi;kaikki;kaikki;6061;2021/07/15 10:03:23;126544
Työttömyysturva;2019;viikko;18;Koko Suomi;kaikki;kaikki;6928;2021/07/15 10:03:23;133472
Työttömyysturva;2019;viikko;19;Koko Suomi;kaikki;kaikki;5880;2021/07/15 10:03:23;139352
Työttömyysturva;2019;viikko;20;Koko Suomi;kaikki;kaikki;5930;2021/07/15 10:03:23;145282
Työttömyysturva;2019;viikko;21;Koko Suomi;kaikki;kaikki;6557;2021/07/15 10:03:23;151839
Työttömyysturva;2019;viikko;22;Koko Suomi;kaikki;kaikki;7136;2021/07/15 10:03:23;158975
Työttömyysturva;2019;viikko;23;Koko Suomi;kaikki;kaikki;7770;2021/07/15 10:03:23;166745
Työttömyysturva;2019;viikko;24;Koko Suomi;kaikki;kaikki;7550;2021/07/15 10:03:23;174295
Työttömyysturva;2019;viikko;25;Koko Suomi;kaikki;kaikki;8187;2021/07/15 10:03:23;182482
Työttömyysturva;2019;viikko;26;Koko Suomi;kaikki;kaikki;8597;2021/07/15 10:03:23;191079
Työttömyysturva;2019;viikko;27;Koko Suomi;kaikki;kaikki;8431;2021/07/15 10:03:23;199510
Työttömyysturva;2019;viikko;28;Koko Suomi;kaikki;kaikki;7013;2021/07/15 10:03:23;206523
Työttömyysturva;2019;viikko;29;Koko Suomi;kaikki;kaikki;7008;2021/07/15 10:03:23;213531
Työttömyysturva;2019;viikko;30;Koko Suomi;kaikki;kaikki;6655;2021/07/15 10:03:23;220186
Työttömyysturva;2019;viikko;31;Koko Suomi;kaikki;kaikki;9829;2021/07/15 10:03:23;230015
Työttömyysturva;2019;viikko;32;Koko Suomi;kaikki;kaikki;6627;2021/07/15 10:03:23;236642
Työttömyysturva;2019;viikko;33;Koko Suomi;kaikki;kaikki;7147;2021/07/15 10:03:23;243789
Työttömyysturva;2019;viikko;34;Koko Suomi;kaikki;kaikki;7304;2021/07/15 10:03:23;251093
Työttömyysturva;2019;viikko;35;Koko Suomi;kaikki;kaikki;8037;2021/07/15 10:03:23;259130
Työttömyysturva;2019;viikko;36;Koko Suomi;kaikki;kaikki;8141;2021/07/15 10:03:23;267271
Työttömyysturva;2019;viikko;37;Koko Suomi;kaikki;kaikki;8560;2021/07/15 10:03:23;275831
Työttömyysturva;2019;viikko;38;Koko Suomi;kaikki;kaikki;7476;2021/07/15 10:03:23;283307
Työttömyysturva;2019;viikko;39;Koko Suomi;kaikki;kaikki;7299;2021/07/15 10:03:23;290606
Työttömyysturva;2019;viikko;40;Koko Suomi;kaikki;kaikki;8600;2021/07/15 10:03:23;299206
Työttömyysturva;2019;viikko;41;Koko Suomi;kaikki;kaikki;6644;2021/07/15 10:03:23;305850
Työttömyysturva;2019;viikko;42;Koko Suomi;kaikki;kaikki;6166;2021/07/15 10:03:23;312016
Työttömyysturva;2019;viikko;43;Koko Suomi;kaikki;kaikki;6066;2021/07/15 10:03:23;318082
Työttömyysturva;2019;viikko;44;Koko Suomi;kaikki;kaikki;6816;2021/07/15 10:03:23;324898
Työttömyysturva;2019;viikko;45;Koko Suomi;kaikki;kaikki;6477;2021/07/15 10:03:23;331375
Työttömyysturva;2019;viikko;46;Koko Suomi;kaikki;kaikki;5666;2021/07/15 10:03:23;337041
Työttömyysturva;2019;viikko;47;Koko Suomi;kaikki;kaikki;5874;2021/07/15 10:03:23;342915
Työttömyysturva;2019;viikko;48;Koko Suomi;kaikki;kaikki;6364;2021/07/15 10:03:23;349279
Työttömyysturva;2019;viikko;49;Koko Suomi;kaikki;kaikki;7290;2021/07/15 10:03:23;356569
Työttömyysturva;2019;viikko;50;Koko Suomi;kaikki;kaikki;7360;2021/07/15 10:03:23;363929
Työttömyysturva;2019;viikko;51;Koko Suomi;kaikki;kaikki;11941;2021/07/15 10:03:23;375870
Työttömyysturva;2019;viikko;52;Koko Suomi;kaikki;kaikki;5013;2021/07/15 10:03:23;380883
Työttömyysturva;2020;viikko;1;Koko Suomi;kaikki;kaikki;10555;2021/07/15 10:03:23;10555
Työttömyysturva;2020;viikko;2;Koko Suomi;kaikki;kaikki;7954;2021/07/15 10:03:23;18509
Työttömyysturva;2020;viikko;3;Koko Suomi;kaikki;kaikki;8263;2021/07/15 10:03:23;26772
Työttömyysturva;2020;viikko;4;Koko Suomi;kaikki;kaikki;7376;2021/07/15 10:03:23;34148
Työttömyysturva;2020;viikko;5;Koko Suomi;kaikki;kaikki;8858;2021/07/15 10:03:23;43006
Työttömyysturva;2020;viikko;6;Koko Suomi;kaikki;kaikki;6853;2021/07/15 10:03:23;49859
Työttömyysturva;2020;viikko;7;Koko Suomi;kaikki;kaikki;5689;2021/07/15 10:03:23;55548
Työttömyysturva;2020;viikko;8;Koko Suomi;kaikki;kaikki;6783;2021/07/15 10:03:23;62331
Työttömyysturva;2020;viikko;9;Koko Suomi;kaikki;kaikki;7514;2021/07/15 10:03:23;69845
Työttömyysturva;2020;viikko;10;Koko Suomi;kaikki;kaikki;6371;2021/07/15 10:03:23;76216
Työttömyysturva;2020;viikko;11;Koko Suomi;kaikki;kaikki;6103;2021/07/15 10:03:23;82319
Työttömyysturva;2020;viikko;12;Koko Suomi;kaikki;kaikki;9234;2021/07/15 10:03:23;91553
Työttömyysturva;2020;viikko;13;Koko Suomi;kaikki;kaikki;16224;2021/07/15 10:03:23;107777
Työttömyysturva;2020;viikko;14;Koko Suomi;kaikki;kaikki;27318;2021/07/15 10:03:23;135095
Työttömyysturva;2020;viikko;15;Koko Suomi;kaikki;kaikki;21931;2021/07/15 10:03:23;157026
Työttömyysturva;2020;viikko;16;Koko Suomi;kaikki;kaikki;19039;2021/07/15 10:03:23;176065
Työttömyysturva;2020;viikko;17;Koko Suomi;kaikki;kaikki;14207;2021/07/15 10:03:23;190272
Työttömyysturva;2020;viikko;18;Koko Suomi;kaikki;kaikki;14949;2021/07/15 10:03:23;205221
Työttömyysturva;2020;viikko;19;Koko Suomi;kaikki;kaikki;11337;2021/07/15 10:03:23;216558
Työttömyysturva;2020;viikko;20;Koko Suomi;kaikki;kaikki;9532;2021/07/15 10:03:23;226090
Työttömyysturva;2020;viikko;21;Koko Suomi;kaikki;kaikki;7711;2021/07/15 10:03:23;233801
Työttömyysturva;2020;viikko;22;Koko Suomi;kaikki;kaikki;9490;2021/07/15 10:03:23;243291
Työttömyysturva;2020;viikko;23;Koko Suomi;kaikki;kaikki;13917;2021/07/15 10:03:23;257208
Työttömyysturva;2020;viikko;24;Koko Suomi;kaikki;kaikki;11246;2021/07/15 10:03:23;268454
Työttömyysturva;2020;viikko;25;Koko Suomi;kaikki;kaikki;9291;2021/07/15 10:03:23;277745
Työttömyysturva;2020;viikko;26;Koko Suomi;kaikki;kaikki;10608;2021/07/15 10:03:23;288353
Työttömyysturva;2020;viikko;27;Koko Suomi;kaikki;kaikki;11914;2021/07/15 10:03:23;300267
Työttömyysturva;2020;viikko;28;Koko Suomi;kaikki;kaikki;7529;2021/07/15 10:03:23;307796
Työttömyysturva;2020;viikko;29;Koko Suomi;kaikki;kaikki;7521;2021/07/15 10:03:23;315317
Työttömyysturva;2020;viikko;30;Koko Suomi;kaikki;kaikki;7980;2021/07/15 10:03:23;323297
Työttömyysturva;2020;viikko;31;Koko Suomi;kaikki;kaikki;7304;2021/07/15 10:03:23;330601
Työttömyysturva;2020;viikko;32;Koko Suomi;kaikki;kaikki;7709;2021/07/15 10:03:23;338310
Työttömyysturva;2020;viikko;33;Koko Suomi;kaikki;kaikki;8065;2021/07/15 10:03:23;346375
Työttömyysturva;2020;viikko;34;Koko Suomi;kaikki;kaikki;7957;2021/07/15 10:03:23;354332
Työttömyysturva;2020;viikko;35;Koko Suomi;kaikki;kaikki;7243;2021/07/15 10:03:23;361575
Työttömyysturva;2020;viikko;36;Koko Suomi;kaikki;kaikki;9650;2021/07/15 10:03:23;371225
Työttömyysturva;2020;viikko;37;Koko Suomi;kaikki;kaikki;7238;2021/07/15 10:03:23;378463
Työttömyysturva;2020;viikko;38;Koko Suomi;kaikki;kaikki;7228;2021/07/15 10:03:23;385691
Työttömyysturva;2020;viikko;39;Koko Suomi;kaikki;kaikki;7136;2021/07/15 10:03:23;392827
Työttömyysturva;2020;viikko;40;Koko Suomi;kaikki;kaikki;9129;2021/07/15 10:03:23;401956
Työttömyysturva;2020;viikko;41;Koko Suomi;kaikki;kaikki;6738;2021/07/15 10:03:23;408694
Työttömyysturva;2020;viikko;42;Koko Suomi;kaikki;kaikki;6598;2021/07/15 10:03:23;415292
Työttömyysturva;2020;viikko;43;Koko Suomi;kaikki;kaikki;6825;2021/07/15 10:03:23;422117
Työttömyysturva;2020;viikko;44;Koko Suomi;kaikki;kaikki;8238;2021/07/15 10:03:23;430355
Työttömyysturva;2020;viikko;45;Koko Suomi;kaikki;kaikki;7594;2021/07/15 10:03:23;437949
Työttömyysturva;2020;viikko;46;Koko Suomi;kaikki;kaikki;6634;2021/07/15 10:03:23;444583
Työttömyysturva;2020;viikko;47;Koko Suomi;kaikki;kaikki;6204;2021/07/15 10:03:23;450787
Työttömyysturva;2020;viikko;48;Koko Suomi;kaikki;kaikki;6087;2021/07/15 10:03:23;456874
Työttömyysturva;2020;viikko;49;Koko Suomi;kaikki;kaikki;8265;2021/07/15 10:03:23;465139
Työttömyysturva;2020;viikko;50;Koko Suomi;kaikki;kaikki;6941;2021/07/15 10:03:23;472080
Työttömyysturva;2020;viikko;51;Koko Suomi;kaikki;kaikki;7153;2021/07/15 10:03:23;479233
Työttömyysturva;2020;viikko;52;Koko Suomi;kaikki;kaikki;7427;2021/07/15 10:03:23;486660
Työttömyysturva;2020;viikko;53;Koko Suomi;kaikki;kaikki;7919;2021/07/15 10:03:23;494579
Työttömyysturva;2021;viikko;1;Koko Suomi;kaikki;kaikki;8041;2021/07/15 10:03:23;8041
Työttömyysturva;2021;viikko;2;Koko Suomi;kaikki;kaikki;8551;2021/07/15 10:03:23;16592
Työttömyysturva;2021;viikko;3;Koko Suomi;kaikki;kaikki;7988;2021/07/15 10:03:23;24580
Työttömyysturva;2021;viikko;4;Koko Suomi;kaikki;kaikki;7245;2021/07/15 10:03:23;31825
Työttömyysturva;2021;viikko;5;Koko Suomi;kaikki;kaikki;7175;2021/07/15 10:03:23;39000
Työttömyysturva;2021;viikko;6;Koko Suomi;kaikki;kaikki;7169;2021/07/15 10:03:23;46169
Työttömyysturva;2021;viikko;7;Koko Suomi;kaikki;kaikki;6810;2021/07/15 10:03:23;52979
Työttömyysturva;2021;viikko;8;Koko Suomi;kaikki;kaikki;6282;2021/07/15 10:03:23;59261
Työttömyysturva;2021;viikko;9;Koko Suomi;kaikki;kaikki;6536;2021/07/15 10:03:23;65797
Työttömyysturva;2021;viikko;10;Koko Suomi;kaikki;kaikki;6319;2021/07/15 10:03:23;72116
Työttömyysturva;2021;viikko;11;Koko Suomi;kaikki;kaikki;7214;2021/07/15 10:03:23;79330
Työttömyysturva;2021;viikko;12;Koko Suomi;kaikki;kaikki;6002;2021/07/15 10:03:23;85332
Työttömyysturva;2021;viikko;13;Koko Suomi;kaikki;kaikki;8555;2021/07/15 10:03:23;93887
Työttömyysturva;2021;viikko;14;Koko Suomi;kaikki;kaikki;5551;2021/07/15 10:03:23;99438
Työttömyysturva;2021;viikko;15;Koko Suomi;kaikki;kaikki;5198;2021/07/15 10:03:23;104636
Työttömyysturva;2021;viikko;16;Koko Suomi;kaikki;kaikki;5595;2021/07/15 10:03:23;110231
Työttömyysturva;2021;viikko;17;Koko Suomi;kaikki;kaikki;4936;2021/07/15 10:03:23;115167
Työttömyysturva;2021;viikko;18;Koko Suomi;kaikki;kaikki;5895;2021/07/15 10:03:23;121062
Työttömyysturva;2021;viikko;19;Koko Suomi;kaikki;kaikki;5563;2021/07/15 10:03:23;126625
Työttömyysturva;2021;viikko;20;Koko Suomi;kaikki;kaikki;5713;2021/07/15 10:03:23;132338
Työttömyysturva;2021;viikko;21;Koko Suomi;kaikki;kaikki;5494;2021/07/15 10:03:23;137832
Työttömyysturva;2021;viikko;22;Koko Suomi;kaikki;kaikki;8396;2021/07/15 10:03:23;146228
Työttömyysturva;2021;viikko;23;Koko Suomi;kaikki;kaikki;7541;2021/07/15 10:03:23;153769
Työttömyysturva;2021;viikko;24;Koko Suomi;kaikki;kaikki;7239;2021/07/15 10:03:23;161008
Työttömyysturva;2021;viikko;25;Koko Suomi;kaikki;kaikki;6494;2021/07/15 10:03:23;167502
Työttömyysturva;2021;viikko;26;Koko Suomi;kaikki;kaikki;6654;2021/07/15 10:03:23;174156
Työttömyysturva;2021;viikko;27;Koko Suomi;kaikki;kaikki;5640;2021/07/15 10:03:23;179796
Yrittäjien työmarkkinatuki;2020;viikko;16;Koko Suomi;kaikki;kaikki;8785;2021/07/15 10:03:23;8785
Yrittäjien työmarkkinatuki;2020;viikko;17;Koko Suomi;kaikki;kaikki;7812;2021/07/15 10:03:23;16597
Yrittäjien työmarkkinatuki;2020;viikko;18;Koko Suomi;kaikki;kaikki;4253;2021/07/15 10:03:23;20850
Yrittäjien työmarkkinatuki;2020;viikko;19;Koko Suomi;kaikki;kaikki;3610;2021/07/15 10:03:23;24460
Yrittäjien työmarkkinatuki;2020;viikko;20;Koko Suomi;kaikki;kaikki;2857;2021/07/15 10:03:23;27317
Yrittäjien työmarkkinatuki;2020;viikko;21;Koko Suomi;kaikki;kaikki;1711;2021/07/15 10:03:23;29028
Yrittäjien työmarkkinatuki;2020;viikko;22;Koko Suomi;kaikki;kaikki;1380;2021/07/15 10:03:23;30408
Yrittäjien työmarkkinatuki;2020;viikko;23;Koko Suomi;kaikki;kaikki;1057;2021/07/15 10:03:23;31465
Yrittäjien työmarkkinatuki;2020;viikko;24;Koko Suomi;kaikki;kaikki;643;2021/07/15 10:03:23;32108
Yrittäjien työmarkkinatuki;2020;viikko;25;Koko Suomi;kaikki;kaikki;416;2021/07/15 10:03:23;32524
Yrittäjien työmarkkinatuki;2020;viikko;26;Koko Suomi;kaikki;kaikki;421;2021/07/15 10:03:23;32945
Yrittäjien työmarkkinatuki;2020;viikko;27;Koko Suomi;kaikki;kaikki;629;2021/07/15 10:03:23;33574
Yrittäjien työmarkkinatuki;2020;viikko;28;Koko Suomi;kaikki;kaikki;433;2021/07/15 10:03:23;34007
Yrittäjien työmarkkinatuki;2020;viikko;29;Koko Suomi;kaikki;kaikki;336;2021/07/15 10:03:23;34343
Yrittäjien työmarkkinatuki;2020;viikko;30;Koko Suomi;kaikki;kaikki;317;2021/07/15 10:03:23;34660
Yrittäjien työmarkkinatuki;2020;viikko;31;Koko Suomi;kaikki;kaikki;307;2021/07/15 10:03:23;34967
Yrittäjien työmarkkinatuki;2020;viikko;32;Koko Suomi;kaikki;kaikki;306;2021/07/15 10:03:23;35273
Yrittäjien työmarkkinatuki;2020;viikko;33;Koko Suomi;kaikki;kaikki;319;2021/07/15 10:03:23;35592
Yrittäjien työmarkkinatuki;2020;viikko;34;Koko Suomi;kaikki;kaikki;302;2021/07/15 10:03:23;35894
Yrittäjien työmarkkinatuki;2020;viikko;35;Koko Suomi;kaikki;kaikki;299;2021/07/15 10:03:23;36193
Yrittäjien työmarkkinatuki;2020;viikko;36;Koko Suomi;kaikki;kaikki;331;2021/07/15 10:03:23;36524
Yrittäjien työmarkkinatuki;2020;viikko;37;Koko Suomi;kaikki;kaikki;272;2021/07/15 10:03:23;36796
Yrittäjien työmarkkinatuki;2020;viikko;38;Koko Suomi;kaikki;kaikki;289;2021/07/15 10:03:23;37085
Yrittäjien työmarkkinatuki;2020;viikko;39;Koko Suomi;kaikki;kaikki;242;2021/07/15 10:03:23;37327
Yrittäjien työmarkkinatuki;2020;viikko;40;Koko Suomi;kaikki;kaikki;292;2021/07/15 10:03:23;37619
Yrittäjien työmarkkinatuki;2020;viikko;41;Koko Suomi;kaikki;kaikki;339;2021/07/15 10:03:23;37958
Yrittäjien työmarkkinatuki;2020;viikko;42;Koko Suomi;kaikki;kaikki;342;2021/07/15 10:03:23;38300
Yrittäjien työmarkkinatuki;2020;viikko;43;Koko Suomi;kaikki;kaikki;305;2021/07/15 10:03:23;38605
Yrittäjien työmarkkinatuki;2020;viikko;44;Koko Suomi;kaikki;kaikki;356;2021/07/15 10:03:23;38961
Yrittäjien työmarkkinatuki;2020;viikko;45;Koko Suomi;kaikki;kaikki;339;2021/07/15 10:03:23;39300
Yrittäjien työmarkkinatuki;2020;viikko;46;Koko Suomi;kaikki;kaikki;319;2021/07/15 10:03:23;39619
Yrittäjien työmarkkinatuki;2020;viikko;47;Koko Suomi;kaikki;kaikki;317;2021/07/15 10:03:23;39936
Yrittäjien työmarkkinatuki;2020;viikko;48;Koko Suomi;kaikki;kaikki;351;2021/07/15 10:03:23;40287
Yrittäjien työmarkkinatuki;2020;viikko;49;Koko Suomi;kaikki;kaikki;516;2021/07/15 10:03:23;40803
Yrittäjien työmarkkinatuki;2020;viikko;50;Koko Suomi;kaikki;kaikki;452;2021/07/15 10:03:23;41255
Yrittäjien työmarkkinatuki;2020;viikko;51;Koko Suomi;kaikki;kaikki;415;2021/07/15 10:03:23;41670
Yrittäjien työmarkkinatuki;2020;viikko;52;Koko Suomi;kaikki;kaikki;242;2021/07/15 10:03:23;41912
Yrittäjien työmarkkinatuki;2020;viikko;53;Koko Suomi;kaikki;kaikki;414;2021/07/15 10:03:23;42326
Yrittäjien työmarkkinatuki;2021;viikko;1;Koko Suomi;kaikki;kaikki;515;2021/07/15 10:03:23;515
Yrittäjien työmarkkinatuki;2021;viikko;2;Koko Suomi;kaikki;kaikki;520;2021/07/15 10:03:23;1035
Yrittäjien työmarkkinatuki;2021;viikko;3;Koko Suomi;kaikki;kaikki;495;2021/07/15 10:03:23;1530
Yrittäjien työmarkkinatuki;2021;viikko;4;Koko Suomi;kaikki;kaikki;540;2021/07/15 10:03:23;2070
Yrittäjien työmarkkinatuki;2021;viikko;5;Koko Suomi;kaikki;kaikki;640;2021/07/15 10:03:23;2710
Yrittäjien työmarkkinatuki;2021;viikko;6;Koko Suomi;kaikki;kaikki;436;2021/07/15 10:03:23;3146
Yrittäjien työmarkkinatuki;2021;viikko;7;Koko Suomi;kaikki;kaikki;438;2021/07/15 10:03:23;3584
Yrittäjien työmarkkinatuki;2021;viikko;8;Koko Suomi;kaikki;kaikki;479;2021/07/15 10:03:23;4063
Yrittäjien työmarkkinatuki;2021;viikko;9;Koko Suomi;kaikki;kaikki;632;2021/07/15 10:03:23;4695
Yrittäjien työmarkkinatuki;2021;viikko;10;Koko Suomi;kaikki;kaikki;681;2021/07/15 10:03:23;5376
Yrittäjien työmarkkinatuki;2021;viikko;11;Koko Suomi;kaikki;kaikki;652;2021/07/15 10:03:23;6028
Yrittäjien työmarkkinatuki;2021;viikko;12;Koko Suomi;kaikki;kaikki;713;2021/07/15 10:03:23;6741
Yrittäjien työmarkkinatuki;2021;viikko;13;Koko Suomi;kaikki;kaikki;624;2021/07/15 10:03:23;7365
Yrittäjien työmarkkinatuki;2021;viikko;14;Koko Suomi;kaikki;kaikki;553;2021/07/15 10:03:23;7918
Yrittäjien työmarkkinatuki;2021;viikko;15;Koko Suomi;kaikki;kaikki;465;2021/07/15 10:03:23;8383
Yrittäjien työmarkkinatuki;2021;viikko;16;Koko Suomi;kaikki;kaikki;383;2021/07/15 10:03:23;8766
Yrittäjien työmarkkinatuki;2021;viikko;17;Koko Suomi;kaikki;kaikki;365;2021/07/15 10:03:23;9131
Yrittäjien työmarkkinatuki;2021;viikko;18;Koko Suomi;kaikki;kaikki;394;2021/07/15 10:03:23;9525
Yrittäjien työmarkkinatuki;2021;viikko;19;Koko Suomi;kaikki;kaikki;239;2021/07/15 10:03:23;9764
Yrittäjien työmarkkinatuki;2021;viikko;20;Koko Suomi;kaikki;kaikki;224;2021/07/15 10:03:23;9988
Yrittäjien työmarkkinatuki;2021;viikko;21;Koko Suomi;kaikki;kaikki;226;2021/07/15 10:03:23;10214
Yrittäjien työmarkkinatuki;2021;viikko;22;Koko Suomi;kaikki;kaikki;241;2021/07/15 10:03:23;10455
Yrittäjien työmarkkinatuki;2021;viikko;23;Koko Suomi;kaikki;kaikki;218;2021/07/15 10:03:23;10673
Yrittäjien työmarkkinatuki;2021;viikko;24;Koko Suomi;kaikki;kaikki;210;2021/07/15 10:03:23;10883
Yrittäjien työmarkkinatuki;2021;viikko;25;Koko Suomi;kaikki;kaikki;183;2021/07/15 10:03:23;11066
Yrittäjien työmarkkinatuki;2021;viikko;26;Koko Suomi;kaikki;kaikki;251;2021/07/15 10:03:23;11317
Yrittäjien työmarkkinatuki;2021;viikko;27;Koko Suomi;kaikki;kaikki;194;2021/07/15 10:03:23;11511
Yleinen asumistuki;2019;viikko;1;Koko Suomi;kaikki;kaikki;12785;2021/07/15 10:03:23;12785
Yleinen asumistuki;2019;viikko;2;Koko Suomi;kaikki;kaikki;14586;2021/07/15 10:03:23;27371
Yleinen asumistuki;2019;viikko;3;Koko Suomi;kaikki;kaikki;12871;2021/07/15 10:03:23;40242
Yleinen asumistuki;2019;viikko;4;Koko Suomi;kaikki;kaikki;9284;2021/07/15 10:03:23;49526
Yleinen asumistuki;2019;viikko;5;Koko Suomi;kaikki;kaikki;10884;2021/07/15 10:03:23;60410
Yleinen asumistuki;2019;viikko;6;Koko Suomi;kaikki;kaikki;13947;2021/07/15 10:03:23;74357
Yleinen asumistuki;2019;viikko;7;Koko Suomi;kaikki;kaikki;13138;2021/07/15 10:03:23;87495
Yleinen asumistuki;2019;viikko;8;Koko Suomi;kaikki;kaikki;8916;2021/07/15 10:03:23;96411
Yleinen asumistuki;2019;viikko;9;Koko Suomi;kaikki;kaikki;10101;2021/07/15 10:03:23;106512
Yleinen asumistuki;2019;viikko;10;Koko Suomi;kaikki;kaikki;13007;2021/07/15 10:03:23;119519
Yleinen asumistuki;2019;viikko;11;Koko Suomi;kaikki;kaikki;12498;2021/07/15 10:03:23;132017
Yleinen asumistuki;2019;viikko;12;Koko Suomi;kaikki;kaikki;8548;2021/07/15 10:03:23;140565
Yleinen asumistuki;2019;viikko;13;Koko Suomi;kaikki;kaikki;9193;2021/07/15 10:03:23;149758
Yleinen asumistuki;2019;viikko;14;Koko Suomi;kaikki;kaikki;12844;2021/07/15 10:03:23;162602
Yleinen asumistuki;2019;viikko;15;Koko Suomi;kaikki;kaikki;11385;2021/07/15 10:03:23;173987
Yleinen asumistuki;2019;viikko;16;Koko Suomi;kaikki;kaikki;7619;2021/07/15 10:03:23;181606
Yleinen asumistuki;2019;viikko;17;Koko Suomi;kaikki;kaikki;7865;2021/07/15 10:03:23;189471
Yleinen asumistuki;2019;viikko;18;Koko Suomi;kaikki;kaikki;9276;2021/07/15 10:03:23;198747
Yleinen asumistuki;2019;viikko;19;Koko Suomi;kaikki;kaikki;15127;2021/07/15 10:03:23;213874
Yleinen asumistuki;2019;viikko;20;Koko Suomi;kaikki;kaikki;13819;2021/07/15 10:03:23;227693
Yleinen asumistuki;2019;viikko;21;Koko Suomi;kaikki;kaikki;9900;2021/07/15 10:03:23;237593
Yleinen asumistuki;2019;viikko;22;Koko Suomi;kaikki;kaikki;10666;2021/07/15 10:03:23;248259
Yleinen asumistuki;2019;viikko;23;Koko Suomi;kaikki;kaikki;14965;2021/07/15 10:03:23;263224
Yleinen asumistuki;2019;viikko;24;Koko Suomi;kaikki;kaikki;15034;2021/07/15 10:03:23;278258
Yleinen asumistuki;2019;viikko;25;Koko Suomi;kaikki;kaikki;8109;2021/07/15 10:03:23;286367
Yleinen asumistuki;2019;viikko;26;Koko Suomi;kaikki;kaikki;11533;2021/07/15 10:03:23;297900
Yleinen asumistuki;2019;viikko;27;Koko Suomi;kaikki;kaikki;18613;2021/07/15 10:03:23;316513
Yleinen asumistuki;2019;viikko;28;Koko Suomi;kaikki;kaikki;19097;2021/07/15 10:03:23;335610
Yleinen asumistuki;2019;viikko;29;Koko Suomi;kaikki;kaikki;13659;2021/07/15 10:03:23;349269
Yleinen asumistuki;2019;viikko;30;Koko Suomi;kaikki;kaikki;10393;2021/07/15 10:03:23;359662
Yleinen asumistuki;2019;viikko;31;Koko Suomi;kaikki;kaikki;15979;2021/07/15 10:03:23;375641
Yleinen asumistuki;2019;viikko;32;Koko Suomi;kaikki;kaikki;21243;2021/07/15 10:03:23;396884
Yleinen asumistuki;2019;viikko;33;Koko Suomi;kaikki;kaikki;21900;2021/07/15 10:03:23;418784
Yleinen asumistuki;2019;viikko;34;Koko Suomi;kaikki;kaikki;13204;2021/07/15 10:03:23;431988
Yleinen asumistuki;2019;viikko;35;Koko Suomi;kaikki;kaikki;15046;2021/07/15 10:03:23;447034
Yleinen asumistuki;2019;viikko;36;Koko Suomi;kaikki;kaikki;18164;2021/07/15 10:03:23;465198
Yleinen asumistuki;2019;viikko;37;Koko Suomi;kaikki;kaikki;16282;2021/07/15 10:03:23;481480
Yleinen asumistuki;2019;viikko;38;Koko Suomi;kaikki;kaikki;10336;2021/07/15 10:03:23;491816
Yleinen asumistuki;2019;viikko;39;Koko Suomi;kaikki;kaikki;10689;2021/07/15 10:03:23;502505
Yleinen asumistuki;2019;viikko;40;Koko Suomi;kaikki;kaikki;15249;2021/07/15 10:03:23;517754
Yleinen asumistuki;2019;viikko;41;Koko Suomi;kaikki;kaikki;12481;2021/07/15 10:03:23;530235
Yleinen asumistuki;2019;viikko;42;Koko Suomi;kaikki;kaikki;10987;2021/07/15 10:03:23;541222
Yleinen asumistuki;2019;viikko;43;Koko Suomi;kaikki;kaikki;8867;2021/07/15 10:03:23;550089
Yleinen asumistuki;2019;viikko;44;Koko Suomi;kaikki;kaikki;10502;2021/07/15 10:03:23;560591
Yleinen asumistuki;2019;viikko;45;Koko Suomi;kaikki;kaikki;11955;2021/07/15 10:03:23;572546
Yleinen asumistuki;2019;viikko;46;Koko Suomi;kaikki;kaikki;13749;2021/07/15 10:03:23;586295
Yleinen asumistuki;2019;viikko;47;Koko Suomi;kaikki;kaikki;8407;2021/07/15 10:03:23;594702
Yleinen asumistuki;2019;viikko;48;Koko Suomi;kaikki;kaikki;9441;2021/07/15 10:03:23;604143
Yleinen asumistuki;2019;viikko;49;Koko Suomi;kaikki;kaikki;12766;2021/07/15 10:03:23;616909
Yleinen asumistuki;2019;viikko;50;Koko Suomi;kaikki;kaikki;16061;2021/07/15 10:03:23;632970
Yleinen asumistuki;2019;viikko;51;Koko Suomi;kaikki;kaikki;10400;2021/07/15 10:03:23;643370
Yleinen asumistuki;2019;viikko;52;Koko Suomi;kaikki;kaikki;5883;2021/07/15 10:03:23;649253
Yleinen asumistuki;2020;viikko;1;Koko Suomi;kaikki;kaikki;12792;2021/07/15 10:03:23;12792
Yleinen asumistuki;2020;viikko;2;Koko Suomi;kaikki;kaikki;16019;2021/07/15 10:03:23;28811
Yleinen asumistuki;2020;viikko;3;Koko Suomi;kaikki;kaikki;14846;2021/07/15 10:03:23;43657
Yleinen asumistuki;2020;viikko;4;Koko Suomi;kaikki;kaikki;9825;2021/07/15 10:03:23;53482
Yleinen asumistuki;2020;viikko;5;Koko Suomi;kaikki;kaikki;11509;2021/07/15 10:03:23;64991
Yleinen asumistuki;2020;viikko;6;Koko Suomi;kaikki;kaikki;14706;2021/07/15 10:03:23;79697
Yleinen asumistuki;2020;viikko;7;Koko Suomi;kaikki;kaikki;12944;2021/07/15 10:03:23;92641
Yleinen asumistuki;2020;viikko;8;Koko Suomi;kaikki;kaikki;9521;2021/07/15 10:03:23;102162
Yleinen asumistuki;2020;viikko;9;Koko Suomi;kaikki;kaikki;10345;2021/07/15 10:03:23;112507
Yleinen asumistuki;2020;viikko;10;Koko Suomi;kaikki;kaikki;13398;2021/07/15 10:03:23;125905
Yleinen asumistuki;2020;viikko;11;Koko Suomi;kaikki;kaikki;12586;2021/07/15 10:03:23;138491
Yleinen asumistuki;2020;viikko;12;Koko Suomi;kaikki;kaikki;11261;2021/07/15 10:03:23;149752
Yleinen asumistuki;2020;viikko;13;Koko Suomi;kaikki;kaikki;13581;2021/07/15 10:03:23;163333
Yleinen asumistuki;2020;viikko;14;Koko Suomi;kaikki;kaikki;20494;2021/07/15 10:03:23;183827
Yleinen asumistuki;2020;viikko;15;Koko Suomi;kaikki;kaikki;13067;2021/07/15 10:03:23;196894
Yleinen asumistuki;2020;viikko;16;Koko Suomi;kaikki;kaikki;14415;2021/07/15 10:03:23;211309
Yleinen asumistuki;2020;viikko;17;Koko Suomi;kaikki;kaikki;11966;2021/07/15 10:03:23;223275
Yleinen asumistuki;2020;viikko;18;Koko Suomi;kaikki;kaikki;14913;2021/07/15 10:03:23;238188
Yleinen asumistuki;2020;viikko;19;Koko Suomi;kaikki;kaikki;16152;2021/07/15 10:03:23;254340
Yleinen asumistuki;2020;viikko;20;Koko Suomi;kaikki;kaikki;15517;2021/07/15 10:03:23;269857
Yleinen asumistuki;2020;viikko;21;Koko Suomi;kaikki;kaikki;10147;2021/07/15 10:03:23;280004
Yleinen asumistuki;2020;viikko;22;Koko Suomi;kaikki;kaikki;14300;2021/07/15 10:03:23;294304
Yleinen asumistuki;2020;viikko;23;Koko Suomi;kaikki;kaikki;17177;2021/07/15 10:03:23;311481
Yleinen asumistuki;2020;viikko;24;Koko Suomi;kaikki;kaikki;14640;2021/07/15 10:03:23;326121
Yleinen asumistuki;2020;viikko;25;Koko Suomi;kaikki;kaikki;9947;2021/07/15 10:03:23;336068
Yleinen asumistuki;2020;viikko;26;Koko Suomi;kaikki;kaikki;10834;2021/07/15 10:03:23;346902
Yleinen asumistuki;2020;viikko;27;Koko Suomi;kaikki;kaikki;19199;2021/07/15 10:03:23;366101
Yleinen asumistuki;2020;viikko;28;Koko Suomi;kaikki;kaikki;16527;2021/07/15 10:03:23;382628
Yleinen asumistuki;2020;viikko;29;Koko Suomi;kaikki;kaikki;17059;2021/07/15 10:03:23;399687
Yleinen asumistuki;2020;viikko;30;Koko Suomi;kaikki;kaikki;12642;2021/07/15 10:03:23;412329
Yleinen asumistuki;2020;viikko;31;Koko Suomi;kaikki;kaikki;15967;2021/07/15 10:03:23;428296
Yleinen asumistuki;2020;viikko;32;Koko Suomi;kaikki;kaikki;22078;2021/07/15 10:03:23;450374
Yleinen asumistuki;2020;viikko;33;Koko Suomi;kaikki;kaikki;21504;2021/07/15 10:03:23;471878
Yleinen asumistuki;2020;viikko;34;Koko Suomi;kaikki;kaikki;14343;2021/07/15 10:03:23;486221
Yleinen asumistuki;2020;viikko;35;Koko Suomi;kaikki;kaikki;14948;2021/07/15 10:03:23;501169
Yleinen asumistuki;2020;viikko;36;Koko Suomi;kaikki;kaikki;22090;2021/07/15 10:03:23;523259
Yleinen asumistuki;2020;viikko;37;Koko Suomi;kaikki;kaikki;14677;2021/07/15 10:03:23;537936
Yleinen asumistuki;2020;viikko;38;Koko Suomi;kaikki;kaikki;12806;2021/07/15 10:03:23;550742
Yleinen asumistuki;2020;viikko;39;Koko Suomi;kaikki;kaikki;10543;2021/07/15 10:03:23;561285
Yleinen asumistuki;2020;viikko;40;Koko Suomi;kaikki;kaikki;16756;2021/07/15 10:03:23;578041
Yleinen asumistuki;2020;viikko;41;Koko Suomi;kaikki;kaikki;13596;2021/07/15 10:03:23;591637
Yleinen asumistuki;2020;viikko;42;Koko Suomi;kaikki;kaikki;12427;2021/07/15 10:03:23;604064
Yleinen asumistuki;2020;viikko;43;Koko Suomi;kaikki;kaikki;9678;2021/07/15 10:03:23;613742
Yleinen asumistuki;2020;viikko;44;Koko Suomi;kaikki;kaikki;11550;2021/07/15 10:03:23;625292
Yleinen asumistuki;2020;viikko;45;Koko Suomi;kaikki;kaikki;14722;2021/07/15 10:03:23;640014
Yleinen asumistuki;2020;viikko;46;Koko Suomi;kaikki;kaikki;13010;2021/07/15 10:03:23;653024
Yleinen asumistuki;2020;viikko;47;Koko Suomi;kaikki;kaikki;9016;2021/07/15 10:03:23;662040
Yleinen asumistuki;2020;viikko;48;Koko Suomi;kaikki;kaikki;10150;2021/07/15 10:03:23;672190
Yleinen asumistuki;2020;viikko;49;Koko Suomi;kaikki;kaikki;16810;2021/07/15 10:03:23;689000
Yleinen asumistuki;2020;viikko;50;Koko Suomi;kaikki;kaikki;12857;2021/07/15 10:03:23;701857
Yleinen asumistuki;2020;viikko;51;Koko Suomi;kaikki;kaikki;12693;2021/07/15 10:03:23;714550
Yleinen asumistuki;2020;viikko;52;Koko Suomi;kaikki;kaikki;6662;2021/07/15 10:03:23;721212
Yleinen asumistuki;2020;viikko;53;Koko Suomi;kaikki;kaikki;13501;2021/07/15 10:03:23;734713
Yleinen asumistuki;2021;viikko;1;Koko Suomi;kaikki;kaikki;16542;2021/07/15 10:03:23;16542
Yleinen asumistuki;2021;viikko;2;Koko Suomi;kaikki;kaikki;15199;2021/07/15 10:03:23;31741
Yleinen asumistuki;2021;viikko;3;Koko Suomi;kaikki;kaikki;11070;2021/07/15 10:03:23;42811
Yleinen asumistuki;2021;viikko;4;Koko Suomi;kaikki;kaikki;11959;2021/07/15 10:03:23;54770
Yleinen asumistuki;2021;viikko;5;Koko Suomi;kaikki;kaikki;16378;2021/07/15 10:03:23;71148
Yleinen asumistuki;2021;viikko;6;Koko Suomi;kaikki;kaikki;13321;2021/07/15 10:03:23;84469
Yleinen asumistuki;2021;viikko;7;Koko Suomi;kaikki;kaikki;10755;2021/07/15 10:03:23;95224
Yleinen asumistuki;2021;viikko;8;Koko Suomi;kaikki;kaikki;11097;2021/07/15 10:03:23;106321
Yleinen asumistuki;2021;viikko;9;Koko Suomi;kaikki;kaikki;15553;2021/07/15 10:03:23;121874
Yleinen asumistuki;2021;viikko;10;Koko Suomi;kaikki;kaikki;13073;2021/07/15 10:03:23;134947
Yleinen asumistuki;2021;viikko;11;Koko Suomi;kaikki;kaikki;10798;2021/07/15 10:03:23;145745
Yleinen asumistuki;2021;viikko;12;Koko Suomi;kaikki;kaikki;9764;2021/07/15 10:03:23;155509
Yleinen asumistuki;2021;viikko;13;Koko Suomi;kaikki;kaikki;12737;2021/07/15 10:03:23;168246
Yleinen asumistuki;2021;viikko;14;Koko Suomi;kaikki;kaikki;12484;2021/07/15 10:03:23;180730
Yleinen asumistuki;2021;viikko;15;Koko Suomi;kaikki;kaikki;12457;2021/07/15 10:03:23;193187
Yleinen asumistuki;2021;viikko;16;Koko Suomi;kaikki;kaikki;9421;2021/07/15 10:03:23;202608
Yleinen asumistuki;2021;viikko;17;Koko Suomi;kaikki;kaikki;10650;2021/07/15 10:03:23;213258
Yleinen asumistuki;2021;viikko;18;Koko Suomi;kaikki;kaikki;16642;2021/07/15 10:03:23;229900
Yleinen asumistuki;2021;viikko;19;Koko Suomi;kaikki;kaikki;13042;2021/07/15 10:03:23;242942
Yleinen asumistuki;2021;viikko;20;Koko Suomi;kaikki;kaikki;11017;2021/07/15 10:03:23;253959
Yleinen asumistuki;2021;viikko;21;Koko Suomi;kaikki;kaikki;12311;2021/07/15 10:03:23;266270
Yleinen asumistuki;2021;viikko;22;Koko Suomi;kaikki;kaikki;16953;2021/07/15 10:03:23;283223
Yleinen asumistuki;2021;viikko;23;Koko Suomi;kaikki;kaikki;13234;2021/07/15 10:03:23;296457
Yleinen asumistuki;2021;viikko;24;Koko Suomi;kaikki;kaikki;12605;2021/07/15 10:03:23;309062
Yleinen asumistuki;2021;viikko;25;Koko Suomi;kaikki;kaikki;8743;2021/07/15 10:03:23;317805
Yleinen asumistuki;2021;viikko;26;Koko Suomi;kaikki;kaikki;17830;2021/07/15 10:03:23;335635
Yleinen asumistuki;2021;viikko;27;Koko Suomi;kaikki;kaikki;14881;2021/07/15 10:03:23;350516
Perustoimeentulotuki;2019;viikko;1;Koko Suomi;kaikki;kaikki;22020;2021/07/15 10:03:23;22020
Perustoimeentulotuki;2019;viikko;2;Koko Suomi;kaikki;kaikki;30698;2021/07/15 10:03:23;52718
Perustoimeentulotuki;2019;viikko;3;Koko Suomi;kaikki;kaikki;44241;2021/07/15 10:03:23;96959
Perustoimeentulotuki;2019;viikko;4;Koko Suomi;kaikki;kaikki;37734;2021/07/15 10:03:23;134693
Perustoimeentulotuki;2019;viikko;5;Koko Suomi;kaikki;kaikki;31779;2021/07/15 10:03:23;166472
Perustoimeentulotuki;2019;viikko;6;Koko Suomi;kaikki;kaikki;26143;2021/07/15 10:03:23;192615
Perustoimeentulotuki;2019;viikko;7;Koko Suomi;kaikki;kaikki;37734;2021/07/15 10:03:23;230349
Perustoimeentulotuki;2019;viikko;8;Koko Suomi;kaikki;kaikki;41882;2021/07/15 10:03:23;272231
Perustoimeentulotuki;2019;viikko;9;Koko Suomi;kaikki;kaikki;33629;2021/07/15 10:03:23;305860
Perustoimeentulotuki;2019;viikko;10;Koko Suomi;kaikki;kaikki;27280;2021/07/15 10:03:23;333140
Perustoimeentulotuki;2019;viikko;11;Koko Suomi;kaikki;kaikki;38389;2021/07/15 10:03:23;371529
Perustoimeentulotuki;2019;viikko;12;Koko Suomi;kaikki;kaikki;42676;2021/07/15 10:03:23;414205
Perustoimeentulotuki;2019;viikko;13;Koko Suomi;kaikki;kaikki;32014;2021/07/15 10:03:23;446219
Perustoimeentulotuki;2019;viikko;14;Koko Suomi;kaikki;kaikki;26940;2021/07/15 10:03:23;473159
Perustoimeentulotuki;2019;viikko;15;Koko Suomi;kaikki;kaikki;29451;2021/07/15 10:03:23;502610
Perustoimeentulotuki;2019;viikko;16;Koko Suomi;kaikki;kaikki;38189;2021/07/15 10:03:23;540799
Perustoimeentulotuki;2019;viikko;17;Koko Suomi;kaikki;kaikki;33872;2021/07/15 10:03:23;574671
Perustoimeentulotuki;2019;viikko;18;Koko Suomi;kaikki;kaikki;28284;2021/07/15 10:03:23;602955
Perustoimeentulotuki;2019;viikko;19;Koko Suomi;kaikki;kaikki;28227;2021/07/15 10:03:23;631182
Perustoimeentulotuki;2019;viikko;20;Koko Suomi;kaikki;kaikki;42532;2021/07/15 10:03:23;673714
Perustoimeentulotuki;2019;viikko;21;Koko Suomi;kaikki;kaikki;40341;2021/07/15 10:03:23;714055
Perustoimeentulotuki;2019;viikko;22;Koko Suomi;kaikki;kaikki;28009;2021/07/15 10:03:23;742064
Perustoimeentulotuki;2019;viikko;23;Koko Suomi;kaikki;kaikki;26466;2021/07/15 10:03:23;768530
Perustoimeentulotuki;2019;viikko;24;Koko Suomi;kaikki;kaikki;33068;2021/07/15 10:03:23;801598
Perustoimeentulotuki;2019;viikko;25;Koko Suomi;kaikki;kaikki;35947;2021/07/15 10:03:23;837545
Perustoimeentulotuki;2019;viikko;26;Koko Suomi;kaikki;kaikki;34061;2021/07/15 10:03:23;871606
Perustoimeentulotuki;2019;viikko;27;Koko Suomi;kaikki;kaikki;25397;2021/07/15 10:03:23;897003
Perustoimeentulotuki;2019;viikko;28;Koko Suomi;kaikki;kaikki;29235;2021/07/15 10:03:23;926238
Perustoimeentulotuki;2019;viikko;29;Koko Suomi;kaikki;kaikki;39438;2021/07/15 10:03:23;965676
Perustoimeentulotuki;2019;viikko;30;Koko Suomi;kaikki;kaikki;30456;2021/07/15 10:03:23;996132
Perustoimeentulotuki;2019;viikko;31;Koko Suomi;kaikki;kaikki;27726;2021/07/15 10:03:23;1023858
Perustoimeentulotuki;2019;viikko;32;Koko Suomi;kaikki;kaikki;24294;2021/07/15 10:03:23;1048152
Perustoimeentulotuki;2019;viikko;33;Koko Suomi;kaikki;kaikki;35501;2021/07/15 10:03:23;1083653
Perustoimeentulotuki;2019;viikko;34;Koko Suomi;kaikki;kaikki;37193;2021/07/15 10:03:23;1120846
Perustoimeentulotuki;2019;viikko;35;Koko Suomi;kaikki;kaikki;30056;2021/07/15 10:03:23;1150902
Perustoimeentulotuki;2019;viikko;36;Koko Suomi;kaikki;kaikki;24214;2021/07/15 10:03:23;1175116
Perustoimeentulotuki;2019;viikko;37;Koko Suomi;kaikki;kaikki;29413;2021/07/15 10:03:23;1204529
Perustoimeentulotuki;2019;viikko;38;Koko Suomi;kaikki;kaikki;39463;2021/07/15 10:03:23;1243992
Perustoimeentulotuki;2019;viikko;39;Koko Suomi;kaikki;kaikki;31533;2021/07/15 10:03:23;1275525
Perustoimeentulotuki;2019;viikko;40;Koko Suomi;kaikki;kaikki;27037;2021/07/15 10:03:23;1302562
Perustoimeentulotuki;2019;viikko;41;Koko Suomi;kaikki;kaikki;24526;2021/07/15 10:03:23;1327088
Perustoimeentulotuki;2019;viikko;42;Koko Suomi;kaikki;kaikki;35756;2021/07/15 10:03:23;1362844
Perustoimeentulotuki;2019;viikko;43;Koko Suomi;kaikki;kaikki;32649;2021/07/15 10:03:23;1395493
Perustoimeentulotuki;2019;viikko;44;Koko Suomi;kaikki;kaikki;27655;2021/07/15 10:03:23;1423148
Perustoimeentulotuki;2019;viikko;45;Koko Suomi;kaikki;kaikki;23054;2021/07/15 10:03:23;1446202
Perustoimeentulotuki;2019;viikko;46;Koko Suomi;kaikki;kaikki;30344;2021/07/15 10:03:23;1476546
Perustoimeentulotuki;2019;viikko;47;Koko Suomi;kaikki;kaikki;34365;2021/07/15 10:03:23;1510911
Perustoimeentulotuki;2019;viikko;48;Koko Suomi;kaikki;kaikki;26572;2021/07/15 10:03:23;1537483
Perustoimeentulotuki;2019;viikko;49;Koko Suomi;kaikki;kaikki;25130;2021/07/15 10:03:23;1562613
Perustoimeentulotuki;2019;viikko;50;Koko Suomi;kaikki;kaikki;36319;2021/07/15 10:03:23;1598932
Perustoimeentulotuki;2019;viikko;51;Koko Suomi;kaikki;kaikki;41158;2021/07/15 10:03:23;1640090
Perustoimeentulotuki;2019;viikko;52;Koko Suomi;kaikki;kaikki;16918;2021/07/15 10:03:23;1657008
Perustoimeentulotuki;2020;viikko;1;Koko Suomi;kaikki;kaikki;23088;2021/07/15 10:03:23;23088
Perustoimeentulotuki;2020;viikko;2;Koko Suomi;kaikki;kaikki;26501;2021/07/15 10:03:23;49589
Perustoimeentulotuki;2020;viikko;3;Koko Suomi;kaikki;kaikki;38989;2021/07/15 10:03:23;88578
Perustoimeentulotuki;2020;viikko;4;Koko Suomi;kaikki;kaikki;34916;2021/07/15 10:03:23;123494
Perustoimeentulotuki;2020;viikko;5;Koko Suomi;kaikki;kaikki;28814;2021/07/15 10:03:23;152308
Perustoimeentulotuki;2020;viikko;6;Koko Suomi;kaikki;kaikki;24459;2021/07/15 10:03:23;176767
Perustoimeentulotuki;2020;viikko;7;Koko Suomi;kaikki;kaikki;28008;2021/07/15 10:03:23;204775
Perustoimeentulotuki;2020;viikko;8;Koko Suomi;kaikki;kaikki;39038;2021/07/15 10:03:23;243813
Perustoimeentulotuki;2020;viikko;9;Koko Suomi;kaikki;kaikki;29740;2021/07/15 10:03:23;273553
Perustoimeentulotuki;2020;viikko;10;Koko Suomi;kaikki;kaikki;24878;2021/07/15 10:03:23;298431
Perustoimeentulotuki;2020;viikko;11;Koko Suomi;kaikki;kaikki;28915;2021/07/15 10:03:23;327346
Perustoimeentulotuki;2020;viikko;12;Koko Suomi;kaikki;kaikki;43014;2021/07/15 10:03:23;370360
Perustoimeentulotuki;2020;viikko;13;Koko Suomi;kaikki;kaikki;32281;2021/07/15 10:03:23;402641
Perustoimeentulotuki;2020;viikko;14;Koko Suomi;kaikki;kaikki;30102;2021/07/15 10:03:23;432743
Perustoimeentulotuki;2020;viikko;15;Koko Suomi;kaikki;kaikki;23663;2021/07/15 10:03:23;456406
Perustoimeentulotuki;2020;viikko;16;Koko Suomi;kaikki;kaikki;36979;2021/07/15 10:03:23;493385
Perustoimeentulotuki;2020;viikko;17;Koko Suomi;kaikki;kaikki;33699;2021/07/15 10:03:23;527084
Perustoimeentulotuki;2020;viikko;18;Koko Suomi;kaikki;kaikki;26270;2021/07/15 10:03:23;553354
Perustoimeentulotuki;2020;viikko;19;Koko Suomi;kaikki;kaikki;29001;2021/07/15 10:03:23;582355
Perustoimeentulotuki;2020;viikko;20;Koko Suomi;kaikki;kaikki;37635;2021/07/15 10:03:23;619990
Perustoimeentulotuki;2020;viikko;21;Koko Suomi;kaikki;kaikki;35274;2021/07/15 10:03:23;655264
Perustoimeentulotuki;2020;viikko;22;Koko Suomi;kaikki;kaikki;31597;2021/07/15 10:03:23;686861
Perustoimeentulotuki;2020;viikko;23;Koko Suomi;kaikki;kaikki;28401;2021/07/15 10:03:23;715262
Perustoimeentulotuki;2020;viikko;24;Koko Suomi;kaikki;kaikki;28081;2021/07/15 10:03:23;743343
Perustoimeentulotuki;2020;viikko;25;Koko Suomi;kaikki;kaikki;32905;2021/07/15 10:03:23;776248
Perustoimeentulotuki;2020;viikko;26;Koko Suomi;kaikki;kaikki;32171;2021/07/15 10:03:23;808419
Perustoimeentulotuki;2020;viikko;27;Koko Suomi;kaikki;kaikki;29083;2021/07/15 10:03:23;837502
Perustoimeentulotuki;2020;viikko;28;Koko Suomi;kaikki;kaikki;26827;2021/07/15 10:03:23;864329
Perustoimeentulotuki;2020;viikko;29;Koko Suomi;kaikki;kaikki;32983;2021/07/15 10:03:23;897312
Perustoimeentulotuki;2020;viikko;30;Koko Suomi;kaikki;kaikki;30903;2021/07/15 10:03:23;928215
Perustoimeentulotuki;2020;viikko;31;Koko Suomi;kaikki;kaikki;25151;2021/07/15 10:03:23;953366
Perustoimeentulotuki;2020;viikko;32;Koko Suomi;kaikki;kaikki;23159;2021/07/15 10:03:23;976525
Perustoimeentulotuki;2020;viikko;33;Koko Suomi;kaikki;kaikki;27750;2021/07/15 10:03:23;1004275
Perustoimeentulotuki;2020;viikko;34;Koko Suomi;kaikki;kaikki;35697;2021/07/15 10:03:23;1039972
Perustoimeentulotuki;2020;viikko;35;Koko Suomi;kaikki;kaikki;28537;2021/07/15 10:03:23;1068509
Perustoimeentulotuki;2020;viikko;36;Koko Suomi;kaikki;kaikki;26557;2021/07/15 10:03:23;1095066
Perustoimeentulotuki;2020;viikko;37;Koko Suomi;kaikki;kaikki;24652;2021/07/15 10:03:23;1119718
Perustoimeentulotuki;2020;viikko;38;Koko Suomi;kaikki;kaikki;34735;2021/07/15 10:03:23;1154453
Perustoimeentulotuki;2020;viikko;39;Koko Suomi;kaikki;kaikki;31577;2021/07/15 10:03:23;1186030
Perustoimeentulotuki;2020;viikko;40;Koko Suomi;kaikki;kaikki;28293;2021/07/15 10:03:23;1214323
Perustoimeentulotuki;2020;viikko;41;Koko Suomi;kaikki;kaikki;25070;2021/07/15 10:03:23;1239393
Perustoimeentulotuki;2020;viikko;42;Koko Suomi;kaikki;kaikki;32890;2021/07/15 10:03:23;1272283
Perustoimeentulotuki;2020;viikko;43;Koko Suomi;kaikki;kaikki;33638;2021/07/15 10:03:23;1305921
Perustoimeentulotuki;2020;viikko;44;Koko Suomi;kaikki;kaikki;29326;2021/07/15 10:03:23;1335247
Perustoimeentulotuki;2020;viikko;45;Koko Suomi;kaikki;kaikki;24211;2021/07/15 10:03:23;1359458
Perustoimeentulotuki;2020;viikko;46;Koko Suomi;kaikki;kaikki;26825;2021/07/15 10:03:23;1386283
Perustoimeentulotuki;2020;viikko;47;Koko Suomi;kaikki;kaikki;33963;2021/07/15 10:03:23;1420246
Perustoimeentulotuki;2020;viikko;48;Koko Suomi;kaikki;kaikki;30725;2021/07/15 10:03:23;1450971
Perustoimeentulotuki;2020;viikko;49;Koko Suomi;kaikki;kaikki;29916;2021/07/15 10:03:23;1480887
Perustoimeentulotuki;2020;viikko;50;Koko Suomi;kaikki;kaikki;29985;2021/07/15 10:03:23;1510872
Perustoimeentulotuki;2020;viikko;51;Koko Suomi;kaikki;kaikki;41330;2021/07/15 10:03:23;1552202
Perustoimeentulotuki;2020;viikko;52;Koko Suomi;kaikki;kaikki;23303;2021/07/15 10:03:23;1575505
Perustoimeentulotuki;2020;viikko;53;Koko Suomi;kaikki;kaikki;25322;2021/07/15 10:03:23;1600827
Perustoimeentulotuki;2021;viikko;1;Koko Suomi;kaikki;kaikki;25539;2021/07/15 10:03:23;25539
Perustoimeentulotuki;2021;viikko;2;Koko Suomi;kaikki;kaikki;33218;2021/07/15 10:03:23;58757
Perustoimeentulotuki;2021;viikko;3;Koko Suomi;kaikki;kaikki;36967;2021/07/15 10:03:23;95724
Perustoimeentulotuki;2021;viikko;4;Koko Suomi;kaikki;kaikki;30084;2021/07/15 10:03:23;125808
Perustoimeentulotuki;2021;viikko;5;Koko Suomi;kaikki;kaikki;25573;2021/07/15 10:03:23;151381
Perustoimeentulotuki;2021;viikko;6;Koko Suomi;kaikki;kaikki;26477;2021/07/15 10:03:23;177858
Perustoimeentulotuki;2021;viikko;7;Koko Suomi;kaikki;kaikki;37718;2021/07/15 10:03:23;215576
Perustoimeentulotuki;2021;viikko;8;Koko Suomi;kaikki;kaikki;31050;2021/07/15 10:03:23;246626
Perustoimeentulotuki;2021;viikko;9;Koko Suomi;kaikki;kaikki;26056;2021/07/15 10:03:23;272682
Perustoimeentulotuki;2021;viikko;10;Koko Suomi;kaikki;kaikki;27124;2021/07/15 10:03:23;299806
Perustoimeentulotuki;2021;viikko;11;Koko Suomi;kaikki;kaikki;38256;2021/07/15 10:03:23;338062
Perustoimeentulotuki;2021;viikko;12;Koko Suomi;kaikki;kaikki;30680;2021/07/15 10:03:23;368742
Perustoimeentulotuki;2021;viikko;13;Koko Suomi;kaikki;kaikki;22390;2021/07/15 10:03:23;391132
Perustoimeentulotuki;2021;viikko;14;Koko Suomi;kaikki;kaikki;21841;2021/07/15 10:03:23;412973
Perustoimeentulotuki;2021;viikko;15;Koko Suomi;kaikki;kaikki;32075;2021/07/15 10:03:23;445048
Perustoimeentulotuki;2021;viikko;16;Koko Suomi;kaikki;kaikki;33463;2021/07/15 10:03:23;478511
Perustoimeentulotuki;2021;viikko;17;Koko Suomi;kaikki;kaikki;25440;2021/07/15 10:03:23;503951
Perustoimeentulotuki;2021;viikko;18;Koko Suomi;kaikki;kaikki;25026;2021/07/15 10:03:23;528977
Perustoimeentulotuki;2021;viikko;19;Koko Suomi;kaikki;kaikki;27560;2021/07/15 10:03:23;556537
Perustoimeentulotuki;2021;viikko;20;Koko Suomi;kaikki;kaikki;39716;2021/07/15 10:03:23;596253
Perustoimeentulotuki;2021;viikko;21;Koko Suomi;kaikki;kaikki;29262;2021/07/15 10:03:23;625515
Perustoimeentulotuki;2021;viikko;22;Koko Suomi;kaikki;kaikki;25940;2021/07/15 10:03:23;651455
Perustoimeentulotuki;2021;viikko;23;Koko Suomi;kaikki;kaikki;23843;2021/07/15 10:03:23;675298
Perustoimeentulotuki;2021;viikko;24;Koko Suomi;kaikki;kaikki;34799;2021/07/15 10:03:23;710097
Perustoimeentulotuki;2021;viikko;25;Koko Suomi;kaikki;kaikki;25411;2021/07/15 10:03:23;735508
Perustoimeentulotuki;2021;viikko;26;Koko Suomi;kaikki;kaikki;25827;2021/07/15 10:03:23;761335
Perustoimeentulotuki;2021;viikko;27;Koko Suomi;kaikki;kaikki;20229;2021/07/15 10:03:23;781564
Sairauspäiväraha;2019;viikko;1;Koko Suomi;kaikki;kaikki;7778;2021/07/15 10:03:23;7778
Sairauspäiväraha;2019;viikko;2;Koko Suomi;kaikki;kaikki;12407;2021/07/15 10:03:23;20185
Sairauspäiväraha;2019;viikko;3;Koko Suomi;kaikki;kaikki;14581;2021/07/15 10:03:23;34766
Sairauspäiväraha;2019;viikko;4;Koko Suomi;kaikki;kaikki;12779;2021/07/15 10:03:23;47545
Sairauspäiväraha;2019;viikko;5;Koko Suomi;kaikki;kaikki;13106;2021/07/15 10:03:23;60651
Sairauspäiväraha;2019;viikko;6;Koko Suomi;kaikki;kaikki;12664;2021/07/15 10:03:23;73315
Sairauspäiväraha;2019;viikko;7;Koko Suomi;kaikki;kaikki;14609;2021/07/15 10:03:23;87924
Sairauspäiväraha;2019;viikko;8;Koko Suomi;kaikki;kaikki;13523;2021/07/15 10:03:23;101447
Sairauspäiväraha;2019;viikko;9;Koko Suomi;kaikki;kaikki;14741;2021/07/15 10:03:23;116188
Sairauspäiväraha;2019;viikko;10;Koko Suomi;kaikki;kaikki;13690;2021/07/15 10:03:23;129878
Sairauspäiväraha;2019;viikko;11;Koko Suomi;kaikki;kaikki;15335;2021/07/15 10:03:23;145213
Sairauspäiväraha;2019;viikko;12;Koko Suomi;kaikki;kaikki;13408;2021/07/15 10:03:23;158621
Sairauspäiväraha;2019;viikko;13;Koko Suomi;kaikki;kaikki;13845;2021/07/15 10:03:23;172466
Sairauspäiväraha;2019;viikko;14;Koko Suomi;kaikki;kaikki;13455;2021/07/15 10:03:23;185921
Sairauspäiväraha;2019;viikko;15;Koko Suomi;kaikki;kaikki;14754;2021/07/15 10:03:23;200675
Sairauspäiväraha;2019;viikko;16;Koko Suomi;kaikki;kaikki;10803;2021/07/15 10:03:23;211478
Sairauspäiväraha;2019;viikko;17;Koko Suomi;kaikki;kaikki;10677;2021/07/15 10:03:23;222155
Sairauspäiväraha;2019;viikko;18;Koko Suomi;kaikki;kaikki;11881;2021/07/15 10:03:23;234036
Sairauspäiväraha;2019;viikko;19;Koko Suomi;kaikki;kaikki;13862;2021/07/15 10:03:23;247898
Sairauspäiväraha;2019;viikko;20;Koko Suomi;kaikki;kaikki;14726;2021/07/15 10:03:23;262624
Sairauspäiväraha;2019;viikko;21;Koko Suomi;kaikki;kaikki;12587;2021/07/15 10:03:23;275211
Sairauspäiväraha;2019;viikko;22;Koko Suomi;kaikki;kaikki;10995;2021/07/15 10:03:23;286206
Sairauspäiväraha;2019;viikko;23;Koko Suomi;kaikki;kaikki;13055;2021/07/15 10:03:23;299261
Sairauspäiväraha;2019;viikko;24;Koko Suomi;kaikki;kaikki;14883;2021/07/15 10:03:23;314144
Sairauspäiväraha;2019;viikko;25;Koko Suomi;kaikki;kaikki;10794;2021/07/15 10:03:23;324938
Sairauspäiväraha;2019;viikko;26;Koko Suomi;kaikki;kaikki;13227;2021/07/15 10:03:23;338165
Sairauspäiväraha;2019;viikko;27;Koko Suomi;kaikki;kaikki;11967;2021/07/15 10:03:23;350132
Sairauspäiväraha;2019;viikko;28;Koko Suomi;kaikki;kaikki;11240;2021/07/15 10:03:23;361372
Sairauspäiväraha;2019;viikko;29;Koko Suomi;kaikki;kaikki;9204;2021/07/15 10:03:23;370576
Sairauspäiväraha;2019;viikko;30;Koko Suomi;kaikki;kaikki;7913;2021/07/15 10:03:23;378489
Sairauspäiväraha;2019;viikko;31;Koko Suomi;kaikki;kaikki;8925;2021/07/15 10:03:23;387414
Sairauspäiväraha;2019;viikko;32;Koko Suomi;kaikki;kaikki;9348;2021/07/15 10:03:23;396762
Sairauspäiväraha;2019;viikko;33;Koko Suomi;kaikki;kaikki;12276;2021/07/15 10:03:23;409038
Sairauspäiväraha;2019;viikko;34;Koko Suomi;kaikki;kaikki;11706;2021/07/15 10:03:23;420744
Sairauspäiväraha;2019;viikko;35;Koko Suomi;kaikki;kaikki;12808;2021/07/15 10:03:23;433552
Sairauspäiväraha;2019;viikko;36;Koko Suomi;kaikki;kaikki;11298;2021/07/15 10:03:23;444850
Sairauspäiväraha;2019;viikko;37;Koko Suomi;kaikki;kaikki;14974;2021/07/15 10:03:23;459824
Sairauspäiväraha;2019;viikko;38;Koko Suomi;kaikki;kaikki;12945;2021/07/15 10:03:23;472769
Sairauspäiväraha;2019;viikko;39;Koko Suomi;kaikki;kaikki;13481;2021/07/15 10:03:23;486250
Sairauspäiväraha;2019;viikko;40;Koko Suomi;kaikki;kaikki;13104;2021/07/15 10:03:23;499354
Sairauspäiväraha;2019;viikko;41;Koko Suomi;kaikki;kaikki;15119;2021/07/15 10:03:23;514473
Sairauspäiväraha;2019;viikko;42;Koko Suomi;kaikki;kaikki;13863;2021/07/15 10:03:23;528336
Sairauspäiväraha;2019;viikko;43;Koko Suomi;kaikki;kaikki;12712;2021/07/15 10:03:23;541048
Sairauspäiväraha;2019;viikko;44;Koko Suomi;kaikki;kaikki;14408;2021/07/15 10:03:23;555456
Sairauspäiväraha;2019;viikko;45;Koko Suomi;kaikki;kaikki;13836;2021/07/15 10:03:23;569292
Sairauspäiväraha;2019;viikko;46;Koko Suomi;kaikki;kaikki;15077;2021/07/15 10:03:23;584369
Sairauspäiväraha;2019;viikko;47;Koko Suomi;kaikki;kaikki;12423;2021/07/15 10:03:23;596792
Sairauspäiväraha;2019;viikko;48;Koko Suomi;kaikki;kaikki;13712;2021/07/15 10:03:23;610504
Sairauspäiväraha;2019;viikko;49;Koko Suomi;kaikki;kaikki;11991;2021/07/15 10:03:23;622495
Sairauspäiväraha;2019;viikko;50;Koko Suomi;kaikki;kaikki;16599;2021/07/15 10:03:23;639094
Sairauspäiväraha;2019;viikko;51;Koko Suomi;kaikki;kaikki;14526;2021/07/15 10:03:23;653620
Sairauspäiväraha;2019;viikko;52;Koko Suomi;kaikki;kaikki;5296;2021/07/15 10:03:23;658916
Sairauspäiväraha;2020;viikko;1;Koko Suomi;kaikki;kaikki;10518;2021/07/15 10:03:23;10518
Sairauspäiväraha;2020;viikko;2;Koko Suomi;kaikki;kaikki;9969;2021/07/15 10:03:23;20487
Sairauspäiväraha;2020;viikko;3;Koko Suomi;kaikki;kaikki;16154;2021/07/15 10:03:23;36641
Sairauspäiväraha;2020;viikko;4;Koko Suomi;kaikki;kaikki;14400;2021/07/15 10:03:23;51041
Sairauspäiväraha;2020;viikko;5;Koko Suomi;kaikki;kaikki;13739;2021/07/15 10:03:23;64780
Sairauspäiväraha;2020;viikko;6;Koko Suomi;kaikki;kaikki;13017;2021/07/15 10:03:23;77797
Sairauspäiväraha;2020;viikko;7;Koko Suomi;kaikki;kaikki;14944;2021/07/15 10:03:23;92741
Sairauspäiväraha;2020;viikko;8;Koko Suomi;kaikki;kaikki;11897;2021/07/15 10:03:23;104638
Sairauspäiväraha;2020;viikko;9;Koko Suomi;kaikki;kaikki;15328;2021/07/15 10:03:23;119966
Sairauspäiväraha;2020;viikko;10;Koko Suomi;kaikki;kaikki;13341;2021/07/15 10:03:23;133307
Sairauspäiväraha;2020;viikko;11;Koko Suomi;kaikki;kaikki;13986;2021/07/15 10:03:23;147293
Sairauspäiväraha;2020;viikko;12;Koko Suomi;kaikki;kaikki;12245;2021/07/15 10:03:23;159538
Sairauspäiväraha;2020;viikko;13;Koko Suomi;kaikki;kaikki;13017;2021/07/15 10:03:23;172555
Sairauspäiväraha;2020;viikko;14;Koko Suomi;kaikki;kaikki;12934;2021/07/15 10:03:23;185489
Sairauspäiväraha;2020;viikko;15;Koko Suomi;kaikki;kaikki;11168;2021/07/15 10:03:23;196657
Sairauspäiväraha;2020;viikko;16;Koko Suomi;kaikki;kaikki;12583;2021/07/15 10:03:23;209240
Sairauspäiväraha;2020;viikko;17;Koko Suomi;kaikki;kaikki;13340;2021/07/15 10:03:23;222580
Sairauspäiväraha;2020;viikko;18;Koko Suomi;kaikki;kaikki;11276;2021/07/15 10:03:23;233856
Sairauspäiväraha;2020;viikko;19;Koko Suomi;kaikki;kaikki;12700;2021/07/15 10:03:23;246556
Sairauspäiväraha;2020;viikko;20;Koko Suomi;kaikki;kaikki;13509;2021/07/15 10:03:23;260065
Sairauspäiväraha;2020;viikko;21;Koko Suomi;kaikki;kaikki;9132;2021/07/15 10:03:23;269197
Sairauspäiväraha;2020;viikko;22;Koko Suomi;kaikki;kaikki;12482;2021/07/15 10:03:23;281679
Sairauspäiväraha;2020;viikko;23;Koko Suomi;kaikki;kaikki;11607;2021/07/15 10:03:23;293286
Sairauspäiväraha;2020;viikko;24;Koko Suomi;kaikki;kaikki;12452;2021/07/15 10:03:23;305738
Sairauspäiväraha;2020;viikko;25;Koko Suomi;kaikki;kaikki;9100;2021/07/15 10:03:23;314838
Sairauspäiväraha;2020;viikko;26;Koko Suomi;kaikki;kaikki;11154;2021/07/15 10:03:23;325992
Sairauspäiväraha;2020;viikko;27;Koko Suomi;kaikki;kaikki;11678;2021/07/15 10:03:23;337670
Sairauspäiväraha;2020;viikko;28;Koko Suomi;kaikki;kaikki;10293;2021/07/15 10:03:23;347963
Sairauspäiväraha;2020;viikko;29;Koko Suomi;kaikki;kaikki;9361;2021/07/15 10:03:23;357324
Sairauspäiväraha;2020;viikko;30;Koko Suomi;kaikki;kaikki;8203;2021/07/15 10:03:23;365527
Sairauspäiväraha;2020;viikko;31;Koko Suomi;kaikki;kaikki;8502;2021/07/15 10:03:23;374029
Sairauspäiväraha;2020;viikko;32;Koko Suomi;kaikki;kaikki;7869;2021/07/15 10:03:23;381898
Sairauspäiväraha;2020;viikko;33;Koko Suomi;kaikki;kaikki;10429;2021/07/15 10:03:23;392327
Sairauspäiväraha;2020;viikko;34;Koko Suomi;kaikki;kaikki;9465;2021/07/15 10:03:23;401792
Sairauspäiväraha;2020;viikko;35;Koko Suomi;kaikki;kaikki;10897;2021/07/15 10:03:23;412689
Sairauspäiväraha;2020;viikko;36;Koko Suomi;kaikki;kaikki;12368;2021/07/15 10:03:23;425057
Sairauspäiväraha;2020;viikko;37;Koko Suomi;kaikki;kaikki;12818;2021/07/15 10:03:23;437875
Sairauspäiväraha;2020;viikko;38;Koko Suomi;kaikki;kaikki;12284;2021/07/15 10:03:23;450159
Sairauspäiväraha;2020;viikko;39;Koko Suomi;kaikki;kaikki;11527;2021/07/15 10:03:23;461686
Sairauspäiväraha;2020;viikko;40;Koko Suomi;kaikki;kaikki;11137;2021/07/15 10:03:23;472823
Sairauspäiväraha;2020;viikko;41;Koko Suomi;kaikki;kaikki;13589;2021/07/15 10:03:23;486412
Sairauspäiväraha;2020;viikko;42;Koko Suomi;kaikki;kaikki;12995;2021/07/15 10:03:23;499407
Sairauspäiväraha;2020;viikko;43;Koko Suomi;kaikki;kaikki;10878;2021/07/15 10:03:23;510285
Sairauspäiväraha;2020;viikko;44;Koko Suomi;kaikki;kaikki;12327;2021/07/15 10:03:23;522612
Sairauspäiväraha;2020;viikko;45;Koko Suomi;kaikki;kaikki;11591;2021/07/15 10:03:23;534203
Sairauspäiväraha;2020;viikko;46;Koko Suomi;kaikki;kaikki;13662;2021/07/15 10:03:23;547865
Sairauspäiväraha;2020;viikko;47;Koko Suomi;kaikki;kaikki;12120;2021/07/15 10:03:23;559985
Sairauspäiväraha;2020;viikko;48;Koko Suomi;kaikki;kaikki;12139;2021/07/15 10:03:23;572124
Sairauspäiväraha;2020;viikko;49;Koko Suomi;kaikki;kaikki;12442;2021/07/15 10:03:23;584566
Sairauspäiväraha;2020;viikko;50;Koko Suomi;kaikki;kaikki;14553;2021/07/15 10:03:23;599119
Sairauspäiväraha;2020;viikko;51;Koko Suomi;kaikki;kaikki;14310;2021/07/15 10:03:23;613429
Sairauspäiväraha;2020;viikko;52;Koko Suomi;kaikki;kaikki;6871;2021/07/15 10:03:23;620300
Sairauspäiväraha;2020;viikko;53;Koko Suomi;kaikki;kaikki;10338;2021/07/15 10:03:23;630638
Sairauspäiväraha;2021;viikko;1;Koko Suomi;kaikki;kaikki;9859;2021/07/15 10:03:23;9859
Sairauspäiväraha;2021;viikko;2;Koko Suomi;kaikki;kaikki;12639;2021/07/15 10:03:23;22498
Sairauspäiväraha;2021;viikko;3;Koko Suomi;kaikki;kaikki;11777;2021/07/15 10:03:23;34275
Sairauspäiväraha;2021;viikko;4;Koko Suomi;kaikki;kaikki;11783;2021/07/15 10:03:23;46058
Sairauspäiväraha;2021;viikko;5;Koko Suomi;kaikki;kaikki;11121;2021/07/15 10:03:23;57179
Sairauspäiväraha;2021;viikko;6;Koko Suomi;kaikki;kaikki;13279;2021/07/15 10:03:23;70458
Sairauspäiväraha;2021;viikko;7;Koko Suomi;kaikki;kaikki;12597;2021/07/15 10:03:23;83055
Sairauspäiväraha;2021;viikko;8;Koko Suomi;kaikki;kaikki;13057;2021/07/15 10:03:23;96112
Sairauspäiväraha;2021;viikko;9;Koko Suomi;kaikki;kaikki;12434;2021/07/15 10:03:23;108546
Sairauspäiväraha;2021;viikko;10;Koko Suomi;kaikki;kaikki;12438;2021/07/15 10:03:23;120984
Sairauspäiväraha;2021;viikko;11;Koko Suomi;kaikki;kaikki;13001;2021/07/15 10:03:23;133985
Sairauspäiväraha;2021;viikko;12;Koko Suomi;kaikki;kaikki;11660;2021/07/15 10:03:23;145645
Sairauspäiväraha;2021;viikko;13;Koko Suomi;kaikki;kaikki;9831;2021/07/15 10:03:23;155476
Sairauspäiväraha;2021;viikko;14;Koko Suomi;kaikki;kaikki;9173;2021/07/15 10:03:23;164649
Sairauspäiväraha;2021;viikko;15;Koko Suomi;kaikki;kaikki;12966;2021/07/15 10:03:23;177615
Sairauspäiväraha;2021;viikko;16;Koko Suomi;kaikki;kaikki;12322;2021/07/15 10:03:23;189937
Sairauspäiväraha;2021;viikko;17;Koko Suomi;kaikki;kaikki;10674;2021/07/15 10:03:23;200611
Sairauspäiväraha;2021;viikko;18;Koko Suomi;kaikki;kaikki;11176;2021/07/15 10:03:23;211787
Sairauspäiväraha;2021;viikko;19;Koko Suomi;kaikki;kaikki;10111;2021/07/15 10:03:23;221898
Sairauspäiväraha;2021;viikko;20;Koko Suomi;kaikki;kaikki;12033;2021/07/15 10:03:23;233931
Sairauspäiväraha;2021;viikko;21;Koko Suomi;kaikki;kaikki;11908;2021/07/15 10:03:23;245839
Sairauspäiväraha;2021;viikko;22;Koko Suomi;kaikki;kaikki;11806;2021/07/15 10:03:23;257645
Sairauspäiväraha;2021;viikko;23;Koko Suomi;kaikki;kaikki;11534;2021/07/15 10:03:23;269179
Sairauspäiväraha;2021;viikko;24;Koko Suomi;kaikki;kaikki;13620;2021/07/15 10:03:23;282799
Sairauspäiväraha;2021;viikko;25;Koko Suomi;kaikki;kaikki;8812;2021/07/15 10:03:23;291611
Sairauspäiväraha;2021;viikko;26;Koko Suomi;kaikki;kaikki;10902;2021/07/15 10:03:23;302513
Sairauspäiväraha;2021;viikko;27;Koko Suomi;kaikki;kaikki;10173;2021/07/15 10:03:23;312686
Tartuntatautipäiväraha;2019;viikko;1;Koko Suomi;kaikki;kaikki;3;2021/07/15 10:03:23;3
Tartuntatautipäiväraha;2019;viikko;2;Koko Suomi;kaikki;kaikki;3;2021/07/15 10:03:23;6
Tartuntatautipäiväraha;2019;viikko;3;Koko Suomi;kaikki;kaikki;10;2021/07/15 10:03:23;16
Tartuntatautipäiväraha;2019;viikko;4;Koko Suomi;kaikki;kaikki;3;2021/07/15 10:03:23;19
Tartuntatautipäiväraha;2019;viikko;5;Koko Suomi;kaikki;kaikki;10;2021/07/15 10:03:23;29
Tartuntatautipäiväraha;2019;viikko;6;Koko Suomi;kaikki;kaikki;6;2021/07/15 10:03:23;35
Tartuntatautipäiväraha;2019;viikko;7;Koko Suomi;kaikki;kaikki;4;2021/07/15 10:03:23;39
Tartuntatautipäiväraha;2019;viikko;8;Koko Suomi;kaikki;kaikki;8;2021/07/15 10:03:23;47
Tartuntatautipäiväraha;2019;viikko;9;Koko Suomi;kaikki;kaikki;9;2021/07/15 10:03:23;56
Tartuntatautipäiväraha;2019;viikko;10;Koko Suomi;kaikki;kaikki;3;2021/07/15 10:03:23;59
Tartuntatautipäiväraha;2019;viikko;11;Koko Suomi;kaikki;kaikki;6;2021/07/15 10:03:23;65
Tartuntatautipäiväraha;2019;viikko;12;Koko Suomi;kaikki;kaikki;2;2021/07/15 10:03:23;67
Tartuntatautipäiväraha;2019;viikko;13;Koko Suomi;kaikki;kaikki;5;2021/07/15 10:03:23;72
Tartuntatautipäiväraha;2019;viikko;14;Koko Suomi;kaikki;kaikki;3;2021/07/15 10:03:23;75
Tartuntatautipäiväraha;2019;viikko;15;Koko Suomi;kaikki;kaikki;4;2021/07/15 10:03:23;79
Tartuntatautipäiväraha;2019;viikko;16;Koko Suomi;kaikki;kaikki;4;2021/07/15 10:03:23;83
Tartuntatautipäiväraha;2019;viikko;17;Koko Suomi;kaikki;kaikki;3;2021/07/15 10:03:23;86
Tartuntatautipäiväraha;2019;viikko;18;Koko Suomi;kaikki;kaikki;5;2021/07/15 10:03:23;91
Tartuntatautipäiväraha;2019;viikko;19;Koko Suomi;kaikki;kaikki;5;2021/07/15 10:03:23;96
Tartuntatautipäiväraha;2019;viikko;20;Koko Suomi;kaikki;kaikki;2;2021/07/15 10:03:23;98
Tartuntatautipäiväraha;2019;viikko;21;Koko Suomi;kaikki;kaikki;4;2021/07/15 10:03:23;102
Tartuntatautipäiväraha;2019;viikko;22;Koko Suomi;kaikki;kaikki;12;2021/07/15 10:03:23;114
Tartuntatautipäiväraha;2019;viikko;23;Koko Suomi;kaikki;kaikki;5;2021/07/15 10:03:23;119
Tartuntatautipäiväraha;2019;viikko;24;Koko Suomi;kaikki;kaikki;6;2021/07/15 10:03:23;125
Tartuntatautipäiväraha;2019;viikko;25;Koko Suomi;kaikki;kaikki;4;2021/07/15 10:03:23;129
Tartuntatautipäiväraha;2019;viikko;26;Koko Suomi;kaikki;kaikki;3;2021/07/15 10:03:23;132
Tartuntatautipäiväraha;2019;viikko;27;Koko Suomi;kaikki;kaikki;1;2021/07/15 10:03:23;133
Tartuntatautipäiväraha;2019;viikko;28;Koko Suomi;kaikki;kaikki;4;2021/07/15 10:03:23;137
Tartuntatautipäiväraha;2019;viikko;29;Koko Suomi;kaikki;kaikki;2;2021/07/15 10:03:23;139
Tartuntatautipäiväraha;2019;viikko;30;Koko Suomi;kaikki;kaikki;2;2021/07/15 10:03:23;141
Tartuntatautipäiväraha;2019;viikko;31;Koko Suomi;kaikki;kaikki;1;2021/07/15 10:03:23;142
Tartuntatautipäiväraha;2019;viikko;32;Koko Suomi;kaikki;kaikki;4;2021/07/15 10:03:23;146
Tartuntatautipäiväraha;2019;viikko;33;Koko Suomi;kaikki;kaikki;1;2021/07/15 10:03:23;147
Tartuntatautipäiväraha;2019;viikko;34;Koko Suomi;kaikki;kaikki;5;2021/07/15 10:03:23;152
Tartuntatautipäiväraha;2019;viikko;35;Koko Suomi;kaikki;kaikki;4;2021/07/15 10:03:23;156
Tartuntatautipäiväraha;2019;viikko;36;Koko Suomi;kaikki;kaikki;2;2021/07/15 10:03:23;158
Tartuntatautipäiväraha;2019;viikko;37;Koko Suomi;kaikki;kaikki;3;2021/07/15 10:03:23;161
Tartuntatautipäiväraha;2019;viikko;39;Koko Suomi;kaikki;kaikki;7;2021/07/15 10:03:23;168
Tartuntatautipäiväraha;2019;viikko;40;Koko Suomi;kaikki;kaikki;4;2021/07/15 10:03:23;172
Tartuntatautipäiväraha;2019;viikko;41;Koko Suomi;kaikki;kaikki;4;2021/07/15 10:03:23;176
Tartuntatautipäiväraha;2019;viikko;42;Koko Suomi;kaikki;kaikki;3;2021/07/15 10:03:23;179
Tartuntatautipäiväraha;2019;viikko;43;Koko Suomi;kaikki;kaikki;5;2021/07/15 10:03:23;184
Tartuntatautipäiväraha;2019;viikko;44;Koko Suomi;kaikki;kaikki;6;2021/07/15 10:03:23;190
Tartuntatautipäiväraha;2019;viikko;45;Koko Suomi;kaikki;kaikki;3;2021/07/15 10:03:23;193
Tartuntatautipäiväraha;2019;viikko;46;Koko Suomi;kaikki;kaikki;4;2021/07/15 10:03:23;197
Tartuntatautipäiväraha;2019;viikko;47;Koko Suomi;kaikki;kaikki;6;2021/07/15 10:03:23;203
Tartuntatautipäiväraha;2019;viikko;48;Koko Suomi;kaikki;kaikki;4;2021/07/15 10:03:23;207
Tartuntatautipäiväraha;2019;viikko;49;Koko Suomi;kaikki;kaikki;7;2021/07/15 10:03:23;214
Tartuntatautipäiväraha;2019;viikko;50;Koko Suomi;kaikki;kaikki;3;2021/07/15 10:03:23;217
Tartuntatautipäiväraha;2019;viikko;51;Koko Suomi;kaikki;kaikki;3;2021/07/15 10:03:23;220
Tartuntatautipäiväraha;2020;viikko;1;Koko Suomi;kaikki;kaikki;4;2021/07/15 10:03:23;4
Tartuntatautipäiväraha;2020;viikko;3;Koko Suomi;kaikki;kaikki;3;2021/07/15 10:03:23;7
Tartuntatautipäiväraha;2020;viikko;4;Koko Suomi;kaikki;kaikki;4;2021/07/15 10:03:23;11
Tartuntatautipäiväraha;2020;viikko;5;Koko Suomi;kaikki;kaikki;2;2021/07/15 10:03:23;13
Tartuntatautipäiväraha;2020;viikko;6;Koko Suomi;kaikki;kaikki;6;2021/07/15 10:03:23;19
Tartuntatautipäiväraha;2020;viikko;7;Koko Suomi;kaikki;kaikki;1;2021/07/15 10:03:23;20
Tartuntatautipäiväraha;2020;viikko;8;Koko Suomi;kaikki;kaikki;3;2021/07/15 10:03:23;23
Tartuntatautipäiväraha;2020;viikko;9;Koko Suomi;kaikki;kaikki;6;2021/07/15 10:03:23;29
Tartuntatautipäiväraha;2020;viikko;10;Koko Suomi;kaikki;kaikki;15;2021/07/15 10:03:23;44
Tartuntatautipäiväraha;2020;viikko;11;Koko Suomi;kaikki;kaikki;125;2021/07/15 10:03:23;169
Tartuntatautipäiväraha;2020;viikko;12;Koko Suomi;kaikki;kaikki;727;2021/07/15 10:03:23;896
Tartuntatautipäiväraha;2020;viikko;13;Koko Suomi;kaikki;kaikki;546;2021/07/15 10:03:23;1442
Tartuntatautipäiväraha;2020;viikko;14;Koko Suomi;kaikki;kaikki;498;2021/07/15 10:03:23;1940
Tartuntatautipäiväraha;2020;viikko;15;Koko Suomi;kaikki;kaikki;422;2021/07/15 10:03:23;2362
Tartuntatautipäiväraha;2020;viikko;16;Koko Suomi;kaikki;kaikki;572;2021/07/15 10:03:23;2934
Tartuntatautipäiväraha;2020;viikko;17;Koko Suomi;kaikki;kaikki;790;2021/07/15 10:03:23;3724
Tartuntatautipäiväraha;2020;viikko;18;Koko Suomi;kaikki;kaikki;944;2021/07/15 10:03:23;4668
Tartuntatautipäiväraha;2020;viikko;19;Koko Suomi;kaikki;kaikki;1305;2021/07/15 10:03:23;5973
Tartuntatautipäiväraha;2020;viikko;20;Koko Suomi;kaikki;kaikki;1326;2021/07/15 10:03:23;7299
Tartuntatautipäiväraha;2020;viikko;21;Koko Suomi;kaikki;kaikki;879;2021/07/15 10:03:23;8178
Tartuntatautipäiväraha;2020;viikko;22;Koko Suomi;kaikki;kaikki;1146;2021/07/15 10:03:23;9324
Tartuntatautipäiväraha;2020;viikko;23;Koko Suomi;kaikki;kaikki;1260;2021/07/15 10:03:23;10584
Tartuntatautipäiväraha;2020;viikko;24;Koko Suomi;kaikki;kaikki;1154;2021/07/15 10:03:23;11738
Tartuntatautipäiväraha;2020;viikko;25;Koko Suomi;kaikki;kaikki;723;2021/07/15 10:03:23;12461
Tartuntatautipäiväraha;2020;viikko;26;Koko Suomi;kaikki;kaikki;641;2021/07/15 10:03:23;13102
Tartuntatautipäiväraha;2020;viikko;27;Koko Suomi;kaikki;kaikki;724;2021/07/15 10:03:23;13826
Tartuntatautipäiväraha;2020;viikko;28;Koko Suomi;kaikki;kaikki;432;2021/07/15 10:03:23;14258
Tartuntatautipäiväraha;2020;viikko;29;Koko Suomi;kaikki;kaikki;360;2021/07/15 10:03:23;14618
Tartuntatautipäiväraha;2020;viikko;30;Koko Suomi;kaikki;kaikki;315;2021/07/15 10:03:23;14933
Tartuntatautipäiväraha;2020;viikko;31;Koko Suomi;kaikki;kaikki;296;2021/07/15 10:03:23;15229
Tartuntatautipäiväraha;2020;viikko;32;Koko Suomi;kaikki;kaikki;177;2021/07/15 10:03:23;15406
Tartuntatautipäiväraha;2020;viikko;33;Koko Suomi;kaikki;kaikki;250;2021/07/15 10:03:23;15656
Tartuntatautipäiväraha;2020;viikko;34;Koko Suomi;kaikki;kaikki;304;2021/07/15 10:03:23;15960
Tartuntatautipäiväraha;2020;viikko;35;Koko Suomi;kaikki;kaikki;445;2021/07/15 10:03:23;16405
Tartuntatautipäiväraha;2020;viikko;36;Koko Suomi;kaikki;kaikki;487;2021/07/15 10:03:23;16892
Tartuntatautipäiväraha;2020;viikko;37;Koko Suomi;kaikki;kaikki;575;2021/07/15 10:03:23;17467
Tartuntatautipäiväraha;2020;viikko;38;Koko Suomi;kaikki;kaikki;522;2021/07/15 10:03:23;17989
Tartuntatautipäiväraha;2020;viikko;39;Koko Suomi;kaikki;kaikki;609;2021/07/15 10:03:23;18598
Tartuntatautipäiväraha;2020;viikko;40;Koko Suomi;kaikki;kaikki;698;2021/07/15 10:03:23;19296
Tartuntatautipäiväraha;2020;viikko;41;Koko Suomi;kaikki;kaikki;1047;2021/07/15 10:03:23;20343
Tartuntatautipäiväraha;2020;viikko;42;Koko Suomi;kaikki;kaikki;1403;2021/07/15 10:03:23;21746
Tartuntatautipäiväraha;2020;viikko;43;Koko Suomi;kaikki;kaikki;1343;2021/07/15 10:03:23;23089
Tartuntatautipäiväraha;2020;viikko;44;Koko Suomi;kaikki;kaikki;1782;2021/07/15 10:03:23;24871
Tartuntatautipäiväraha;2020;viikko;45;Koko Suomi;kaikki;kaikki;2012;2021/07/15 10:03:23;26883
Tartuntatautipäiväraha;2020;viikko;46;Koko Suomi;kaikki;kaikki;2499;2021/07/15 10:03:23;29382
Tartuntatautipäiväraha;2020;viikko;47;Koko Suomi;kaikki;kaikki;2346;2021/07/15 10:03:23;31728
Tartuntatautipäiväraha;2020;viikko;48;Koko Suomi;kaikki;kaikki;2449;2021/07/15 10:03:23;34177
Tartuntatautipäiväraha;2020;viikko;49;Koko Suomi;kaikki;kaikki;2428;2021/07/15 10:03:23;36605
Tartuntatautipäiväraha;2020;viikko;50;Koko Suomi;kaikki;kaikki;3082;2021/07/15 10:03:23;39687
Tartuntatautipäiväraha;2020;viikko;51;Koko Suomi;kaikki;kaikki;3467;2021/07/15 10:03:23;43154
Tartuntatautipäiväraha;2020;viikko;52;Koko Suomi;kaikki;kaikki;1826;2021/07/15 10:03:23;44980
Tartuntatautipäiväraha;2020;viikko;53;Koko Suomi;kaikki;kaikki;2608;2021/07/15 10:03:23;47588
Tartuntatautipäiväraha;2021;viikko;1;Koko Suomi;kaikki;kaikki;2731;2021/07/15 10:03:23;2731
Tartuntatautipäiväraha;2021;viikko;2;Koko Suomi;kaikki;kaikki;3272;2021/07/15 10:03:23;6003
Tartuntatautipäiväraha;2021;viikko;3;Koko Suomi;kaikki;kaikki;3210;2021/07/15 10:03:23;9213
Tartuntatautipäiväraha;2021;viikko;4;Koko Suomi;kaikki;kaikki;3491;2021/07/15 10:03:23;12704
Tartuntatautipäiväraha;2021;viikko;5;Koko Suomi;kaikki;kaikki;3196;2021/07/15 10:03:23;15900
Tartuntatautipäiväraha;2021;viikko;6;Koko Suomi;kaikki;kaikki;3912;2021/07/15 10:03:23;19812
Tartuntatautipäiväraha;2021;viikko;7;Koko Suomi;kaikki;kaikki;3853;2021/07/15 10:03:23;23665
Tartuntatautipäiväraha;2021;viikko;8;Koko Suomi;kaikki;kaikki;4092;2021/07/15 10:03:23;27757
Tartuntatautipäiväraha;2021;viikko;9;Koko Suomi;kaikki;kaikki;4300;2021/07/15 10:03:23;32057
Tartuntatautipäiväraha;2021;viikko;10;Koko Suomi;kaikki;kaikki;4465;2021/07/15 10:03:23;36522
Tartuntatautipäiväraha;2021;viikko;11;Koko Suomi;kaikki;kaikki;4889;2021/07/15 10:03:23;41411
Tartuntatautipäiväraha;2021;viikko;12;Koko Suomi;kaikki;kaikki;5332;2021/07/15 10:03:23;46743
Tartuntatautipäiväraha;2021;viikko;13;Koko Suomi;kaikki;kaikki;4377;2021/07/15 10:03:23;51120
Tartuntatautipäiväraha;2021;viikko;14;Koko Suomi;kaikki;kaikki;4244;2021/07/15 10:03:23;55364
Tartuntatautipäiväraha;2021;viikko;15;Koko Suomi;kaikki;kaikki;5173;2021/07/15 10:03:23;60537
Tartuntatautipäiväraha;2021;viikko;16;Koko Suomi;kaikki;kaikki;5176;2021/07/15 10:03:23;65713
Tartuntatautipäiväraha;2021;viikko;17;Koko Suomi;kaikki;kaikki;4483;2021/07/15 10:03:23;70196
Tartuntatautipäiväraha;2021;viikko;18;Koko Suomi;kaikki;kaikki;4212;2021/07/15 10:03:23;74408
Tartuntatautipäiväraha;2021;viikko;19;Koko Suomi;kaikki;kaikki;3264;2021/07/15 10:03:23;77672
Tartuntatautipäiväraha;2021;viikko;20;Koko Suomi;kaikki;kaikki;3422;2021/07/15 10:03:23;81094
Tartuntatautipäiväraha;2021;viikko;21;Koko Suomi;kaikki;kaikki;3232;2021/07/15 10:03:23;84326
Tartuntatautipäiväraha;2021;viikko;22;Koko Suomi;kaikki;kaikki;2693;2021/07/15 10:03:23;87019
Tartuntatautipäiväraha;2021;viikko;23;Koko Suomi;kaikki;kaikki;2351;2021/07/15 10:03:23;89370
Tartuntatautipäiväraha;2021;viikko;24;Koko Suomi;kaikki;kaikki;2212;2021/07/15 10:03:23;91582
Tartuntatautipäiväraha;2021;viikko;25;Koko Suomi;kaikki;kaikki;1306;2021/07/15 10:03:23;92888
Tartuntatautipäiväraha;2021;viikko;26;Koko Suomi;kaikki;kaikki;1654;2021/07/15 10:03:23;94542
Tartuntatautipäiväraha;2021;viikko;27;Koko Suomi;kaikki;kaikki;1637;2021/07/15 10:03:23;96179
