etuus;vuosi;kuukausi;paiva;alue;saajat_kaikki
Sairauspäiväraha;2019;1;2019-01-01;Etelä-Karjala;1341
Sairauspäiväraha;2019;1;2019-01-01;Etelä-Pohjanmaa;2269
Sairauspäiväraha;2019;1;2019-01-01;Etelä-Savo;1560
Sairauspäiväraha;2019;1;2019-01-01;Kainuu;954
Sairauspäiväraha;2019;1;2019-01-01;Kanta-Häme;1943
Sairauspäiväraha;2019;1;2019-01-01;Keski-Pohjanmaa;800
Sairauspäiväraha;2019;1;2019-01-01;Keski-Suomi;3126
Sairauspäiväraha;2019;1;2019-01-01;Kymenlaakso;1970
Sairauspäiväraha;2019;1;2019-01-01;Lappi;2386
Sairauspäiväraha;2019;1;2019-01-01;Pirkanmaa;5608
Sairauspäiväraha;2019;1;2019-01-01;Pohjanmaa;1795
Sairauspäiväraha;2019;1;2019-01-01;Pohjois-Karjala;1889
Sairauspäiväraha;2019;1;2019-01-01;Pohjois-Pohjanmaa;5512
Sairauspäiväraha;2019;1;2019-01-01;Pohjois-Savo;3271
Sairauspäiväraha;2019;1;2019-01-01;Päijät-Häme;2154
Sairauspäiväraha;2019;1;2019-01-01;Satakunta;2394
Sairauspäiväraha;2019;1;2019-01-01;Uusimaa;14389
Sairauspäiväraha;2019;1;2019-01-01;Varsinais-Suomi;5112
Sairauspäiväraha;2019;2;2019-02-01;Etelä-Karjala;1080
Sairauspäiväraha;2019;2;2019-02-01;Etelä-Pohjanmaa;2045
Sairauspäiväraha;2019;2;2019-02-01;Etelä-Savo;1324
Sairauspäiväraha;2019;2;2019-02-01;Kainuu;904
Sairauspäiväraha;2019;2;2019-02-01;Kanta-Häme;1724
Sairauspäiväraha;2019;2;2019-02-01;Keski-Pohjanmaa;694
Sairauspäiväraha;2019;2;2019-02-01;Keski-Suomi;2505
Sairauspäiväraha;2019;2;2019-02-01;Kymenlaakso;1541
Sairauspäiväraha;2019;2;2019-02-01;Lappi;2060
Sairauspäiväraha;2019;2;2019-02-01;Pirkanmaa;5112
Sairauspäiväraha;2019;2;2019-02-01;Pohjanmaa;1500
Sairauspäiväraha;2019;2;2019-02-01;Pohjois-Karjala;1577
Sairauspäiväraha;2019;2;2019-02-01;Pohjois-Pohjanmaa;4695
Sairauspäiväraha;2019;2;2019-02-01;Pohjois-Savo;2834
Sairauspäiväraha;2019;2;2019-02-01;Päijät-Häme;1832
Sairauspäiväraha;2019;2;2019-02-01;Satakunta;1926
Sairauspäiväraha;2019;2;2019-02-01;Uusimaa;11853
Sairauspäiväraha;2019;2;2019-02-01;Varsinais-Suomi;4495
Sairauspäiväraha;2019;3;2019-03-01;Etelä-Karjala;1314
Sairauspäiväraha;2019;3;2019-03-01;Etelä-Pohjanmaa;2157
Sairauspäiväraha;2019;3;2019-03-01;Etelä-Savo;1425
Sairauspäiväraha;2019;3;2019-03-01;Kainuu;865
Sairauspäiväraha;2019;3;2019-03-01;Kanta-Häme;1871
Sairauspäiväraha;2019;3;2019-03-01;Keski-Pohjanmaa;778
Sairauspäiväraha;2019;3;2019-03-01;Keski-Suomi;2752
Sairauspäiväraha;2019;3;2019-03-01;Kymenlaakso;1833
Sairauspäiväraha;2019;3;2019-03-01;Lappi;2077
Sairauspäiväraha;2019;3;2019-03-01;Pirkanmaa;5435
Sairauspäiväraha;2019;3;2019-03-01;Pohjanmaa;1722
Sairauspäiväraha;2019;3;2019-03-01;Pohjois-Karjala;1648
Sairauspäiväraha;2019;3;2019-03-01;Pohjois-Pohjanmaa;4738
Sairauspäiväraha;2019;3;2019-03-01;Pohjois-Savo;2981
Sairauspäiväraha;2019;3;2019-03-01;Päijät-Häme;2063
Sairauspäiväraha;2019;3;2019-03-01;Satakunta;2483
Sairauspäiväraha;2019;3;2019-03-01;Uusimaa;13596
Sairauspäiväraha;2019;3;2019-03-01;Varsinais-Suomi;5524
Sairauspäiväraha;2019;4;2019-04-01;Etelä-Karjala;1362
Sairauspäiväraha;2019;4;2019-04-01;Etelä-Pohjanmaa;2003
Sairauspäiväraha;2019;4;2019-04-01;Etelä-Savo;1342
Sairauspäiväraha;2019;4;2019-04-01;Kainuu;903
Sairauspäiväraha;2019;4;2019-04-01;Kanta-Häme;1717
Sairauspäiväraha;2019;4;2019-04-01;Keski-Pohjanmaa;828
Sairauspäiväraha;2019;4;2019-04-01;Keski-Suomi;2833
Sairauspäiväraha;2019;4;2019-04-01;Kymenlaakso;1918
Sairauspäiväraha;2019;4;2019-04-01;Lappi;2269
Sairauspäiväraha;2019;4;2019-04-01;Pirkanmaa;5198
Sairauspäiväraha;2019;4;2019-04-01;Pohjanmaa;1816
Sairauspäiväraha;2019;4;2019-04-01;Pohjois-Karjala;1638
Sairauspäiväraha;2019;4;2019-04-01;Pohjois-Pohjanmaa;5118
Sairauspäiväraha;2019;4;2019-04-01;Pohjois-Savo;3001
Sairauspäiväraha;2019;4;2019-04-01;Päijät-Häme;2192
Sairauspäiväraha;2019;4;2019-04-01;Satakunta;2364
Sairauspäiväraha;2019;4;2019-04-01;Uusimaa;14463
Sairauspäiväraha;2019;4;2019-04-01;Varsinais-Suomi;5216
Sairauspäiväraha;2019;5;2019-05-01;Etelä-Karjala;1406
Sairauspäiväraha;2019;5;2019-05-01;Etelä-Pohjanmaa;2329
Sairauspäiväraha;2019;5;2019-05-01;Etelä-Savo;1495
Sairauspäiväraha;2019;5;2019-05-01;Kainuu;1122
Sairauspäiväraha;2019;5;2019-05-01;Kanta-Häme;1986
Sairauspäiväraha;2019;5;2019-05-01;Keski-Pohjanmaa;922
Sairauspäiväraha;2019;5;2019-05-01;Keski-Suomi;3075
Sairauspäiväraha;2019;5;2019-05-01;Kymenlaakso;1942
Sairauspäiväraha;2019;5;2019-05-01;Lappi;2617
Sairauspäiväraha;2019;5;2019-05-01;Pirkanmaa;5877
Sairauspäiväraha;2019;5;2019-05-01;Pohjanmaa;1864
Sairauspäiväraha;2019;5;2019-05-01;Pohjois-Karjala;1893
Sairauspäiväraha;2019;5;2019-05-01;Pohjois-Pohjanmaa;5971
Sairauspäiväraha;2019;5;2019-05-01;Pohjois-Savo;3274
Sairauspäiväraha;2019;5;2019-05-01;Päijät-Häme;2200
Sairauspäiväraha;2019;5;2019-05-01;Satakunta;2505
Sairauspäiväraha;2019;5;2019-05-01;Uusimaa;14464
Sairauspäiväraha;2019;5;2019-05-01;Varsinais-Suomi;5451
Sairauspäiväraha;2019;6;2019-06-01;Etelä-Karjala;1115
Sairauspäiväraha;2019;6;2019-06-01;Etelä-Pohjanmaa;1943
Sairauspäiväraha;2019;6;2019-06-01;Etelä-Savo;1337
Sairauspäiväraha;2019;6;2019-06-01;Kainuu;843
Sairauspäiväraha;2019;6;2019-06-01;Kanta-Häme;1717
Sairauspäiväraha;2019;6;2019-06-01;Keski-Pohjanmaa;715
Sairauspäiväraha;2019;6;2019-06-01;Keski-Suomi;2623
Sairauspäiväraha;2019;6;2019-06-01;Kymenlaakso;1613
Sairauspäiväraha;2019;6;2019-06-01;Lappi;2027
Sairauspäiväraha;2019;6;2019-06-01;Pirkanmaa;4944
Sairauspäiväraha;2019;6;2019-06-01;Pohjanmaa;1482
Sairauspäiväraha;2019;6;2019-06-01;Pohjois-Karjala;1631
Sairauspäiväraha;2019;6;2019-06-01;Pohjois-Pohjanmaa;4502
Sairauspäiväraha;2019;6;2019-06-01;Pohjois-Savo;2897
Sairauspäiväraha;2019;6;2019-06-01;Päijät-Häme;1977
Sairauspäiväraha;2019;6;2019-06-01;Satakunta;1969
Sairauspäiväraha;2019;6;2019-06-01;Uusimaa;12020
Sairauspäiväraha;2019;6;2019-06-01;Varsinais-Suomi;4354
Sairauspäiväraha;2019;7;2019-07-01;Etelä-Karjala;1138
Sairauspäiväraha;2019;7;2019-07-01;Etelä-Pohjanmaa;1840
Sairauspäiväraha;2019;7;2019-07-01;Etelä-Savo;1239
Sairauspäiväraha;2019;7;2019-07-01;Kainuu;694
Sairauspäiväraha;2019;7;2019-07-01;Kanta-Häme;1589
Sairauspäiväraha;2019;7;2019-07-01;Keski-Pohjanmaa;555
Sairauspäiväraha;2019;7;2019-07-01;Keski-Suomi;2596
Sairauspäiväraha;2019;7;2019-07-01;Kymenlaakso;1545
Sairauspäiväraha;2019;7;2019-07-01;Lappi;1596
Sairauspäiväraha;2019;7;2019-07-01;Pirkanmaa;4818
Sairauspäiväraha;2019;7;2019-07-01;Pohjanmaa;1774
Sairauspäiväraha;2019;7;2019-07-01;Pohjois-Karjala;1410
Sairauspäiväraha;2019;7;2019-07-01;Pohjois-Pohjanmaa;3695
Sairauspäiväraha;2019;7;2019-07-01;Pohjois-Savo;2692
Sairauspäiväraha;2019;7;2019-07-01;Päijät-Häme;1747
Sairauspäiväraha;2019;7;2019-07-01;Satakunta;2224
Sairauspäiväraha;2019;7;2019-07-01;Uusimaa;11967
Sairauspäiväraha;2019;7;2019-07-01;Varsinais-Suomi;4871
Sairauspäiväraha;2019;8;2019-08-01;Etelä-Karjala;1417
Sairauspäiväraha;2019;8;2019-08-01;Etelä-Pohjanmaa;2095
Sairauspäiväraha;2019;8;2019-08-01;Etelä-Savo;1461
Sairauspäiväraha;2019;8;2019-08-01;Kainuu;1072
Sairauspäiväraha;2019;8;2019-08-01;Kanta-Häme;1883
Sairauspäiväraha;2019;8;2019-08-01;Keski-Pohjanmaa;937
Sairauspäiväraha;2019;8;2019-08-01;Keski-Suomi;2832
Sairauspäiväraha;2019;8;2019-08-01;Kymenlaakso;1935
Sairauspäiväraha;2019;8;2019-08-01;Lappi;2692
Sairauspäiväraha;2019;8;2019-08-01;Pirkanmaa;5641
Sairauspäiväraha;2019;8;2019-08-01;Pohjanmaa;1810
Sairauspäiväraha;2019;8;2019-08-01;Pohjois-Karjala;1702
Sairauspäiväraha;2019;8;2019-08-01;Pohjois-Pohjanmaa;6038
Sairauspäiväraha;2019;8;2019-08-01;Pohjois-Savo;3183
Sairauspäiväraha;2019;8;2019-08-01;Päijät-Häme;2055
Sairauspäiväraha;2019;8;2019-08-01;Satakunta;2404
Sairauspäiväraha;2019;8;2019-08-01;Uusimaa;13815
Sairauspäiväraha;2019;8;2019-08-01;Varsinais-Suomi;5310
Sairauspäiväraha;2019;9;2019-09-01;Etelä-Karjala;1321
Sairauspäiväraha;2019;9;2019-09-01;Etelä-Pohjanmaa;1961
Sairauspäiväraha;2019;9;2019-09-01;Etelä-Savo;1375
Sairauspäiväraha;2019;9;2019-09-01;Kainuu;924
Sairauspäiväraha;2019;9;2019-09-01;Kanta-Häme;1730
Sairauspäiväraha;2019;9;2019-09-01;Keski-Pohjanmaa;772
Sairauspäiväraha;2019;9;2019-09-01;Keski-Suomi;2603
Sairauspäiväraha;2019;9;2019-09-01;Kymenlaakso;1966
Sairauspäiväraha;2019;9;2019-09-01;Lappi;2209
Sairauspäiväraha;2019;9;2019-09-01;Pirkanmaa;4982
Sairauspäiväraha;2019;9;2019-09-01;Pohjanmaa;1558
Sairauspäiväraha;2019;9;2019-09-01;Pohjois-Karjala;1574
Sairauspäiväraha;2019;9;2019-09-01;Pohjois-Pohjanmaa;4909
Sairauspäiväraha;2019;9;2019-09-01;Pohjois-Savo;2798
Sairauspäiväraha;2019;9;2019-09-01;Päijät-Häme;2097
Sairauspäiväraha;2019;9;2019-09-01;Satakunta;2220
Sairauspäiväraha;2019;9;2019-09-01;Uusimaa;13314
Sairauspäiväraha;2019;9;2019-09-01;Varsinais-Suomi;4928
Sairauspäiväraha;2019;10;2019-10-01;Etelä-Karjala;1408
Sairauspäiväraha;2019;10;2019-10-01;Etelä-Pohjanmaa;2292
Sairauspäiväraha;2019;10;2019-10-01;Etelä-Savo;1407
Sairauspäiväraha;2019;10;2019-10-01;Kainuu;1002
Sairauspäiväraha;2019;10;2019-10-01;Kanta-Häme;1983
Sairauspäiväraha;2019;10;2019-10-01;Keski-Pohjanmaa;795
Sairauspäiväraha;2019;10;2019-10-01;Keski-Suomi;2644
Sairauspäiväraha;2019;10;2019-10-01;Kymenlaakso;1981
Sairauspäiväraha;2019;10;2019-10-01;Lappi;2376
Sairauspäiväraha;2019;10;2019-10-01;Pirkanmaa;5819
Sairauspäiväraha;2019;10;2019-10-01;Pohjanmaa;1794
Sairauspäiväraha;2019;10;2019-10-01;Pohjois-Karjala;1617
Sairauspäiväraha;2019;10;2019-10-01;Pohjois-Pohjanmaa;5444
Sairauspäiväraha;2019;10;2019-10-01;Pohjois-Savo;2858
Sairauspäiväraha;2019;10;2019-10-01;Päijät-Häme;2144
Sairauspäiväraha;2019;10;2019-10-01;Satakunta;2370
Sairauspäiväraha;2019;10;2019-10-01;Uusimaa;14262
Sairauspäiväraha;2019;10;2019-10-01;Varsinais-Suomi;5180
Sairauspäiväraha;2019;11;2019-11-01;Etelä-Karjala;1274
Sairauspäiväraha;2019;11;2019-11-01;Etelä-Pohjanmaa;2137
Sairauspäiväraha;2019;11;2019-11-01;Etelä-Savo;1535
Sairauspäiväraha;2019;11;2019-11-01;Kainuu;968
Sairauspäiväraha;2019;11;2019-11-01;Kanta-Häme;1822
Sairauspäiväraha;2019;11;2019-11-01;Keski-Pohjanmaa;763
Sairauspäiväraha;2019;11;2019-11-01;Keski-Suomi;2956
Sairauspäiväraha;2019;11;2019-11-01;Kymenlaakso;1975
Sairauspäiväraha;2019;11;2019-11-01;Lappi;2136
Sairauspäiväraha;2019;11;2019-11-01;Pirkanmaa;5507
Sairauspäiväraha;2019;11;2019-11-01;Pohjanmaa;1698
Sairauspäiväraha;2019;11;2019-11-01;Pohjois-Karjala;1680
Sairauspäiväraha;2019;11;2019-11-01;Pohjois-Pohjanmaa;4995
Sairauspäiväraha;2019;11;2019-11-01;Pohjois-Savo;3017
Sairauspäiväraha;2019;11;2019-11-01;Päijät-Häme;2149
Sairauspäiväraha;2019;11;2019-11-01;Satakunta;2277
Sairauspäiväraha;2019;11;2019-11-01;Uusimaa;14226
Sairauspäiväraha;2019;11;2019-11-01;Varsinais-Suomi;5204
Sairauspäiväraha;2019;12;2019-12-01;Etelä-Karjala;1230
Sairauspäiväraha;2019;12;2019-12-01;Etelä-Pohjanmaa;1931
Sairauspäiväraha;2019;12;2019-12-01;Etelä-Savo;1469
Sairauspäiväraha;2019;12;2019-12-01;Kainuu;1020
Sairauspäiväraha;2019;12;2019-12-01;Kanta-Häme;1749
Sairauspäiväraha;2019;12;2019-12-01;Keski-Pohjanmaa;846
Sairauspäiväraha;2019;12;2019-12-01;Keski-Suomi;2738
Sairauspäiväraha;2019;12;2019-12-01;Kymenlaakso;1867
Sairauspäiväraha;2019;12;2019-12-01;Lappi;2270
Sairauspäiväraha;2019;12;2019-12-01;Pirkanmaa;5363
Sairauspäiväraha;2019;12;2019-12-01;Pohjanmaa;1651
Sairauspäiväraha;2019;12;2019-12-01;Pohjois-Karjala;1642
Sairauspäiväraha;2019;12;2019-12-01;Pohjois-Pohjanmaa;5292
Sairauspäiväraha;2019;12;2019-12-01;Pohjois-Savo;2954
Sairauspäiväraha;2019;12;2019-12-01;Päijät-Häme;1997
Sairauspäiväraha;2019;12;2019-12-01;Satakunta;2158
Sairauspäiväraha;2019;12;2019-12-01;Uusimaa;13660
Sairauspäiväraha;2019;12;2019-12-01;Varsinais-Suomi;4845
Sairauspäiväraha;2020;1;2020-01-01;Etelä-Karjala;1299
Sairauspäiväraha;2020;1;2020-01-01;Etelä-Pohjanmaa;2314
Sairauspäiväraha;2020;1;2020-01-01;Etelä-Savo;1446
Sairauspäiväraha;2020;1;2020-01-01;Kainuu;930
Sairauspäiväraha;2020;1;2020-01-01;Kanta-Häme;2011
Sairauspäiväraha;2020;1;2020-01-01;Keski-Pohjanmaa;881
Sairauspäiväraha;2020;1;2020-01-01;Keski-Suomi;2910
Sairauspäiväraha;2020;1;2020-01-01;Kymenlaakso;1989
Sairauspäiväraha;2020;1;2020-01-01;Lappi;2153
Sairauspäiväraha;2020;1;2020-01-01;Pirkanmaa;5930
Sairauspäiväraha;2020;1;2020-01-01;Pohjanmaa;1832
Sairauspäiväraha;2020;1;2020-01-01;Pohjois-Karjala;1690
Sairauspäiväraha;2020;1;2020-01-01;Pohjois-Pohjanmaa;5244
Sairauspäiväraha;2020;1;2020-01-01;Pohjois-Savo;3083
Sairauspäiväraha;2020;1;2020-01-01;Päijät-Häme;2074
Sairauspäiväraha;2020;1;2020-01-01;Satakunta;2322
Sairauspäiväraha;2020;1;2020-01-01;Uusimaa;14016
Sairauspäiväraha;2020;1;2020-01-01;Varsinais-Suomi;5514
Sairauspäiväraha;2020;2;2020-02-01;Etelä-Karjala;1053
Sairauspäiväraha;2020;2;2020-02-01;Etelä-Pohjanmaa;1849
Sairauspäiväraha;2020;2;2020-02-01;Etelä-Savo;1186
Sairauspäiväraha;2020;2;2020-02-01;Kainuu;815
Sairauspäiväraha;2020;2;2020-02-01;Kanta-Häme;1580
Sairauspäiväraha;2020;2;2020-02-01;Keski-Pohjanmaa;710
Sairauspäiväraha;2020;2;2020-02-01;Keski-Suomi;2260
Sairauspäiväraha;2020;2;2020-02-01;Kymenlaakso;1566
Sairauspäiväraha;2020;2;2020-02-01;Lappi;1892
Sairauspäiväraha;2020;2;2020-02-01;Pirkanmaa;4690
Sairauspäiväraha;2020;2;2020-02-01;Pohjanmaa;1582
Sairauspäiväraha;2020;2;2020-02-01;Pohjois-Karjala;1218
Sairauspäiväraha;2020;2;2020-02-01;Pohjois-Pohjanmaa;4496
Sairauspäiväraha;2020;2;2020-02-01;Pohjois-Savo;2440
Sairauspäiväraha;2020;2;2020-02-01;Päijät-Häme;1816
Sairauspäiväraha;2020;2;2020-02-01;Satakunta;1970
Sairauspäiväraha;2020;2;2020-02-01;Uusimaa;11452
Sairauspäiväraha;2020;2;2020-02-01;Varsinais-Suomi;4440
Sairauspäiväraha;2020;3;2020-03-01;Etelä-Karjala;1230
Sairauspäiväraha;2020;3;2020-03-01;Etelä-Pohjanmaa;2195
Sairauspäiväraha;2020;3;2020-03-01;Etelä-Savo;1395
Sairauspäiväraha;2020;3;2020-03-01;Kainuu;974
Sairauspäiväraha;2020;3;2020-03-01;Kanta-Häme;1714
Sairauspäiväraha;2020;3;2020-03-01;Keski-Pohjanmaa;816
Sairauspäiväraha;2020;3;2020-03-01;Keski-Suomi;2694
Sairauspäiväraha;2020;3;2020-03-01;Kymenlaakso;1765
Sairauspäiväraha;2020;3;2020-03-01;Lappi;2117
Sairauspäiväraha;2020;3;2020-03-01;Pirkanmaa;5490
Sairauspäiväraha;2020;3;2020-03-01;Pohjanmaa;1721
Sairauspäiväraha;2020;3;2020-03-01;Pohjois-Karjala;1559
Sairauspäiväraha;2020;3;2020-03-01;Pohjois-Pohjanmaa;5080
Sairauspäiväraha;2020;3;2020-03-01;Pohjois-Savo;2851
Sairauspäiväraha;2020;3;2020-03-01;Päijät-Häme;2062
Sairauspäiväraha;2020;3;2020-03-01;Satakunta;2175
Sairauspäiväraha;2020;3;2020-03-01;Uusimaa;12989
Sairauspäiväraha;2020;3;2020-03-01;Varsinais-Suomi;4986
Sairauspäiväraha;2020;4;2020-04-01;Etelä-Karjala;1537
Sairauspäiväraha;2020;4;2020-04-01;Etelä-Pohjanmaa;2340
Sairauspäiväraha;2020;4;2020-04-01;Etelä-Savo;1614
Sairauspäiväraha;2020;4;2020-04-01;Kainuu;1027
Sairauspäiväraha;2020;4;2020-04-01;Kanta-Häme;1997
Sairauspäiväraha;2020;4;2020-04-01;Keski-Pohjanmaa;905
Sairauspäiväraha;2020;4;2020-04-01;Keski-Suomi;3105
Sairauspäiväraha;2020;4;2020-04-01;Kymenlaakso;2229
Sairauspäiväraha;2020;4;2020-04-01;Lappi;2333
Sairauspäiväraha;2020;4;2020-04-01;Pirkanmaa;6214
Sairauspäiväraha;2020;4;2020-04-01;Pohjanmaa;2131
Sairauspäiväraha;2020;4;2020-04-01;Pohjois-Karjala;1764
Sairauspäiväraha;2020;4;2020-04-01;Pohjois-Pohjanmaa;5789
Sairauspäiväraha;2020;4;2020-04-01;Pohjois-Savo;3229
Sairauspäiväraha;2020;4;2020-04-01;Päijät-Häme;2497
Sairauspäiväraha;2020;4;2020-04-01;Satakunta;2674
Sairauspäiväraha;2020;4;2020-04-01;Uusimaa;16813
Sairauspäiväraha;2020;4;2020-04-01;Varsinais-Suomi;6333
Sairauspäiväraha;2020;5;2020-05-01;Etelä-Karjala;1224
Sairauspäiväraha;2020;5;2020-05-01;Etelä-Pohjanmaa;2248
Sairauspäiväraha;2020;5;2020-05-01;Etelä-Savo;1415
Sairauspäiväraha;2020;5;2020-05-01;Kainuu;988
Sairauspäiväraha;2020;5;2020-05-01;Kanta-Häme;1810
Sairauspäiväraha;2020;5;2020-05-01;Keski-Pohjanmaa;786
Sairauspäiväraha;2020;5;2020-05-01;Keski-Suomi;2915
Sairauspäiväraha;2020;5;2020-05-01;Kymenlaakso;1851
Sairauspäiväraha;2020;5;2020-05-01;Lappi;2203
Sairauspäiväraha;2020;5;2020-05-01;Pirkanmaa;5623
Sairauspäiväraha;2020;5;2020-05-01;Pohjanmaa;1745
Sairauspäiväraha;2020;5;2020-05-01;Pohjois-Karjala;1591
Sairauspäiväraha;2020;5;2020-05-01;Pohjois-Pohjanmaa;5316
Sairauspäiväraha;2020;5;2020-05-01;Pohjois-Savo;2964
Sairauspäiväraha;2020;5;2020-05-01;Päijät-Häme;2082
Sairauspäiväraha;2020;5;2020-05-01;Satakunta;2409
Sairauspäiväraha;2020;5;2020-05-01;Uusimaa;14426
Sairauspäiväraha;2020;5;2020-05-01;Varsinais-Suomi;5464
Sairauspäiväraha;2020;6;2020-06-01;Etelä-Karjala;1236
Sairauspäiväraha;2020;6;2020-06-01;Etelä-Pohjanmaa;2263
Sairauspäiväraha;2020;6;2020-06-01;Etelä-Savo;1391
Sairauspäiväraha;2020;6;2020-06-01;Kainuu;942
Sairauspäiväraha;2020;6;2020-06-01;Kanta-Häme;1912
Sairauspäiväraha;2020;6;2020-06-01;Keski-Pohjanmaa;719
Sairauspäiväraha;2020;6;2020-06-01;Keski-Suomi;2752
Sairauspäiväraha;2020;6;2020-06-01;Kymenlaakso;1891
Sairauspäiväraha;2020;6;2020-06-01;Lappi;2003
Sairauspäiväraha;2020;6;2020-06-01;Pirkanmaa;5805
Sairauspäiväraha;2020;6;2020-06-01;Pohjanmaa;1601
Sairauspäiväraha;2020;6;2020-06-01;Pohjois-Karjala;1611
Sairauspäiväraha;2020;6;2020-06-01;Pohjois-Pohjanmaa;4836
Sairauspäiväraha;2020;6;2020-06-01;Pohjois-Savo;2835
Sairauspäiväraha;2020;6;2020-06-01;Päijät-Häme;2090
Sairauspäiväraha;2020;6;2020-06-01;Satakunta;2206
Sairauspäiväraha;2020;6;2020-06-01;Uusimaa;13843
Sairauspäiväraha;2020;6;2020-06-01;Varsinais-Suomi;5061
Sairauspäiväraha;2020;7;2020-07-01;Etelä-Karjala;1065
Sairauspäiväraha;2020;7;2020-07-01;Etelä-Pohjanmaa;1961
Sairauspäiväraha;2020;7;2020-07-01;Etelä-Savo;1272
Sairauspäiväraha;2020;7;2020-07-01;Kainuu;887
Sairauspäiväraha;2020;7;2020-07-01;Kanta-Häme;1618
Sairauspäiväraha;2020;7;2020-07-01;Keski-Pohjanmaa;713
Sairauspäiväraha;2020;7;2020-07-01;Keski-Suomi;2738
Sairauspäiväraha;2020;7;2020-07-01;Kymenlaakso;1527
Sairauspäiväraha;2020;7;2020-07-01;Lappi;1880
Sairauspäiväraha;2020;7;2020-07-01;Pirkanmaa;4934
Sairauspäiväraha;2020;7;2020-07-01;Pohjanmaa;1409
Sairauspäiväraha;2020;7;2020-07-01;Pohjois-Karjala;1543
Sairauspäiväraha;2020;7;2020-07-01;Pohjois-Pohjanmaa;4712
Sairauspäiväraha;2020;7;2020-07-01;Pohjois-Savo;2861
Sairauspäiväraha;2020;7;2020-07-01;Päijät-Häme;1808
Sairauspäiväraha;2020;7;2020-07-01;Satakunta;1939
Sairauspäiväraha;2020;7;2020-07-01;Uusimaa;11817
Sairauspäiväraha;2020;7;2020-07-01;Varsinais-Suomi;4569
Sairauspäiväraha;2020;8;2020-08-01;Etelä-Karjala;1176
Sairauspäiväraha;2020;8;2020-08-01;Etelä-Pohjanmaa;1753
Sairauspäiväraha;2020;8;2020-08-01;Etelä-Savo;1236
Sairauspäiväraha;2020;8;2020-08-01;Kainuu;827
Sairauspäiväraha;2020;8;2020-08-01;Kanta-Häme;1562
Sairauspäiväraha;2020;8;2020-08-01;Keski-Pohjanmaa;670
Sairauspäiväraha;2020;8;2020-08-01;Keski-Suomi;2493
Sairauspäiväraha;2020;8;2020-08-01;Kymenlaakso;1742
Sairauspäiväraha;2020;8;2020-08-01;Lappi;1790
Sairauspäiväraha;2020;8;2020-08-01;Pirkanmaa;4846
Sairauspäiväraha;2020;8;2020-08-01;Pohjanmaa;1362
Sairauspäiväraha;2020;8;2020-08-01;Pohjois-Karjala;1472
Sairauspäiväraha;2020;8;2020-08-01;Pohjois-Pohjanmaa;4449
Sairauspäiväraha;2020;8;2020-08-01;Pohjois-Savo;2599
Sairauspäiväraha;2020;8;2020-08-01;Päijät-Häme;1922
Sairauspäiväraha;2020;8;2020-08-01;Satakunta;2076
Sairauspäiväraha;2020;8;2020-08-01;Uusimaa;12520
Sairauspäiväraha;2020;8;2020-08-01;Varsinais-Suomi;4976
Sairauspäiväraha;2020;9;2020-09-01;Etelä-Karjala;1168
Sairauspäiväraha;2020;9;2020-09-01;Etelä-Pohjanmaa;1899
Sairauspäiväraha;2020;9;2020-09-01;Etelä-Savo;1249
Sairauspäiväraha;2020;9;2020-09-01;Kainuu;884
Sairauspäiväraha;2020;9;2020-09-01;Kanta-Häme;1636
Sairauspäiväraha;2020;9;2020-09-01;Keski-Pohjanmaa;727
Sairauspäiväraha;2020;9;2020-09-01;Keski-Suomi;2528
Sairauspäiväraha;2020;9;2020-09-01;Kymenlaakso;1787
Sairauspäiväraha;2020;9;2020-09-01;Lappi;1865
Sairauspäiväraha;2020;9;2020-09-01;Pirkanmaa;5130
Sairauspäiväraha;2020;9;2020-09-01;Pohjanmaa;1592
Sairauspäiväraha;2020;9;2020-09-01;Pohjois-Karjala;1553
Sairauspäiväraha;2020;9;2020-09-01;Pohjois-Pohjanmaa;4510
Sairauspäiväraha;2020;9;2020-09-01;Pohjois-Savo;2641
Sairauspäiväraha;2020;9;2020-09-01;Päijät-Häme;1854
Sairauspäiväraha;2020;9;2020-09-01;Satakunta;2180
Sairauspäiväraha;2020;9;2020-09-01;Uusimaa;11949
Sairauspäiväraha;2020;9;2020-09-01;Varsinais-Suomi;4617
Sairauspäiväraha;2020;10;2020-10-01;Etelä-Karjala;1149
Sairauspäiväraha;2020;10;2020-10-01;Etelä-Pohjanmaa;1965
Sairauspäiväraha;2020;10;2020-10-01;Etelä-Savo;1346
Sairauspäiväraha;2020;10;2020-10-01;Kainuu;863
Sairauspäiväraha;2020;10;2020-10-01;Kanta-Häme;1641
Sairauspäiväraha;2020;10;2020-10-01;Keski-Pohjanmaa;755
Sairauspäiväraha;2020;10;2020-10-01;Keski-Suomi;2452
Sairauspäiväraha;2020;10;2020-10-01;Kymenlaakso;1650
Sairauspäiväraha;2020;10;2020-10-01;Lappi;1958
Sairauspäiväraha;2020;10;2020-10-01;Pirkanmaa;5166
Sairauspäiväraha;2020;10;2020-10-01;Pohjanmaa;1442
Sairauspäiväraha;2020;10;2020-10-01;Pohjois-Karjala;1526
Sairauspäiväraha;2020;10;2020-10-01;Pohjois-Pohjanmaa;4566
Sairauspäiväraha;2020;10;2020-10-01;Pohjois-Savo;2671
Sairauspäiväraha;2020;10;2020-10-01;Päijät-Häme;1846
Sairauspäiväraha;2020;10;2020-10-01;Satakunta;2171
Sairauspäiväraha;2020;10;2020-10-01;Uusimaa;11964
Sairauspäiväraha;2020;10;2020-10-01;Varsinais-Suomi;4526
Sairauspäiväraha;2020;11;2020-11-01;Etelä-Karjala;1318
Sairauspäiväraha;2020;11;2020-11-01;Etelä-Pohjanmaa;2271
Sairauspäiväraha;2020;11;2020-11-01;Etelä-Savo;1216
Sairauspäiväraha;2020;11;2020-11-01;Kainuu;856
Sairauspäiväraha;2020;11;2020-11-01;Kanta-Häme;1676
Sairauspäiväraha;2020;11;2020-11-01;Keski-Pohjanmaa;759
Sairauspäiväraha;2020;11;2020-11-01;Keski-Suomi;2397
Sairauspäiväraha;2020;11;2020-11-01;Kymenlaakso;1842
Sairauspäiväraha;2020;11;2020-11-01;Lappi;1915
Sairauspäiväraha;2020;11;2020-11-01;Pirkanmaa;5485
Sairauspäiväraha;2020;11;2020-11-01;Pohjanmaa;1613
Sairauspäiväraha;2020;11;2020-11-01;Pohjois-Karjala;1503
Sairauspäiväraha;2020;11;2020-11-01;Pohjois-Pohjanmaa;4563
Sairauspäiväraha;2020;11;2020-11-01;Pohjois-Savo;2532
Sairauspäiväraha;2020;11;2020-11-01;Päijät-Häme;2003
Sairauspäiväraha;2020;11;2020-11-01;Satakunta;2223
Sairauspäiväraha;2020;11;2020-11-01;Uusimaa;12889
Sairauspäiväraha;2020;11;2020-11-01;Varsinais-Suomi;4608
Sairauspäiväraha;2020;12;2020-12-01;Etelä-Karjala;1343
Sairauspäiväraha;2020;12;2020-12-01;Etelä-Pohjanmaa;2115
Sairauspäiväraha;2020;12;2020-12-01;Etelä-Savo;1487
Sairauspäiväraha;2020;12;2020-12-01;Kainuu;1028
Sairauspäiväraha;2020;12;2020-12-01;Kanta-Häme;1752
Sairauspäiväraha;2020;12;2020-12-01;Keski-Pohjanmaa;915
Sairauspäiväraha;2020;12;2020-12-01;Keski-Suomi;2778
Sairauspäiväraha;2020;12;2020-12-01;Kymenlaakso;2003
Sairauspäiväraha;2020;12;2020-12-01;Lappi;2297
Sairauspäiväraha;2020;12;2020-12-01;Pirkanmaa;5500
Sairauspäiväraha;2020;12;2020-12-01;Pohjanmaa;1643
Sairauspäiväraha;2020;12;2020-12-01;Pohjois-Karjala;1656
Sairauspäiväraha;2020;12;2020-12-01;Pohjois-Pohjanmaa;5424
Sairauspäiväraha;2020;12;2020-12-01;Pohjois-Savo;3091
Sairauspäiväraha;2020;12;2020-12-01;Päijät-Häme;2229
Sairauspäiväraha;2020;12;2020-12-01;Satakunta;2244
Sairauspäiväraha;2020;12;2020-12-01;Uusimaa;13716
Sairauspäiväraha;2020;12;2020-12-01;Varsinais-Suomi;4847
Sairauspäiväraha;2021;1;2021-01-01;Etelä-Karjala;1227
Sairauspäiväraha;2021;1;2021-01-01;Etelä-Pohjanmaa;2095
Sairauspäiväraha;2021;1;2021-01-01;Etelä-Savo;1290
Sairauspäiväraha;2021;1;2021-01-01;Kainuu;787
Sairauspäiväraha;2021;1;2021-01-01;Kanta-Häme;1749
Sairauspäiväraha;2021;1;2021-01-01;Keski-Pohjanmaa;727
Sairauspäiväraha;2021;1;2021-01-01;Keski-Suomi;2462
Sairauspäiväraha;2021;1;2021-01-01;Kymenlaakso;1746
Sairauspäiväraha;2021;1;2021-01-01;Lappi;1822
Sairauspäiväraha;2021;1;2021-01-01;Pirkanmaa;5251
Sairauspäiväraha;2021;1;2021-01-01;Pohjanmaa;1654
Sairauspäiväraha;2021;1;2021-01-01;Pohjois-Karjala;1446
Sairauspäiväraha;2021;1;2021-01-01;Pohjois-Pohjanmaa;4486
Sairauspäiväraha;2021;1;2021-01-01;Pohjois-Savo;2731
Sairauspäiväraha;2021;1;2021-01-01;Päijät-Häme;1988
Sairauspäiväraha;2021;1;2021-01-01;Satakunta;2235
Sairauspäiväraha;2021;1;2021-01-01;Uusimaa;12563
Sairauspäiväraha;2021;1;2021-01-01;Varsinais-Suomi;5042
Sairauspäiväraha;2021;2;2021-02-01;Etelä-Karjala;1103
Sairauspäiväraha;2021;2;2021-02-01;Etelä-Pohjanmaa;1915
Sairauspäiväraha;2021;2;2021-02-01;Etelä-Savo;1140
Sairauspäiväraha;2021;2;2021-02-01;Kainuu;749
Sairauspäiväraha;2021;2;2021-02-01;Kanta-Häme;1688
Sairauspäiväraha;2021;2;2021-02-01;Keski-Pohjanmaa;730
Sairauspäiväraha;2021;2;2021-02-01;Keski-Suomi;2133
Sairauspäiväraha;2021;2;2021-02-01;Kymenlaakso;1712
Sairauspäiväraha;2021;2;2021-02-01;Lappi;1917
Sairauspäiväraha;2021;2;2021-02-01;Pirkanmaa;4877
Sairauspäiväraha;2021;2;2021-02-01;Pohjanmaa;1425
Sairauspäiväraha;2021;2;2021-02-01;Pohjois-Karjala;1384
Sairauspäiväraha;2021;2;2021-02-01;Pohjois-Pohjanmaa;4462
Sairauspäiväraha;2021;2;2021-02-01;Pohjois-Savo;2356
Sairauspäiväraha;2021;2;2021-02-01;Päijät-Häme;1804
Sairauspäiväraha;2021;2;2021-02-01;Satakunta;1948
Sairauspäiväraha;2021;2;2021-02-01;Uusimaa;11838
Sairauspäiväraha;2021;2;2021-02-01;Varsinais-Suomi;4098
Sairauspäiväraha;2021;3;2021-03-01;Etelä-Karjala;1266
Sairauspäiväraha;2021;3;2021-03-01;Etelä-Pohjanmaa;2054
Sairauspäiväraha;2021;3;2021-03-01;Etelä-Savo;1415
Sairauspäiväraha;2021;3;2021-03-01;Kainuu;857
Sairauspäiväraha;2021;3;2021-03-01;Kanta-Häme;1759
Sairauspäiväraha;2021;3;2021-03-01;Keski-Pohjanmaa;754
Sairauspäiväraha;2021;3;2021-03-01;Keski-Suomi;2700
Sairauspäiväraha;2021;3;2021-03-01;Kymenlaakso;1851
Sairauspäiväraha;2021;3;2021-03-01;Lappi;2048
Sairauspäiväraha;2021;3;2021-03-01;Pirkanmaa;5452
Sairauspäiväraha;2021;3;2021-03-01;Pohjanmaa;1680
Sairauspäiväraha;2021;3;2021-03-01;Pohjois-Karjala;1608
Sairauspäiväraha;2021;3;2021-03-01;Pohjois-Pohjanmaa;4627
Sairauspäiväraha;2021;3;2021-03-01;Pohjois-Savo;2981
Sairauspäiväraha;2021;3;2021-03-01;Päijät-Häme;1967
Sairauspäiväraha;2021;3;2021-03-01;Satakunta;2025
Sairauspäiväraha;2021;3;2021-03-01;Uusimaa;13298
Sairauspäiväraha;2021;3;2021-03-01;Varsinais-Suomi;4526
Sairauspäiväraha;2021;4;2021-04-01;Etelä-Karjala;1165
Sairauspäiväraha;2021;4;2021-04-01;Etelä-Pohjanmaa;1953
Sairauspäiväraha;2021;4;2021-04-01;Etelä-Savo;1178
Sairauspäiväraha;2021;4;2021-04-01;Kainuu;752
Sairauspäiväraha;2021;4;2021-04-01;Kanta-Häme;1665
Sairauspäiväraha;2021;4;2021-04-01;Keski-Pohjanmaa;755
Sairauspäiväraha;2021;4;2021-04-01;Keski-Suomi;2464
Sairauspäiväraha;2021;4;2021-04-01;Kymenlaakso;1877
Sairauspäiväraha;2021;4;2021-04-01;Lappi;1953
Sairauspäiväraha;2021;4;2021-04-01;Pirkanmaa;5021
Sairauspäiväraha;2021;4;2021-04-01;Pohjanmaa;1505
Sairauspäiväraha;2021;4;2021-04-01;Pohjois-Karjala;1450
Sairauspäiväraha;2021;4;2021-04-01;Pohjois-Pohjanmaa;4342
Sairauspäiväraha;2021;4;2021-04-01;Pohjois-Savo;2638
Sairauspäiväraha;2021;4;2021-04-01;Päijät-Häme;1888
Sairauspäiväraha;2021;4;2021-04-01;Satakunta;1928
Sairauspäiväraha;2021;4;2021-04-01;Uusimaa;12493
Sairauspäiväraha;2021;4;2021-04-01;Varsinais-Suomi;4105
Sairauspäiväraha;2021;5;2021-05-01;Etelä-Karjala;1220
Sairauspäiväraha;2021;5;2021-05-01;Etelä-Pohjanmaa;2297
Sairauspäiväraha;2021;5;2021-05-01;Etelä-Savo;1469
Sairauspäiväraha;2021;5;2021-05-01;Kainuu;820
Sairauspäiväraha;2021;5;2021-05-01;Kanta-Häme;1891
Sairauspäiväraha;2021;5;2021-05-01;Keski-Pohjanmaa;828
Sairauspäiväraha;2021;5;2021-05-01;Keski-Suomi;2860
Sairauspäiväraha;2021;5;2021-05-01;Kymenlaakso;1848
Sairauspäiväraha;2021;5;2021-05-01;Lappi;2116
Sairauspäiväraha;2021;5;2021-05-01;Pirkanmaa;5700
Sairauspäiväraha;2021;5;2021-05-01;Pohjanmaa;1620
Sairauspäiväraha;2021;5;2021-05-01;Pohjois-Karjala;1541
Sairauspäiväraha;2021;5;2021-05-01;Pohjois-Pohjanmaa;4731
Sairauspäiväraha;2021;5;2021-05-01;Pohjois-Savo;2966
Sairauspäiväraha;2021;5;2021-05-01;Päijät-Häme;2100
Sairauspäiväraha;2021;5;2021-05-01;Satakunta;2395
Sairauspäiväraha;2021;5;2021-05-01;Uusimaa;13317
Sairauspäiväraha;2021;5;2021-05-01;Varsinais-Suomi;5213
Sairauspäiväraha;2021;6;2021-06-01;Etelä-Karjala;1113
Sairauspäiväraha;2021;6;2021-06-01;Etelä-Pohjanmaa;2277
Sairauspäiväraha;2021;6;2021-06-01;Etelä-Savo;1429
Sairauspäiväraha;2021;6;2021-06-01;Kainuu;909
Sairauspäiväraha;2021;6;2021-06-01;Kanta-Häme;1874
Sairauspäiväraha;2021;6;2021-06-01;Keski-Pohjanmaa;802
Sairauspäiväraha;2021;6;2021-06-01;Keski-Suomi;2877
Sairauspäiväraha;2021;6;2021-06-01;Kymenlaakso;1773
Sairauspäiväraha;2021;6;2021-06-01;Lappi;2191
Sairauspäiväraha;2021;6;2021-06-01;Pirkanmaa;5833
Sairauspäiväraha;2021;6;2021-06-01;Pohjanmaa;1681
Sairauspäiväraha;2021;6;2021-06-01;Pohjois-Karjala;1641
Sairauspäiväraha;2021;6;2021-06-01;Pohjois-Pohjanmaa;5023
Sairauspäiväraha;2021;6;2021-06-01;Pohjois-Savo;3009
Sairauspäiväraha;2021;6;2021-06-01;Päijät-Häme;1868
Sairauspäiväraha;2021;6;2021-06-01;Satakunta;2350
Sairauspäiväraha;2021;6;2021-06-01;Uusimaa;12427
Sairauspäiväraha;2021;6;2021-06-01;Varsinais-Suomi;4907
Tartuntatautipäiväraha;2019;1;2019-01-01;Etelä-Karjala;0
Tartuntatautipäiväraha;2019;1;2019-01-01;Etelä-Pohjanmaa;0
Tartuntatautipäiväraha;2019;1;2019-01-01;Etelä-Savo;0
Tartuntatautipäiväraha;2019;1;2019-01-01;Kainuu;0
Tartuntatautipäiväraha;2019;1;2019-01-01;Kanta-Häme;0
Tartuntatautipäiväraha;2019;1;2019-01-01;Keski-Pohjanmaa;1
Tartuntatautipäiväraha;2019;1;2019-01-01;Keski-Suomi;1
Tartuntatautipäiväraha;2019;1;2019-01-01;Kymenlaakso;1
Tartuntatautipäiväraha;2019;1;2019-01-01;Lappi;0
Tartuntatautipäiväraha;2019;1;2019-01-01;Pirkanmaa;0
Tartuntatautipäiväraha;2019;1;2019-01-01;Pohjanmaa;0
Tartuntatautipäiväraha;2019;1;2019-01-01;Pohjois-Karjala;1
Tartuntatautipäiväraha;2019;1;2019-01-01;Pohjois-Pohjanmaa;2
Tartuntatautipäiväraha;2019;1;2019-01-01;Pohjois-Savo;0
Tartuntatautipäiväraha;2019;1;2019-01-01;Päijät-Häme;0
Tartuntatautipäiväraha;2019;1;2019-01-01;Satakunta;0
Tartuntatautipäiväraha;2019;1;2019-01-01;Uusimaa;7
Tartuntatautipäiväraha;2019;1;2019-01-01;Varsinais-Suomi;0
Tartuntatautipäiväraha;2019;2;2019-02-01;Etelä-Karjala;2
Tartuntatautipäiväraha;2019;2;2019-02-01;Etelä-Pohjanmaa;1
Tartuntatautipäiväraha;2019;2;2019-02-01;Etelä-Savo;0
Tartuntatautipäiväraha;2019;2;2019-02-01;Kainuu;0
Tartuntatautipäiväraha;2019;2;2019-02-01;Kanta-Häme;0
Tartuntatautipäiväraha;2019;2;2019-02-01;Keski-Pohjanmaa;0
Tartuntatautipäiväraha;2019;2;2019-02-01;Keski-Suomi;0
Tartuntatautipäiväraha;2019;2;2019-02-01;Kymenlaakso;0
Tartuntatautipäiväraha;2019;2;2019-02-01;Lappi;0
Tartuntatautipäiväraha;2019;2;2019-02-01;Pirkanmaa;0
Tartuntatautipäiväraha;2019;2;2019-02-01;Pohjanmaa;2
Tartuntatautipäiväraha;2019;2;2019-02-01;Pohjois-Karjala;0
Tartuntatautipäiväraha;2019;2;2019-02-01;Pohjois-Pohjanmaa;2
Tartuntatautipäiväraha;2019;2;2019-02-01;Pohjois-Savo;0
Tartuntatautipäiväraha;2019;2;2019-02-01;Päijät-Häme;1
Tartuntatautipäiväraha;2019;2;2019-02-01;Satakunta;1
Tartuntatautipäiväraha;2019;2;2019-02-01;Uusimaa;3
Tartuntatautipäiväraha;2019;2;2019-02-01;Varsinais-Suomi;0
Tartuntatautipäiväraha;2019;3;2019-03-01;Etelä-Karjala;0
Tartuntatautipäiväraha;2019;3;2019-03-01;Etelä-Pohjanmaa;0
Tartuntatautipäiväraha;2019;3;2019-03-01;Etelä-Savo;0
Tartuntatautipäiväraha;2019;3;2019-03-01;Kainuu;0
Tartuntatautipäiväraha;2019;3;2019-03-01;Kanta-Häme;0
Tartuntatautipäiväraha;2019;3;2019-03-01;Keski-Pohjanmaa;0
Tartuntatautipäiväraha;2019;3;2019-03-01;Keski-Suomi;0
Tartuntatautipäiväraha;2019;3;2019-03-01;Kymenlaakso;1
Tartuntatautipäiväraha;2019;3;2019-03-01;Lappi;0
Tartuntatautipäiväraha;2019;3;2019-03-01;Pirkanmaa;0
Tartuntatautipäiväraha;2019;3;2019-03-01;Pohjanmaa;1
Tartuntatautipäiväraha;2019;3;2019-03-01;Pohjois-Karjala;1
Tartuntatautipäiväraha;2019;3;2019-03-01;Pohjois-Pohjanmaa;0
Tartuntatautipäiväraha;2019;3;2019-03-01;Pohjois-Savo;1
Tartuntatautipäiväraha;2019;3;2019-03-01;Päijät-Häme;0
Tartuntatautipäiväraha;2019;3;2019-03-01;Satakunta;1
Tartuntatautipäiväraha;2019;3;2019-03-01;Uusimaa;5
Tartuntatautipäiväraha;2019;3;2019-03-01;Varsinais-Suomi;1
Tartuntatautipäiväraha;2019;4;2019-04-01;Etelä-Karjala;1
Tartuntatautipäiväraha;2019;4;2019-04-01;Etelä-Pohjanmaa;0
Tartuntatautipäiväraha;2019;4;2019-04-01;Etelä-Savo;1
Tartuntatautipäiväraha;2019;4;2019-04-01;Kainuu;0
Tartuntatautipäiväraha;2019;4;2019-04-01;Kanta-Häme;0
Tartuntatautipäiväraha;2019;4;2019-04-01;Keski-Pohjanmaa;1
Tartuntatautipäiväraha;2019;4;2019-04-01;Keski-Suomi;0
Tartuntatautipäiväraha;2019;4;2019-04-01;Kymenlaakso;0
Tartuntatautipäiväraha;2019;4;2019-04-01;Lappi;1
Tartuntatautipäiväraha;2019;4;2019-04-01;Pirkanmaa;0
Tartuntatautipäiväraha;2019;4;2019-04-01;Pohjanmaa;0
Tartuntatautipäiväraha;2019;4;2019-04-01;Pohjois-Karjala;0
Tartuntatautipäiväraha;2019;4;2019-04-01;Pohjois-Pohjanmaa;0
Tartuntatautipäiväraha;2019;4;2019-04-01;Pohjois-Savo;0
Tartuntatautipäiväraha;2019;4;2019-04-01;Päijät-Häme;0
Tartuntatautipäiväraha;2019;4;2019-04-01;Satakunta;1
Tartuntatautipäiväraha;2019;4;2019-04-01;Uusimaa;9
Tartuntatautipäiväraha;2019;4;2019-04-01;Varsinais-Suomi;0
Tartuntatautipäiväraha;2019;5;2019-05-01;Etelä-Karjala;0
Tartuntatautipäiväraha;2019;5;2019-05-01;Etelä-Pohjanmaa;2
Tartuntatautipäiväraha;2019;5;2019-05-01;Etelä-Savo;0
Tartuntatautipäiväraha;2019;5;2019-05-01;Kainuu;0
Tartuntatautipäiväraha;2019;5;2019-05-01;Kanta-Häme;0
Tartuntatautipäiväraha;2019;5;2019-05-01;Keski-Pohjanmaa;1
Tartuntatautipäiväraha;2019;5;2019-05-01;Keski-Suomi;0
Tartuntatautipäiväraha;2019;5;2019-05-01;Kymenlaakso;1
Tartuntatautipäiväraha;2019;5;2019-05-01;Lappi;0
Tartuntatautipäiväraha;2019;5;2019-05-01;Pirkanmaa;1
Tartuntatautipäiväraha;2019;5;2019-05-01;Pohjanmaa;1
Tartuntatautipäiväraha;2019;5;2019-05-01;Pohjois-Karjala;0
Tartuntatautipäiväraha;2019;5;2019-05-01;Pohjois-Pohjanmaa;1
Tartuntatautipäiväraha;2019;5;2019-05-01;Pohjois-Savo;0
Tartuntatautipäiväraha;2019;5;2019-05-01;Päijät-Häme;1
Tartuntatautipäiväraha;2019;5;2019-05-01;Satakunta;0
Tartuntatautipäiväraha;2019;5;2019-05-01;Uusimaa;6
Tartuntatautipäiväraha;2019;5;2019-05-01;Varsinais-Suomi;1
Tartuntatautipäiväraha;2019;6;2019-06-01;Etelä-Karjala;0
Tartuntatautipäiväraha;2019;6;2019-06-01;Etelä-Pohjanmaa;4
Tartuntatautipäiväraha;2019;6;2019-06-01;Etelä-Savo;1
Tartuntatautipäiväraha;2019;6;2019-06-01;Kainuu;0
Tartuntatautipäiväraha;2019;6;2019-06-01;Kanta-Häme;0
Tartuntatautipäiväraha;2019;6;2019-06-01;Keski-Pohjanmaa;0
Tartuntatautipäiväraha;2019;6;2019-06-01;Keski-Suomi;0
Tartuntatautipäiväraha;2019;6;2019-06-01;Kymenlaakso;0
Tartuntatautipäiväraha;2019;6;2019-06-01;Lappi;0
Tartuntatautipäiväraha;2019;6;2019-06-01;Pirkanmaa;1
Tartuntatautipäiväraha;2019;6;2019-06-01;Pohjanmaa;1
Tartuntatautipäiväraha;2019;6;2019-06-01;Pohjois-Karjala;0
Tartuntatautipäiväraha;2019;6;2019-06-01;Pohjois-Pohjanmaa;0
Tartuntatautipäiväraha;2019;6;2019-06-01;Pohjois-Savo;2
Tartuntatautipäiväraha;2019;6;2019-06-01;Päijät-Häme;2
Tartuntatautipäiväraha;2019;6;2019-06-01;Satakunta;0
Tartuntatautipäiväraha;2019;6;2019-06-01;Uusimaa;8
Tartuntatautipäiväraha;2019;6;2019-06-01;Varsinais-Suomi;0
Tartuntatautipäiväraha;2019;7;2019-07-01;Etelä-Karjala;0
Tartuntatautipäiväraha;2019;7;2019-07-01;Etelä-Pohjanmaa;0
Tartuntatautipäiväraha;2019;7;2019-07-01;Etelä-Savo;0
Tartuntatautipäiväraha;2019;7;2019-07-01;Kainuu;0
Tartuntatautipäiväraha;2019;7;2019-07-01;Kanta-Häme;0
Tartuntatautipäiväraha;2019;7;2019-07-01;Keski-Pohjanmaa;0
Tartuntatautipäiväraha;2019;7;2019-07-01;Keski-Suomi;0
Tartuntatautipäiväraha;2019;7;2019-07-01;Kymenlaakso;0
Tartuntatautipäiväraha;2019;7;2019-07-01;Lappi;0
Tartuntatautipäiväraha;2019;7;2019-07-01;Pirkanmaa;0
Tartuntatautipäiväraha;2019;7;2019-07-01;Pohjanmaa;0
Tartuntatautipäiväraha;2019;7;2019-07-01;Pohjois-Karjala;0
Tartuntatautipäiväraha;2019;7;2019-07-01;Pohjois-Pohjanmaa;1
Tartuntatautipäiväraha;2019;7;2019-07-01;Pohjois-Savo;0
Tartuntatautipäiväraha;2019;7;2019-07-01;Päijät-Häme;1
Tartuntatautipäiväraha;2019;7;2019-07-01;Satakunta;0
Tartuntatautipäiväraha;2019;7;2019-07-01;Uusimaa;6
Tartuntatautipäiväraha;2019;7;2019-07-01;Varsinais-Suomi;1
Tartuntatautipäiväraha;2019;8;2019-08-01;Etelä-Karjala;0
Tartuntatautipäiväraha;2019;8;2019-08-01;Etelä-Pohjanmaa;0
Tartuntatautipäiväraha;2019;8;2019-08-01;Etelä-Savo;0
Tartuntatautipäiväraha;2019;8;2019-08-01;Kainuu;0
Tartuntatautipäiväraha;2019;8;2019-08-01;Kanta-Häme;0
Tartuntatautipäiväraha;2019;8;2019-08-01;Keski-Pohjanmaa;0
Tartuntatautipäiväraha;2019;8;2019-08-01;Keski-Suomi;0
Tartuntatautipäiväraha;2019;8;2019-08-01;Kymenlaakso;0
Tartuntatautipäiväraha;2019;8;2019-08-01;Lappi;0
Tartuntatautipäiväraha;2019;8;2019-08-01;Pirkanmaa;1
Tartuntatautipäiväraha;2019;8;2019-08-01;Pohjanmaa;1
Tartuntatautipäiväraha;2019;8;2019-08-01;Pohjois-Karjala;0
Tartuntatautipäiväraha;2019;8;2019-08-01;Pohjois-Pohjanmaa;1
Tartuntatautipäiväraha;2019;8;2019-08-01;Pohjois-Savo;1
Tartuntatautipäiväraha;2019;8;2019-08-01;Päijät-Häme;0
Tartuntatautipäiväraha;2019;8;2019-08-01;Satakunta;0
Tartuntatautipäiväraha;2019;8;2019-08-01;Uusimaa;6
Tartuntatautipäiväraha;2019;8;2019-08-01;Varsinais-Suomi;1
Tartuntatautipäiväraha;2019;9;2019-09-01;Etelä-Karjala;0
Tartuntatautipäiväraha;2019;9;2019-09-01;Etelä-Pohjanmaa;1
Tartuntatautipäiväraha;2019;9;2019-09-01;Etelä-Savo;0
Tartuntatautipäiväraha;2019;9;2019-09-01;Kainuu;0
Tartuntatautipäiväraha;2019;9;2019-09-01;Kanta-Häme;0
Tartuntatautipäiväraha;2019;9;2019-09-01;Keski-Pohjanmaa;0
Tartuntatautipäiväraha;2019;9;2019-09-01;Keski-Suomi;1
Tartuntatautipäiväraha;2019;9;2019-09-01;Kymenlaakso;0
Tartuntatautipäiväraha;2019;9;2019-09-01;Lappi;0
Tartuntatautipäiväraha;2019;9;2019-09-01;Pirkanmaa;0
Tartuntatautipäiväraha;2019;9;2019-09-01;Pohjanmaa;0
Tartuntatautipäiväraha;2019;9;2019-09-01;Pohjois-Karjala;0
Tartuntatautipäiväraha;2019;9;2019-09-01;Pohjois-Pohjanmaa;1
Tartuntatautipäiväraha;2019;9;2019-09-01;Pohjois-Savo;0
Tartuntatautipäiväraha;2019;9;2019-09-01;Päijät-Häme;0
Tartuntatautipäiväraha;2019;9;2019-09-01;Satakunta;0
Tartuntatautipäiväraha;2019;9;2019-09-01;Uusimaa;6
Tartuntatautipäiväraha;2019;9;2019-09-01;Varsinais-Suomi;0
Tartuntatautipäiväraha;2019;10;2019-10-01;Etelä-Karjala;0
Tartuntatautipäiväraha;2019;10;2019-10-01;Etelä-Pohjanmaa;0
Tartuntatautipäiväraha;2019;10;2019-10-01;Etelä-Savo;0
Tartuntatautipäiväraha;2019;10;2019-10-01;Kainuu;0
Tartuntatautipäiväraha;2019;10;2019-10-01;Kanta-Häme;1
Tartuntatautipäiväraha;2019;10;2019-10-01;Keski-Pohjanmaa;0
Tartuntatautipäiväraha;2019;10;2019-10-01;Keski-Suomi;0
Tartuntatautipäiväraha;2019;10;2019-10-01;Kymenlaakso;0
Tartuntatautipäiväraha;2019;10;2019-10-01;Lappi;0
Tartuntatautipäiväraha;2019;10;2019-10-01;Pirkanmaa;0
Tartuntatautipäiväraha;2019;10;2019-10-01;Pohjanmaa;0
Tartuntatautipäiväraha;2019;10;2019-10-01;Pohjois-Karjala;0
Tartuntatautipäiväraha;2019;10;2019-10-01;Pohjois-Pohjanmaa;1
Tartuntatautipäiväraha;2019;10;2019-10-01;Pohjois-Savo;0
Tartuntatautipäiväraha;2019;10;2019-10-01;Päijät-Häme;1
Tartuntatautipäiväraha;2019;10;2019-10-01;Satakunta;0
Tartuntatautipäiväraha;2019;10;2019-10-01;Uusimaa;6
Tartuntatautipäiväraha;2019;10;2019-10-01;Varsinais-Suomi;2
Tartuntatautipäiväraha;2019;11;2019-11-01;Etelä-Karjala;0
Tartuntatautipäiväraha;2019;11;2019-11-01;Etelä-Pohjanmaa;1
Tartuntatautipäiväraha;2019;11;2019-11-01;Etelä-Savo;0
Tartuntatautipäiväraha;2019;11;2019-11-01;Kainuu;0
Tartuntatautipäiväraha;2019;11;2019-11-01;Kanta-Häme;1
Tartuntatautipäiväraha;2019;11;2019-11-01;Keski-Pohjanmaa;0
Tartuntatautipäiväraha;2019;11;2019-11-01;Keski-Suomi;0
Tartuntatautipäiväraha;2019;11;2019-11-01;Kymenlaakso;0
Tartuntatautipäiväraha;2019;11;2019-11-01;Lappi;2
Tartuntatautipäiväraha;2019;11;2019-11-01;Pirkanmaa;0
Tartuntatautipäiväraha;2019;11;2019-11-01;Pohjanmaa;0
Tartuntatautipäiväraha;2019;11;2019-11-01;Pohjois-Karjala;0
Tartuntatautipäiväraha;2019;11;2019-11-01;Pohjois-Pohjanmaa;2
Tartuntatautipäiväraha;2019;11;2019-11-01;Pohjois-Savo;0
Tartuntatautipäiväraha;2019;11;2019-11-01;Päijät-Häme;0
Tartuntatautipäiväraha;2019;11;2019-11-01;Satakunta;0
Tartuntatautipäiväraha;2019;11;2019-11-01;Uusimaa;5
Tartuntatautipäiväraha;2019;11;2019-11-01;Varsinais-Suomi;2
Tartuntatautipäiväraha;2019;12;2019-12-01;Etelä-Karjala;0
Tartuntatautipäiväraha;2019;12;2019-12-01;Etelä-Pohjanmaa;0
Tartuntatautipäiväraha;2019;12;2019-12-01;Etelä-Savo;1
Tartuntatautipäiväraha;2019;12;2019-12-01;Kainuu;0
Tartuntatautipäiväraha;2019;12;2019-12-01;Kanta-Häme;1
Tartuntatautipäiväraha;2019;12;2019-12-01;Keski-Pohjanmaa;0
Tartuntatautipäiväraha;2019;12;2019-12-01;Keski-Suomi;1
Tartuntatautipäiväraha;2019;12;2019-12-01;Kymenlaakso;0
Tartuntatautipäiväraha;2019;12;2019-12-01;Lappi;2
Tartuntatautipäiväraha;2019;12;2019-12-01;Pirkanmaa;2
Tartuntatautipäiväraha;2019;12;2019-12-01;Pohjanmaa;0
Tartuntatautipäiväraha;2019;12;2019-12-01;Pohjois-Karjala;0
Tartuntatautipäiväraha;2019;12;2019-12-01;Pohjois-Pohjanmaa;1
Tartuntatautipäiväraha;2019;12;2019-12-01;Pohjois-Savo;0
Tartuntatautipäiväraha;2019;12;2019-12-01;Päijät-Häme;0
Tartuntatautipäiväraha;2019;12;2019-12-01;Satakunta;1
Tartuntatautipäiväraha;2019;12;2019-12-01;Uusimaa;4
Tartuntatautipäiväraha;2019;12;2019-12-01;Varsinais-Suomi;0
Tartuntatautipäiväraha;2020;1;2020-01-01;Etelä-Karjala;0
Tartuntatautipäiväraha;2020;1;2020-01-01;Etelä-Pohjanmaa;0
Tartuntatautipäiväraha;2020;1;2020-01-01;Etelä-Savo;0
Tartuntatautipäiväraha;2020;1;2020-01-01;Kainuu;0
Tartuntatautipäiväraha;2020;1;2020-01-01;Kanta-Häme;0
Tartuntatautipäiväraha;2020;1;2020-01-01;Keski-Pohjanmaa;0
Tartuntatautipäiväraha;2020;1;2020-01-01;Keski-Suomi;0
Tartuntatautipäiväraha;2020;1;2020-01-01;Kymenlaakso;0
Tartuntatautipäiväraha;2020;1;2020-01-01;Lappi;0
Tartuntatautipäiväraha;2020;1;2020-01-01;Pirkanmaa;0
Tartuntatautipäiväraha;2020;1;2020-01-01;Pohjanmaa;0
Tartuntatautipäiväraha;2020;1;2020-01-01;Pohjois-Karjala;0
Tartuntatautipäiväraha;2020;1;2020-01-01;Pohjois-Pohjanmaa;0
Tartuntatautipäiväraha;2020;1;2020-01-01;Pohjois-Savo;3
Tartuntatautipäiväraha;2020;1;2020-01-01;Päijät-Häme;0
Tartuntatautipäiväraha;2020;1;2020-01-01;Satakunta;0
Tartuntatautipäiväraha;2020;1;2020-01-01;Uusimaa;5
Tartuntatautipäiväraha;2020;1;2020-01-01;Varsinais-Suomi;3
Tartuntatautipäiväraha;2020;2;2020-02-01;Etelä-Karjala;0
Tartuntatautipäiväraha;2020;2;2020-02-01;Etelä-Pohjanmaa;0
Tartuntatautipäiväraha;2020;2;2020-02-01;Etelä-Savo;1
Tartuntatautipäiväraha;2020;2;2020-02-01;Kainuu;0
Tartuntatautipäiväraha;2020;2;2020-02-01;Kanta-Häme;0
Tartuntatautipäiväraha;2020;2;2020-02-01;Keski-Pohjanmaa;0
Tartuntatautipäiväraha;2020;2;2020-02-01;Keski-Suomi;0
Tartuntatautipäiväraha;2020;2;2020-02-01;Kymenlaakso;0
Tartuntatautipäiväraha;2020;2;2020-02-01;Lappi;0
Tartuntatautipäiväraha;2020;2;2020-02-01;Pirkanmaa;0
Tartuntatautipäiväraha;2020;2;2020-02-01;Pohjanmaa;0
Tartuntatautipäiväraha;2020;2;2020-02-01;Pohjois-Karjala;0
Tartuntatautipäiväraha;2020;2;2020-02-01;Pohjois-Pohjanmaa;2
Tartuntatautipäiväraha;2020;2;2020-02-01;Pohjois-Savo;1
Tartuntatautipäiväraha;2020;2;2020-02-01;Päijät-Häme;0
Tartuntatautipäiväraha;2020;2;2020-02-01;Satakunta;0
Tartuntatautipäiväraha;2020;2;2020-02-01;Uusimaa;2
Tartuntatautipäiväraha;2020;2;2020-02-01;Varsinais-Suomi;1
Tartuntatautipäiväraha;2020;3;2020-03-01;Etelä-Karjala;1
Tartuntatautipäiväraha;2020;3;2020-03-01;Etelä-Pohjanmaa;2
Tartuntatautipäiväraha;2020;3;2020-03-01;Etelä-Savo;1
Tartuntatautipäiväraha;2020;3;2020-03-01;Kainuu;0
Tartuntatautipäiväraha;2020;3;2020-03-01;Kanta-Häme;9
Tartuntatautipäiväraha;2020;3;2020-03-01;Keski-Pohjanmaa;1
Tartuntatautipäiväraha;2020;3;2020-03-01;Keski-Suomi;2
Tartuntatautipäiväraha;2020;3;2020-03-01;Kymenlaakso;0
Tartuntatautipäiväraha;2020;3;2020-03-01;Lappi;0
Tartuntatautipäiväraha;2020;3;2020-03-01;Pirkanmaa;5
Tartuntatautipäiväraha;2020;3;2020-03-01;Pohjanmaa;0
Tartuntatautipäiväraha;2020;3;2020-03-01;Pohjois-Karjala;0
Tartuntatautipäiväraha;2020;3;2020-03-01;Pohjois-Pohjanmaa;2
Tartuntatautipäiväraha;2020;3;2020-03-01;Pohjois-Savo;3
Tartuntatautipäiväraha;2020;3;2020-03-01;Päijät-Häme;8
Tartuntatautipäiväraha;2020;3;2020-03-01;Satakunta;1
Tartuntatautipäiväraha;2020;3;2020-03-01;Uusimaa;21
Tartuntatautipäiväraha;2020;3;2020-03-01;Varsinais-Suomi;8
Tartuntatautipäiväraha;2020;4;2020-04-01;Etelä-Karjala;6
Tartuntatautipäiväraha;2020;4;2020-04-01;Etelä-Pohjanmaa;13
Tartuntatautipäiväraha;2020;4;2020-04-01;Etelä-Savo;20
Tartuntatautipäiväraha;2020;4;2020-04-01;Kainuu;17
Tartuntatautipäiväraha;2020;4;2020-04-01;Kanta-Häme;34
Tartuntatautipäiväraha;2020;4;2020-04-01;Keski-Pohjanmaa;14
Tartuntatautipäiväraha;2020;4;2020-04-01;Keski-Suomi;27
Tartuntatautipäiväraha;2020;4;2020-04-01;Kymenlaakso;1
Tartuntatautipäiväraha;2020;4;2020-04-01;Lappi;16
Tartuntatautipäiväraha;2020;4;2020-04-01;Pirkanmaa;64
Tartuntatautipäiväraha;2020;4;2020-04-01;Pohjanmaa;23
Tartuntatautipäiväraha;2020;4;2020-04-01;Pohjois-Karjala;4
Tartuntatautipäiväraha;2020;4;2020-04-01;Pohjois-Pohjanmaa;67
Tartuntatautipäiväraha;2020;4;2020-04-01;Pohjois-Savo;44
Tartuntatautipäiväraha;2020;4;2020-04-01;Päijät-Häme;30
Tartuntatautipäiväraha;2020;4;2020-04-01;Satakunta;24
Tartuntatautipäiväraha;2020;4;2020-04-01;Uusimaa;152
Tartuntatautipäiväraha;2020;4;2020-04-01;Varsinais-Suomi;39
Tartuntatautipäiväraha;2020;5;2020-05-01;Etelä-Karjala;5
Tartuntatautipäiväraha;2020;5;2020-05-01;Etelä-Pohjanmaa;30
Tartuntatautipäiväraha;2020;5;2020-05-01;Etelä-Savo;44
Tartuntatautipäiväraha;2020;5;2020-05-01;Kainuu;40
Tartuntatautipäiväraha;2020;5;2020-05-01;Kanta-Häme;66
Tartuntatautipäiväraha;2020;5;2020-05-01;Keski-Pohjanmaa;22
Tartuntatautipäiväraha;2020;5;2020-05-01;Keski-Suomi;115
Tartuntatautipäiväraha;2020;5;2020-05-01;Kymenlaakso;13
Tartuntatautipäiväraha;2020;5;2020-05-01;Lappi;96
Tartuntatautipäiväraha;2020;5;2020-05-01;Pirkanmaa;174
Tartuntatautipäiväraha;2020;5;2020-05-01;Pohjanmaa;127
Tartuntatautipäiväraha;2020;5;2020-05-01;Pohjois-Karjala;5
Tartuntatautipäiväraha;2020;5;2020-05-01;Pohjois-Pohjanmaa;104
Tartuntatautipäiväraha;2020;5;2020-05-01;Pohjois-Savo;96
Tartuntatautipäiväraha;2020;5;2020-05-01;Päijät-Häme;56
Tartuntatautipäiväraha;2020;5;2020-05-01;Satakunta;44
Tartuntatautipäiväraha;2020;5;2020-05-01;Uusimaa;720
Tartuntatautipäiväraha;2020;5;2020-05-01;Varsinais-Suomi;191
Tartuntatautipäiväraha;2020;6;2020-06-01;Etelä-Karjala;15
Tartuntatautipäiväraha;2020;6;2020-06-01;Etelä-Pohjanmaa;16
Tartuntatautipäiväraha;2020;6;2020-06-01;Etelä-Savo;63
Tartuntatautipäiväraha;2020;6;2020-06-01;Kainuu;39
Tartuntatautipäiväraha;2020;6;2020-06-01;Kanta-Häme;64
Tartuntatautipäiväraha;2020;6;2020-06-01;Keski-Pohjanmaa;13
Tartuntatautipäiväraha;2020;6;2020-06-01;Keski-Suomi;104
Tartuntatautipäiväraha;2020;6;2020-06-01;Kymenlaakso;34
Tartuntatautipäiväraha;2020;6;2020-06-01;Lappi;179
Tartuntatautipäiväraha;2020;6;2020-06-01;Pirkanmaa;127
Tartuntatautipäiväraha;2020;6;2020-06-01;Pohjanmaa;51
Tartuntatautipäiväraha;2020;6;2020-06-01;Pohjois-Karjala;15
Tartuntatautipäiväraha;2020;6;2020-06-01;Pohjois-Pohjanmaa;161
Tartuntatautipäiväraha;2020;6;2020-06-01;Pohjois-Savo;58
Tartuntatautipäiväraha;2020;6;2020-06-01;Päijät-Häme;139
Tartuntatautipäiväraha;2020;6;2020-06-01;Satakunta;107
Tartuntatautipäiväraha;2020;6;2020-06-01;Uusimaa;2116
Tartuntatautipäiväraha;2020;6;2020-06-01;Varsinais-Suomi;375
Tartuntatautipäiväraha;2020;7;2020-07-01;Etelä-Karjala;11
Tartuntatautipäiväraha;2020;7;2020-07-01;Etelä-Pohjanmaa;19
Tartuntatautipäiväraha;2020;7;2020-07-01;Etelä-Savo;38
Tartuntatautipäiväraha;2020;7;2020-07-01;Kainuu;13
Tartuntatautipäiväraha;2020;7;2020-07-01;Kanta-Häme;40
Tartuntatautipäiväraha;2020;7;2020-07-01;Keski-Pohjanmaa;2
Tartuntatautipäiväraha;2020;7;2020-07-01;Keski-Suomi;45
Tartuntatautipäiväraha;2020;7;2020-07-01;Kymenlaakso;22
Tartuntatautipäiväraha;2020;7;2020-07-01;Lappi;126
Tartuntatautipäiväraha;2020;7;2020-07-01;Pirkanmaa;44
Tartuntatautipäiväraha;2020;7;2020-07-01;Pohjanmaa;20
Tartuntatautipäiväraha;2020;7;2020-07-01;Pohjois-Karjala;16
Tartuntatautipäiväraha;2020;7;2020-07-01;Pohjois-Pohjanmaa;39
Tartuntatautipäiväraha;2020;7;2020-07-01;Pohjois-Savo;24
Tartuntatautipäiväraha;2020;7;2020-07-01;Päijät-Häme;98
Tartuntatautipäiväraha;2020;7;2020-07-01;Satakunta;28
Tartuntatautipäiväraha;2020;7;2020-07-01;Uusimaa;2428
Tartuntatautipäiväraha;2020;7;2020-07-01;Varsinais-Suomi;159
Tartuntatautipäiväraha;2020;8;2020-08-01;Etelä-Karjala;3
Tartuntatautipäiväraha;2020;8;2020-08-01;Etelä-Pohjanmaa;4
Tartuntatautipäiväraha;2020;8;2020-08-01;Etelä-Savo;8
Tartuntatautipäiväraha;2020;8;2020-08-01;Kainuu;5
Tartuntatautipäiväraha;2020;8;2020-08-01;Kanta-Häme;25
Tartuntatautipäiväraha;2020;8;2020-08-01;Keski-Pohjanmaa;2
Tartuntatautipäiväraha;2020;8;2020-08-01;Keski-Suomi;29
Tartuntatautipäiväraha;2020;8;2020-08-01;Kymenlaakso;8
Tartuntatautipäiväraha;2020;8;2020-08-01;Lappi;50
Tartuntatautipäiväraha;2020;8;2020-08-01;Pirkanmaa;17
Tartuntatautipäiväraha;2020;8;2020-08-01;Pohjanmaa;12
Tartuntatautipäiväraha;2020;8;2020-08-01;Pohjois-Karjala;2
Tartuntatautipäiväraha;2020;8;2020-08-01;Pohjois-Pohjanmaa;15
Tartuntatautipäiväraha;2020;8;2020-08-01;Pohjois-Savo;6
Tartuntatautipäiväraha;2020;8;2020-08-01;Päijät-Häme;14
Tartuntatautipäiväraha;2020;8;2020-08-01;Satakunta;27
Tartuntatautipäiväraha;2020;8;2020-08-01;Uusimaa;753
Tartuntatautipäiväraha;2020;8;2020-08-01;Varsinais-Suomi;56
Tartuntatautipäiväraha;2020;9;2020-09-01;Etelä-Karjala;4
Tartuntatautipäiväraha;2020;9;2020-09-01;Etelä-Pohjanmaa;15
Tartuntatautipäiväraha;2020;9;2020-09-01;Etelä-Savo;9
Tartuntatautipäiväraha;2020;9;2020-09-01;Kainuu;37
Tartuntatautipäiväraha;2020;9;2020-09-01;Kanta-Häme;21
Tartuntatautipäiväraha;2020;9;2020-09-01;Keski-Pohjanmaa;4
Tartuntatautipäiväraha;2020;9;2020-09-01;Keski-Suomi;185
Tartuntatautipäiväraha;2020;9;2020-09-01;Kymenlaakso;12
Tartuntatautipäiväraha;2020;9;2020-09-01;Lappi;50
Tartuntatautipäiväraha;2020;9;2020-09-01;Pirkanmaa;33
Tartuntatautipäiväraha;2020;9;2020-09-01;Pohjanmaa;89
Tartuntatautipäiväraha;2020;9;2020-09-01;Pohjois-Karjala;3
Tartuntatautipäiväraha;2020;9;2020-09-01;Pohjois-Pohjanmaa;83
Tartuntatautipäiväraha;2020;9;2020-09-01;Pohjois-Savo;44
Tartuntatautipäiväraha;2020;9;2020-09-01;Päijät-Häme;45
Tartuntatautipäiväraha;2020;9;2020-09-01;Satakunta;63
Tartuntatautipäiväraha;2020;9;2020-09-01;Uusimaa;786
Tartuntatautipäiväraha;2020;9;2020-09-01;Varsinais-Suomi;156
Tartuntatautipäiväraha;2020;10;2020-10-01;Etelä-Karjala;26
Tartuntatautipäiväraha;2020;10;2020-10-01;Etelä-Pohjanmaa;61
Tartuntatautipäiväraha;2020;10;2020-10-01;Etelä-Savo;100
Tartuntatautipäiväraha;2020;10;2020-10-01;Kainuu;38
Tartuntatautipäiväraha;2020;10;2020-10-01;Kanta-Häme;77
Tartuntatautipäiväraha;2020;10;2020-10-01;Keski-Pohjanmaa;48
Tartuntatautipäiväraha;2020;10;2020-10-01;Keski-Suomi;273
Tartuntatautipäiväraha;2020;10;2020-10-01;Kymenlaakso;39
Tartuntatautipäiväraha;2020;10;2020-10-01;Lappi;79
Tartuntatautipäiväraha;2020;10;2020-10-01;Pirkanmaa;185
Tartuntatautipäiväraha;2020;10;2020-10-01;Pohjanmaa;179
Tartuntatautipäiväraha;2020;10;2020-10-01;Pohjois-Karjala;45
Tartuntatautipäiväraha;2020;10;2020-10-01;Pohjois-Pohjanmaa;108
Tartuntatautipäiväraha;2020;10;2020-10-01;Pohjois-Savo;85
Tartuntatautipäiväraha;2020;10;2020-10-01;Päijät-Häme;175
Tartuntatautipäiväraha;2020;10;2020-10-01;Satakunta;30
Tartuntatautipäiväraha;2020;10;2020-10-01;Uusimaa;1245
Tartuntatautipäiväraha;2020;10;2020-10-01;Varsinais-Suomi;203
Tartuntatautipäiväraha;2020;11;2020-11-01;Etelä-Karjala;53
Tartuntatautipäiväraha;2020;11;2020-11-01;Etelä-Pohjanmaa;166
Tartuntatautipäiväraha;2020;11;2020-11-01;Etelä-Savo;103
Tartuntatautipäiväraha;2020;11;2020-11-01;Kainuu;14
Tartuntatautipäiväraha;2020;11;2020-11-01;Kanta-Häme;137
Tartuntatautipäiväraha;2020;11;2020-11-01;Keski-Pohjanmaa;62
Tartuntatautipäiväraha;2020;11;2020-11-01;Keski-Suomi;297
Tartuntatautipäiväraha;2020;11;2020-11-01;Kymenlaakso;57
Tartuntatautipäiväraha;2020;11;2020-11-01;Lappi;150
Tartuntatautipäiväraha;2020;11;2020-11-01;Pirkanmaa;256
Tartuntatautipäiväraha;2020;11;2020-11-01;Pohjanmaa;479
Tartuntatautipäiväraha;2020;11;2020-11-01;Pohjois-Karjala;118
Tartuntatautipäiväraha;2020;11;2020-11-01;Pohjois-Pohjanmaa;165
Tartuntatautipäiväraha;2020;11;2020-11-01;Pohjois-Savo;197
Tartuntatautipäiväraha;2020;11;2020-11-01;Päijät-Häme;138
Tartuntatautipäiväraha;2020;11;2020-11-01;Satakunta;61
Tartuntatautipäiväraha;2020;11;2020-11-01;Uusimaa;1785
Tartuntatautipäiväraha;2020;11;2020-11-01;Varsinais-Suomi;357
Tartuntatautipäiväraha;2020;12;2020-12-01;Etelä-Karjala;48
Tartuntatautipäiväraha;2020;12;2020-12-01;Etelä-Pohjanmaa;245
Tartuntatautipäiväraha;2020;12;2020-12-01;Etelä-Savo;127
Tartuntatautipäiväraha;2020;12;2020-12-01;Kainuu;34
Tartuntatautipäiväraha;2020;12;2020-12-01;Kanta-Häme;170
Tartuntatautipäiväraha;2020;12;2020-12-01;Keski-Pohjanmaa;46
Tartuntatautipäiväraha;2020;12;2020-12-01;Keski-Suomi;328
Tartuntatautipäiväraha;2020;12;2020-12-01;Kymenlaakso;162
Tartuntatautipäiväraha;2020;12;2020-12-01;Lappi;446
Tartuntatautipäiväraha;2020;12;2020-12-01;Pirkanmaa;460
Tartuntatautipäiväraha;2020;12;2020-12-01;Pohjanmaa;803
Tartuntatautipäiväraha;2020;12;2020-12-01;Pohjois-Karjala;108
Tartuntatautipäiväraha;2020;12;2020-12-01;Pohjois-Pohjanmaa;498
Tartuntatautipäiväraha;2020;12;2020-12-01;Pohjois-Savo;262
Tartuntatautipäiväraha;2020;12;2020-12-01;Päijät-Häme;142
Tartuntatautipäiväraha;2020;12;2020-12-01;Satakunta;177
Tartuntatautipäiväraha;2020;12;2020-12-01;Uusimaa;3391
Tartuntatautipäiväraha;2020;12;2020-12-01;Varsinais-Suomi;865
Tartuntatautipäiväraha;2021;1;2021-01-01;Etelä-Karjala;61
Tartuntatautipäiväraha;2021;1;2021-01-01;Etelä-Pohjanmaa;329
Tartuntatautipäiväraha;2021;1;2021-01-01;Etelä-Savo;135
Tartuntatautipäiväraha;2021;1;2021-01-01;Kainuu;37
Tartuntatautipäiväraha;2021;1;2021-01-01;Kanta-Häme;188
Tartuntatautipäiväraha;2021;1;2021-01-01;Keski-Pohjanmaa;43
Tartuntatautipäiväraha;2021;1;2021-01-01;Keski-Suomi;343
Tartuntatautipäiväraha;2021;1;2021-01-01;Kymenlaakso;300
Tartuntatautipäiväraha;2021;1;2021-01-01;Lappi;306
Tartuntatautipäiväraha;2021;1;2021-01-01;Pirkanmaa;611
Tartuntatautipäiväraha;2021;1;2021-01-01;Pohjanmaa;417
Tartuntatautipäiväraha;2021;1;2021-01-01;Pohjois-Karjala;186
Tartuntatautipäiväraha;2021;1;2021-01-01;Pohjois-Pohjanmaa;797
Tartuntatautipäiväraha;2021;1;2021-01-01;Pohjois-Savo;183
Tartuntatautipäiväraha;2021;1;2021-01-01;Päijät-Häme;330
Tartuntatautipäiväraha;2021;1;2021-01-01;Satakunta;329
Tartuntatautipäiväraha;2021;1;2021-01-01;Uusimaa;3727
Tartuntatautipäiväraha;2021;1;2021-01-01;Varsinais-Suomi;1061
Tartuntatautipäiväraha;2021;2;2021-02-01;Etelä-Karjala;98
Tartuntatautipäiväraha;2021;2;2021-02-01;Etelä-Pohjanmaa;306
Tartuntatautipäiväraha;2021;2;2021-02-01;Etelä-Savo;231
Tartuntatautipäiväraha;2021;2;2021-02-01;Kainuu;40
Tartuntatautipäiväraha;2021;2;2021-02-01;Kanta-Häme;285
Tartuntatautipäiväraha;2021;2;2021-02-01;Keski-Pohjanmaa;39
Tartuntatautipäiväraha;2021;2;2021-02-01;Keski-Suomi;436
Tartuntatautipäiväraha;2021;2;2021-02-01;Kymenlaakso;268
Tartuntatautipäiväraha;2021;2;2021-02-01;Lappi;348
Tartuntatautipäiväraha;2021;2;2021-02-01;Pirkanmaa;731
Tartuntatautipäiväraha;2021;2;2021-02-01;Pohjanmaa;439
Tartuntatautipäiväraha;2021;2;2021-02-01;Pohjois-Karjala;251
Tartuntatautipäiväraha;2021;2;2021-02-01;Pohjois-Pohjanmaa;789
Tartuntatautipäiväraha;2021;2;2021-02-01;Pohjois-Savo;327
Tartuntatautipäiväraha;2021;2;2021-02-01;Päijät-Häme;648
Tartuntatautipäiväraha;2021;2;2021-02-01;Satakunta;228
Tartuntatautipäiväraha;2021;2;2021-02-01;Uusimaa;4773
Tartuntatautipäiväraha;2021;2;2021-02-01;Varsinais-Suomi;1396
Tartuntatautipäiväraha;2021;3;2021-03-01;Etelä-Karjala;95
Tartuntatautipäiväraha;2021;3;2021-03-01;Etelä-Pohjanmaa;378
Tartuntatautipäiväraha;2021;3;2021-03-01;Etelä-Savo;326
Tartuntatautipäiväraha;2021;3;2021-03-01;Kainuu;74
Tartuntatautipäiväraha;2021;3;2021-03-01;Kanta-Häme;438
Tartuntatautipäiväraha;2021;3;2021-03-01;Keski-Pohjanmaa;57
Tartuntatautipäiväraha;2021;3;2021-03-01;Keski-Suomi;632
Tartuntatautipäiväraha;2021;3;2021-03-01;Kymenlaakso;303
Tartuntatautipäiväraha;2021;3;2021-03-01;Lappi;380
Tartuntatautipäiväraha;2021;3;2021-03-01;Pirkanmaa;998
Tartuntatautipäiväraha;2021;3;2021-03-01;Pohjanmaa;1198
Tartuntatautipäiväraha;2021;3;2021-03-01;Pohjois-Karjala;171
Tartuntatautipäiväraha;2021;3;2021-03-01;Pohjois-Pohjanmaa;997
Tartuntatautipäiväraha;2021;3;2021-03-01;Pohjois-Savo;365
Tartuntatautipäiväraha;2021;3;2021-03-01;Päijät-Häme;378
Tartuntatautipäiväraha;2021;3;2021-03-01;Satakunta;755
Tartuntatautipäiväraha;2021;3;2021-03-01;Uusimaa;6816
Tartuntatautipäiväraha;2021;3;2021-03-01;Varsinais-Suomi;1916
Tartuntatautipäiväraha;2021;4;2021-04-01;Etelä-Karjala;194
Tartuntatautipäiväraha;2021;4;2021-04-01;Etelä-Pohjanmaa;264
Tartuntatautipäiväraha;2021;4;2021-04-01;Etelä-Savo;329
Tartuntatautipäiväraha;2021;4;2021-04-01;Kainuu;24
Tartuntatautipäiväraha;2021;4;2021-04-01;Kanta-Häme;387
Tartuntatautipäiväraha;2021;4;2021-04-01;Keski-Pohjanmaa;37
Tartuntatautipäiväraha;2021;4;2021-04-01;Keski-Suomi;337
Tartuntatautipäiväraha;2021;4;2021-04-01;Kymenlaakso;231
Tartuntatautipäiväraha;2021;4;2021-04-01;Lappi;279
Tartuntatautipäiväraha;2021;4;2021-04-01;Pirkanmaa;858
Tartuntatautipäiväraha;2021;4;2021-04-01;Pohjanmaa;752
Tartuntatautipäiväraha;2021;4;2021-04-01;Pohjois-Karjala;97
Tartuntatautipäiväraha;2021;4;2021-04-01;Pohjois-Pohjanmaa;522
Tartuntatautipäiväraha;2021;4;2021-04-01;Pohjois-Savo;239
Tartuntatautipäiväraha;2021;4;2021-04-01;Päijät-Häme;461
Tartuntatautipäiväraha;2021;4;2021-04-01;Satakunta;501
Tartuntatautipäiväraha;2021;4;2021-04-01;Uusimaa;6313
Tartuntatautipäiväraha;2021;4;2021-04-01;Varsinais-Suomi;1811
Tartuntatautipäiväraha;2021;5;2021-05-01;Etelä-Karjala;267
Tartuntatautipäiväraha;2021;5;2021-05-01;Etelä-Pohjanmaa;210
Tartuntatautipäiväraha;2021;5;2021-05-01;Etelä-Savo;540
Tartuntatautipäiväraha;2021;5;2021-05-01;Kainuu;39
Tartuntatautipäiväraha;2021;5;2021-05-01;Kanta-Häme;634
Tartuntatautipäiväraha;2021;5;2021-05-01;Keski-Pohjanmaa;63
Tartuntatautipäiväraha;2021;5;2021-05-01;Keski-Suomi;375
Tartuntatautipäiväraha;2021;5;2021-05-01;Kymenlaakso;374
Tartuntatautipäiväraha;2021;5;2021-05-01;Lappi;253
Tartuntatautipäiväraha;2021;5;2021-05-01;Pirkanmaa;1045
Tartuntatautipäiväraha;2021;5;2021-05-01;Pohjanmaa;456
Tartuntatautipäiväraha;2021;5;2021-05-01;Pohjois-Karjala;85
Tartuntatautipäiväraha;2021;5;2021-05-01;Pohjois-Pohjanmaa;374
Tartuntatautipäiväraha;2021;5;2021-05-01;Pohjois-Savo;273
Tartuntatautipäiväraha;2021;5;2021-05-01;Päijät-Häme;828
Tartuntatautipäiväraha;2021;5;2021-05-01;Satakunta;377
Tartuntatautipäiväraha;2021;5;2021-05-01;Uusimaa;7005
Tartuntatautipäiväraha;2021;5;2021-05-01;Varsinais-Suomi;2130
Tartuntatautipäiväraha;2021;6;2021-06-01;Etelä-Karjala;180
Tartuntatautipäiväraha;2021;6;2021-06-01;Etelä-Pohjanmaa;249
Tartuntatautipäiväraha;2021;6;2021-06-01;Etelä-Savo;204
Tartuntatautipäiväraha;2021;6;2021-06-01;Kainuu;48
Tartuntatautipäiväraha;2021;6;2021-06-01;Kanta-Häme;621
Tartuntatautipäiväraha;2021;6;2021-06-01;Keski-Pohjanmaa;242
Tartuntatautipäiväraha;2021;6;2021-06-01;Keski-Suomi;185
Tartuntatautipäiväraha;2021;6;2021-06-01;Kymenlaakso;248
Tartuntatautipäiväraha;2021;6;2021-06-01;Lappi;271
Tartuntatautipäiväraha;2021;6;2021-06-01;Pirkanmaa;1079
Tartuntatautipäiväraha;2021;6;2021-06-01;Pohjanmaa;278
Tartuntatautipäiväraha;2021;6;2021-06-01;Pohjois-Karjala;70
Tartuntatautipäiväraha;2021;6;2021-06-01;Pohjois-Pohjanmaa;441
Tartuntatautipäiväraha;2021;6;2021-06-01;Pohjois-Savo;167
Tartuntatautipäiväraha;2021;6;2021-06-01;Päijät-Häme;1113
Tartuntatautipäiväraha;2021;6;2021-06-01;Satakunta;330
Tartuntatautipäiväraha;2021;6;2021-06-01;Uusimaa;4857
Tartuntatautipäiväraha;2021;6;2021-06-01;Varsinais-Suomi;1459
Epidemiatuki;2019;1;2019-01-01;Etelä-Karjala;0
Epidemiatuki;2019;1;2019-01-01;Etelä-Pohjanmaa;0
Epidemiatuki;2019;1;2019-01-01;Etelä-Savo;0
Epidemiatuki;2019;1;2019-01-01;Kainuu;0
Epidemiatuki;2019;1;2019-01-01;Kanta-Häme;0
Epidemiatuki;2019;1;2019-01-01;Keski-Pohjanmaa;0
Epidemiatuki;2019;1;2019-01-01;Keski-Suomi;0
Epidemiatuki;2019;1;2019-01-01;Kymenlaakso;0
Epidemiatuki;2019;1;2019-01-01;Lappi;0
Epidemiatuki;2019;1;2019-01-01;Pirkanmaa;0
Epidemiatuki;2019;1;2019-01-01;Pohjanmaa;0
Epidemiatuki;2019;1;2019-01-01;Pohjois-Karjala;0
Epidemiatuki;2019;1;2019-01-01;Pohjois-Pohjanmaa;0
Epidemiatuki;2019;1;2019-01-01;Pohjois-Savo;0
Epidemiatuki;2019;1;2019-01-01;Päijät-Häme;0
Epidemiatuki;2019;1;2019-01-01;Satakunta;0
Epidemiatuki;2019;1;2019-01-01;Uusimaa;0
Epidemiatuki;2019;1;2019-01-01;Varsinais-Suomi;0
Epidemiatuki;2019;2;2019-02-01;Etelä-Karjala;0
Epidemiatuki;2019;2;2019-02-01;Etelä-Pohjanmaa;0
Epidemiatuki;2019;2;2019-02-01;Etelä-Savo;0
Epidemiatuki;2019;2;2019-02-01;Kainuu;0
Epidemiatuki;2019;2;2019-02-01;Kanta-Häme;0
Epidemiatuki;2019;2;2019-02-01;Keski-Pohjanmaa;0
Epidemiatuki;2019;2;2019-02-01;Keski-Suomi;0
Epidemiatuki;2019;2;2019-02-01;Kymenlaakso;0
Epidemiatuki;2019;2;2019-02-01;Lappi;0
Epidemiatuki;2019;2;2019-02-01;Pirkanmaa;0
Epidemiatuki;2019;2;2019-02-01;Pohjanmaa;0
Epidemiatuki;2019;2;2019-02-01;Pohjois-Karjala;0
Epidemiatuki;2019;2;2019-02-01;Pohjois-Pohjanmaa;0
Epidemiatuki;2019;2;2019-02-01;Pohjois-Savo;0
Epidemiatuki;2019;2;2019-02-01;Päijät-Häme;0
Epidemiatuki;2019;2;2019-02-01;Satakunta;0
Epidemiatuki;2019;2;2019-02-01;Uusimaa;0
Epidemiatuki;2019;2;2019-02-01;Varsinais-Suomi;0
Epidemiatuki;2019;3;2019-03-01;Etelä-Karjala;0
Epidemiatuki;2019;3;2019-03-01;Etelä-Pohjanmaa;0
Epidemiatuki;2019;3;2019-03-01;Etelä-Savo;0
Epidemiatuki;2019;3;2019-03-01;Kainuu;0
Epidemiatuki;2019;3;2019-03-01;Kanta-Häme;0
Epidemiatuki;2019;3;2019-03-01;Keski-Pohjanmaa;0
Epidemiatuki;2019;3;2019-03-01;Keski-Suomi;0
Epidemiatuki;2019;3;2019-03-01;Kymenlaakso;0
Epidemiatuki;2019;3;2019-03-01;Lappi;0
Epidemiatuki;2019;3;2019-03-01;Pirkanmaa;0
Epidemiatuki;2019;3;2019-03-01;Pohjanmaa;0
Epidemiatuki;2019;3;2019-03-01;Pohjois-Karjala;0
Epidemiatuki;2019;3;2019-03-01;Pohjois-Pohjanmaa;0
Epidemiatuki;2019;3;2019-03-01;Pohjois-Savo;0
Epidemiatuki;2019;3;2019-03-01;Päijät-Häme;0
Epidemiatuki;2019;3;2019-03-01;Satakunta;0
Epidemiatuki;2019;3;2019-03-01;Uusimaa;0
Epidemiatuki;2019;3;2019-03-01;Varsinais-Suomi;0
Epidemiatuki;2019;4;2019-04-01;Etelä-Karjala;0
Epidemiatuki;2019;4;2019-04-01;Etelä-Pohjanmaa;0
Epidemiatuki;2019;4;2019-04-01;Etelä-Savo;0
Epidemiatuki;2019;4;2019-04-01;Kainuu;0
Epidemiatuki;2019;4;2019-04-01;Kanta-Häme;0
Epidemiatuki;2019;4;2019-04-01;Keski-Pohjanmaa;0
Epidemiatuki;2019;4;2019-04-01;Keski-Suomi;0
Epidemiatuki;2019;4;2019-04-01;Kymenlaakso;0
Epidemiatuki;2019;4;2019-04-01;Lappi;0
Epidemiatuki;2019;4;2019-04-01;Pirkanmaa;0
Epidemiatuki;2019;4;2019-04-01;Pohjanmaa;0
Epidemiatuki;2019;4;2019-04-01;Pohjois-Karjala;0
Epidemiatuki;2019;4;2019-04-01;Pohjois-Pohjanmaa;0
Epidemiatuki;2019;4;2019-04-01;Pohjois-Savo;0
Epidemiatuki;2019;4;2019-04-01;Päijät-Häme;0
Epidemiatuki;2019;4;2019-04-01;Satakunta;0
Epidemiatuki;2019;4;2019-04-01;Uusimaa;0
Epidemiatuki;2019;4;2019-04-01;Varsinais-Suomi;0
Epidemiatuki;2019;5;2019-05-01;Etelä-Karjala;0
Epidemiatuki;2019;5;2019-05-01;Etelä-Pohjanmaa;0
Epidemiatuki;2019;5;2019-05-01;Etelä-Savo;0
Epidemiatuki;2019;5;2019-05-01;Kainuu;0
Epidemiatuki;2019;5;2019-05-01;Kanta-Häme;0
Epidemiatuki;2019;5;2019-05-01;Keski-Pohjanmaa;0
Epidemiatuki;2019;5;2019-05-01;Keski-Suomi;0
Epidemiatuki;2019;5;2019-05-01;Kymenlaakso;0
Epidemiatuki;2019;5;2019-05-01;Lappi;0
Epidemiatuki;2019;5;2019-05-01;Pirkanmaa;0
Epidemiatuki;2019;5;2019-05-01;Pohjanmaa;0
Epidemiatuki;2019;5;2019-05-01;Pohjois-Karjala;0
Epidemiatuki;2019;5;2019-05-01;Pohjois-Pohjanmaa;0
Epidemiatuki;2019;5;2019-05-01;Pohjois-Savo;0
Epidemiatuki;2019;5;2019-05-01;Päijät-Häme;0
Epidemiatuki;2019;5;2019-05-01;Satakunta;0
Epidemiatuki;2019;5;2019-05-01;Uusimaa;0
Epidemiatuki;2019;5;2019-05-01;Varsinais-Suomi;0
Epidemiatuki;2019;6;2019-06-01;Etelä-Karjala;0
Epidemiatuki;2019;6;2019-06-01;Etelä-Pohjanmaa;0
Epidemiatuki;2019;6;2019-06-01;Etelä-Savo;0
Epidemiatuki;2019;6;2019-06-01;Kainuu;0
Epidemiatuki;2019;6;2019-06-01;Kanta-Häme;0
Epidemiatuki;2019;6;2019-06-01;Keski-Pohjanmaa;0
Epidemiatuki;2019;6;2019-06-01;Keski-Suomi;0
Epidemiatuki;2019;6;2019-06-01;Kymenlaakso;0
Epidemiatuki;2019;6;2019-06-01;Lappi;0
Epidemiatuki;2019;6;2019-06-01;Pirkanmaa;0
Epidemiatuki;2019;6;2019-06-01;Pohjanmaa;0
Epidemiatuki;2019;6;2019-06-01;Pohjois-Karjala;0
Epidemiatuki;2019;6;2019-06-01;Pohjois-Pohjanmaa;0
Epidemiatuki;2019;6;2019-06-01;Pohjois-Savo;0
Epidemiatuki;2019;6;2019-06-01;Päijät-Häme;0
Epidemiatuki;2019;6;2019-06-01;Satakunta;0
Epidemiatuki;2019;6;2019-06-01;Uusimaa;0
Epidemiatuki;2019;6;2019-06-01;Varsinais-Suomi;0
Epidemiatuki;2019;7;2019-07-01;Etelä-Karjala;0
Epidemiatuki;2019;7;2019-07-01;Etelä-Pohjanmaa;0
Epidemiatuki;2019;7;2019-07-01;Etelä-Savo;0
Epidemiatuki;2019;7;2019-07-01;Kainuu;0
Epidemiatuki;2019;7;2019-07-01;Kanta-Häme;0
Epidemiatuki;2019;7;2019-07-01;Keski-Pohjanmaa;0
Epidemiatuki;2019;7;2019-07-01;Keski-Suomi;0
Epidemiatuki;2019;7;2019-07-01;Kymenlaakso;0
Epidemiatuki;2019;7;2019-07-01;Lappi;0
Epidemiatuki;2019;7;2019-07-01;Pirkanmaa;0
Epidemiatuki;2019;7;2019-07-01;Pohjanmaa;0
Epidemiatuki;2019;7;2019-07-01;Pohjois-Karjala;0
Epidemiatuki;2019;7;2019-07-01;Pohjois-Pohjanmaa;0
Epidemiatuki;2019;7;2019-07-01;Pohjois-Savo;0
Epidemiatuki;2019;7;2019-07-01;Päijät-Häme;0
Epidemiatuki;2019;7;2019-07-01;Satakunta;0
Epidemiatuki;2019;7;2019-07-01;Uusimaa;0
Epidemiatuki;2019;7;2019-07-01;Varsinais-Suomi;0
Epidemiatuki;2019;8;2019-08-01;Etelä-Karjala;0
Epidemiatuki;2019;8;2019-08-01;Etelä-Pohjanmaa;0
Epidemiatuki;2019;8;2019-08-01;Etelä-Savo;0
Epidemiatuki;2019;8;2019-08-01;Kainuu;0
Epidemiatuki;2019;8;2019-08-01;Kanta-Häme;0
Epidemiatuki;2019;8;2019-08-01;Keski-Pohjanmaa;0
Epidemiatuki;2019;8;2019-08-01;Keski-Suomi;0
Epidemiatuki;2019;8;2019-08-01;Kymenlaakso;0
Epidemiatuki;2019;8;2019-08-01;Lappi;0
Epidemiatuki;2019;8;2019-08-01;Pirkanmaa;0
Epidemiatuki;2019;8;2019-08-01;Pohjanmaa;0
Epidemiatuki;2019;8;2019-08-01;Pohjois-Karjala;0
Epidemiatuki;2019;8;2019-08-01;Pohjois-Pohjanmaa;0
Epidemiatuki;2019;8;2019-08-01;Pohjois-Savo;0
Epidemiatuki;2019;8;2019-08-01;Päijät-Häme;0
Epidemiatuki;2019;8;2019-08-01;Satakunta;0
Epidemiatuki;2019;8;2019-08-01;Uusimaa;0
Epidemiatuki;2019;8;2019-08-01;Varsinais-Suomi;0
Epidemiatuki;2019;9;2019-09-01;Etelä-Karjala;0
Epidemiatuki;2019;9;2019-09-01;Etelä-Pohjanmaa;0
Epidemiatuki;2019;9;2019-09-01;Etelä-Savo;0
Epidemiatuki;2019;9;2019-09-01;Kainuu;0
Epidemiatuki;2019;9;2019-09-01;Kanta-Häme;0
Epidemiatuki;2019;9;2019-09-01;Keski-Pohjanmaa;0
Epidemiatuki;2019;9;2019-09-01;Keski-Suomi;0
Epidemiatuki;2019;9;2019-09-01;Kymenlaakso;0
Epidemiatuki;2019;9;2019-09-01;Lappi;0
Epidemiatuki;2019;9;2019-09-01;Pirkanmaa;0
Epidemiatuki;2019;9;2019-09-01;Pohjanmaa;0
Epidemiatuki;2019;9;2019-09-01;Pohjois-Karjala;0
Epidemiatuki;2019;9;2019-09-01;Pohjois-Pohjanmaa;0
Epidemiatuki;2019;9;2019-09-01;Pohjois-Savo;0
Epidemiatuki;2019;9;2019-09-01;Päijät-Häme;0
Epidemiatuki;2019;9;2019-09-01;Satakunta;0
Epidemiatuki;2019;9;2019-09-01;Uusimaa;0
Epidemiatuki;2019;9;2019-09-01;Varsinais-Suomi;0
Epidemiatuki;2019;10;2019-10-01;Etelä-Karjala;0
Epidemiatuki;2019;10;2019-10-01;Etelä-Pohjanmaa;0
Epidemiatuki;2019;10;2019-10-01;Etelä-Savo;0
Epidemiatuki;2019;10;2019-10-01;Kainuu;0
Epidemiatuki;2019;10;2019-10-01;Kanta-Häme;0
Epidemiatuki;2019;10;2019-10-01;Keski-Pohjanmaa;0
Epidemiatuki;2019;10;2019-10-01;Keski-Suomi;0
Epidemiatuki;2019;10;2019-10-01;Kymenlaakso;0
Epidemiatuki;2019;10;2019-10-01;Lappi;0
Epidemiatuki;2019;10;2019-10-01;Pirkanmaa;0
Epidemiatuki;2019;10;2019-10-01;Pohjanmaa;0
Epidemiatuki;2019;10;2019-10-01;Pohjois-Karjala;0
Epidemiatuki;2019;10;2019-10-01;Pohjois-Pohjanmaa;0
Epidemiatuki;2019;10;2019-10-01;Pohjois-Savo;0
Epidemiatuki;2019;10;2019-10-01;Päijät-Häme;0
Epidemiatuki;2019;10;2019-10-01;Satakunta;0
Epidemiatuki;2019;10;2019-10-01;Uusimaa;0
Epidemiatuki;2019;10;2019-10-01;Varsinais-Suomi;0
Epidemiatuki;2019;11;2019-11-01;Etelä-Karjala;0
Epidemiatuki;2019;11;2019-11-01;Etelä-Pohjanmaa;0
Epidemiatuki;2019;11;2019-11-01;Etelä-Savo;0
Epidemiatuki;2019;11;2019-11-01;Kainuu;0
Epidemiatuki;2019;11;2019-11-01;Kanta-Häme;0
Epidemiatuki;2019;11;2019-11-01;Keski-Pohjanmaa;0
Epidemiatuki;2019;11;2019-11-01;Keski-Suomi;0
Epidemiatuki;2019;11;2019-11-01;Kymenlaakso;0
Epidemiatuki;2019;11;2019-11-01;Lappi;0
Epidemiatuki;2019;11;2019-11-01;Pirkanmaa;0
Epidemiatuki;2019;11;2019-11-01;Pohjanmaa;0
Epidemiatuki;2019;11;2019-11-01;Pohjois-Karjala;0
Epidemiatuki;2019;11;2019-11-01;Pohjois-Pohjanmaa;0
Epidemiatuki;2019;11;2019-11-01;Pohjois-Savo;0
Epidemiatuki;2019;11;2019-11-01;Päijät-Häme;0
Epidemiatuki;2019;11;2019-11-01;Satakunta;0
Epidemiatuki;2019;11;2019-11-01;Uusimaa;0
Epidemiatuki;2019;11;2019-11-01;Varsinais-Suomi;0
Epidemiatuki;2019;12;2019-12-01;Etelä-Karjala;0
Epidemiatuki;2019;12;2019-12-01;Etelä-Pohjanmaa;0
Epidemiatuki;2019;12;2019-12-01;Etelä-Savo;0
Epidemiatuki;2019;12;2019-12-01;Kainuu;0
Epidemiatuki;2019;12;2019-12-01;Kanta-Häme;0
Epidemiatuki;2019;12;2019-12-01;Keski-Pohjanmaa;0
Epidemiatuki;2019;12;2019-12-01;Keski-Suomi;0
Epidemiatuki;2019;12;2019-12-01;Kymenlaakso;0
Epidemiatuki;2019;12;2019-12-01;Lappi;0
Epidemiatuki;2019;12;2019-12-01;Pirkanmaa;0
Epidemiatuki;2019;12;2019-12-01;Pohjanmaa;0
Epidemiatuki;2019;12;2019-12-01;Pohjois-Karjala;0
Epidemiatuki;2019;12;2019-12-01;Pohjois-Pohjanmaa;0
Epidemiatuki;2019;12;2019-12-01;Pohjois-Savo;0
Epidemiatuki;2019;12;2019-12-01;Päijät-Häme;0
Epidemiatuki;2019;12;2019-12-01;Satakunta;0
Epidemiatuki;2019;12;2019-12-01;Uusimaa;0
Epidemiatuki;2019;12;2019-12-01;Varsinais-Suomi;0
Epidemiatuki;2020;1;2020-01-01;Etelä-Karjala;0
Epidemiatuki;2020;1;2020-01-01;Etelä-Pohjanmaa;0
Epidemiatuki;2020;1;2020-01-01;Etelä-Savo;0
Epidemiatuki;2020;1;2020-01-01;Kainuu;0
Epidemiatuki;2020;1;2020-01-01;Kanta-Häme;0
Epidemiatuki;2020;1;2020-01-01;Keski-Pohjanmaa;0
Epidemiatuki;2020;1;2020-01-01;Keski-Suomi;0
Epidemiatuki;2020;1;2020-01-01;Kymenlaakso;0
Epidemiatuki;2020;1;2020-01-01;Lappi;0
Epidemiatuki;2020;1;2020-01-01;Pirkanmaa;0
Epidemiatuki;2020;1;2020-01-01;Pohjanmaa;0
Epidemiatuki;2020;1;2020-01-01;Pohjois-Karjala;0
Epidemiatuki;2020;1;2020-01-01;Pohjois-Pohjanmaa;0
Epidemiatuki;2020;1;2020-01-01;Pohjois-Savo;0
Epidemiatuki;2020;1;2020-01-01;Päijät-Häme;0
Epidemiatuki;2020;1;2020-01-01;Satakunta;0
Epidemiatuki;2020;1;2020-01-01;Uusimaa;0
Epidemiatuki;2020;1;2020-01-01;Varsinais-Suomi;0
Epidemiatuki;2020;2;2020-02-01;Etelä-Karjala;0
Epidemiatuki;2020;2;2020-02-01;Etelä-Pohjanmaa;0
Epidemiatuki;2020;2;2020-02-01;Etelä-Savo;0
Epidemiatuki;2020;2;2020-02-01;Kainuu;0
Epidemiatuki;2020;2;2020-02-01;Kanta-Häme;0
Epidemiatuki;2020;2;2020-02-01;Keski-Pohjanmaa;0
Epidemiatuki;2020;2;2020-02-01;Keski-Suomi;0
Epidemiatuki;2020;2;2020-02-01;Kymenlaakso;0
Epidemiatuki;2020;2;2020-02-01;Lappi;0
Epidemiatuki;2020;2;2020-02-01;Pirkanmaa;0
Epidemiatuki;2020;2;2020-02-01;Pohjanmaa;0
Epidemiatuki;2020;2;2020-02-01;Pohjois-Karjala;0
Epidemiatuki;2020;2;2020-02-01;Pohjois-Pohjanmaa;0
Epidemiatuki;2020;2;2020-02-01;Pohjois-Savo;0
Epidemiatuki;2020;2;2020-02-01;Päijät-Häme;0
Epidemiatuki;2020;2;2020-02-01;Satakunta;0
Epidemiatuki;2020;2;2020-02-01;Uusimaa;0
Epidemiatuki;2020;2;2020-02-01;Varsinais-Suomi;0
Epidemiatuki;2020;3;2020-03-01;Etelä-Karjala;0
Epidemiatuki;2020;3;2020-03-01;Etelä-Pohjanmaa;0
Epidemiatuki;2020;3;2020-03-01;Etelä-Savo;0
Epidemiatuki;2020;3;2020-03-01;Kainuu;0
Epidemiatuki;2020;3;2020-03-01;Kanta-Häme;0
Epidemiatuki;2020;3;2020-03-01;Keski-Pohjanmaa;0
Epidemiatuki;2020;3;2020-03-01;Keski-Suomi;0
Epidemiatuki;2020;3;2020-03-01;Kymenlaakso;0
Epidemiatuki;2020;3;2020-03-01;Lappi;0
Epidemiatuki;2020;3;2020-03-01;Pirkanmaa;0
Epidemiatuki;2020;3;2020-03-01;Pohjanmaa;0
Epidemiatuki;2020;3;2020-03-01;Pohjois-Karjala;0
Epidemiatuki;2020;3;2020-03-01;Pohjois-Pohjanmaa;0
Epidemiatuki;2020;3;2020-03-01;Pohjois-Savo;0
Epidemiatuki;2020;3;2020-03-01;Päijät-Häme;0
Epidemiatuki;2020;3;2020-03-01;Satakunta;0
Epidemiatuki;2020;3;2020-03-01;Uusimaa;0
Epidemiatuki;2020;3;2020-03-01;Varsinais-Suomi;0
Epidemiatuki;2020;4;2020-04-01;Etelä-Karjala;0
Epidemiatuki;2020;4;2020-04-01;Etelä-Pohjanmaa;0
Epidemiatuki;2020;4;2020-04-01;Etelä-Savo;0
Epidemiatuki;2020;4;2020-04-01;Kainuu;0
Epidemiatuki;2020;4;2020-04-01;Kanta-Häme;0
Epidemiatuki;2020;4;2020-04-01;Keski-Pohjanmaa;0
Epidemiatuki;2020;4;2020-04-01;Keski-Suomi;0
Epidemiatuki;2020;4;2020-04-01;Kymenlaakso;0
Epidemiatuki;2020;4;2020-04-01;Lappi;0
Epidemiatuki;2020;4;2020-04-01;Pirkanmaa;0
Epidemiatuki;2020;4;2020-04-01;Pohjanmaa;0
Epidemiatuki;2020;4;2020-04-01;Pohjois-Karjala;0
Epidemiatuki;2020;4;2020-04-01;Pohjois-Pohjanmaa;0
Epidemiatuki;2020;4;2020-04-01;Pohjois-Savo;0
Epidemiatuki;2020;4;2020-04-01;Päijät-Häme;0
Epidemiatuki;2020;4;2020-04-01;Satakunta;0
Epidemiatuki;2020;4;2020-04-01;Uusimaa;0
Epidemiatuki;2020;4;2020-04-01;Varsinais-Suomi;0
Epidemiatuki;2020;5;2020-05-01;Etelä-Karjala;37
Epidemiatuki;2020;5;2020-05-01;Etelä-Pohjanmaa;82
Epidemiatuki;2020;5;2020-05-01;Etelä-Savo;37
Epidemiatuki;2020;5;2020-05-01;Kainuu;17
Epidemiatuki;2020;5;2020-05-01;Kanta-Häme;56
Epidemiatuki;2020;5;2020-05-01;Keski-Pohjanmaa;26
Epidemiatuki;2020;5;2020-05-01;Keski-Suomi;93
Epidemiatuki;2020;5;2020-05-01;Kymenlaakso;37
Epidemiatuki;2020;5;2020-05-01;Lappi;66
Epidemiatuki;2020;5;2020-05-01;Pirkanmaa;194
Epidemiatuki;2020;5;2020-05-01;Pohjanmaa;79
Epidemiatuki;2020;5;2020-05-01;Pohjois-Karjala;53
Epidemiatuki;2020;5;2020-05-01;Pohjois-Pohjanmaa;137
Epidemiatuki;2020;5;2020-05-01;Pohjois-Savo;75
Epidemiatuki;2020;5;2020-05-01;Päijät-Häme;56
Epidemiatuki;2020;5;2020-05-01;Satakunta;78
Epidemiatuki;2020;5;2020-05-01;Uusimaa;596
Epidemiatuki;2020;5;2020-05-01;Varsinais-Suomi;171
Epidemiatuki;2020;6;2020-06-01;Etelä-Karjala;11
Epidemiatuki;2020;6;2020-06-01;Etelä-Pohjanmaa;28
Epidemiatuki;2020;6;2020-06-01;Etelä-Savo;21
Epidemiatuki;2020;6;2020-06-01;Kainuu;2
Epidemiatuki;2020;6;2020-06-01;Kanta-Häme;24
Epidemiatuki;2020;6;2020-06-01;Keski-Pohjanmaa;6
Epidemiatuki;2020;6;2020-06-01;Keski-Suomi;32
Epidemiatuki;2020;6;2020-06-01;Kymenlaakso;16
Epidemiatuki;2020;6;2020-06-01;Lappi;15
Epidemiatuki;2020;6;2020-06-01;Pirkanmaa;79
Epidemiatuki;2020;6;2020-06-01;Pohjanmaa;25
Epidemiatuki;2020;6;2020-06-01;Pohjois-Karjala;10
Epidemiatuki;2020;6;2020-06-01;Pohjois-Pohjanmaa;42
Epidemiatuki;2020;6;2020-06-01;Pohjois-Savo;29
Epidemiatuki;2020;6;2020-06-01;Päijät-Häme;27
Epidemiatuki;2020;6;2020-06-01;Satakunta;34
Epidemiatuki;2020;6;2020-06-01;Uusimaa;208
Epidemiatuki;2020;6;2020-06-01;Varsinais-Suomi;64
Epidemiatuki;2020;7;2020-07-01;Etelä-Karjala;2
Epidemiatuki;2020;7;2020-07-01;Etelä-Pohjanmaa;4
Epidemiatuki;2020;7;2020-07-01;Etelä-Savo;4
Epidemiatuki;2020;7;2020-07-01;Kainuu;0
Epidemiatuki;2020;7;2020-07-01;Kanta-Häme;6
Epidemiatuki;2020;7;2020-07-01;Keski-Pohjanmaa;0
Epidemiatuki;2020;7;2020-07-01;Keski-Suomi;9
Epidemiatuki;2020;7;2020-07-01;Kymenlaakso;4
Epidemiatuki;2020;7;2020-07-01;Lappi;7
Epidemiatuki;2020;7;2020-07-01;Pirkanmaa;30
Epidemiatuki;2020;7;2020-07-01;Pohjanmaa;7
Epidemiatuki;2020;7;2020-07-01;Pohjois-Karjala;3
Epidemiatuki;2020;7;2020-07-01;Pohjois-Pohjanmaa;7
Epidemiatuki;2020;7;2020-07-01;Pohjois-Savo;12
Epidemiatuki;2020;7;2020-07-01;Päijät-Häme;5
Epidemiatuki;2020;7;2020-07-01;Satakunta;19
Epidemiatuki;2020;7;2020-07-01;Uusimaa;62
Epidemiatuki;2020;7;2020-07-01;Varsinais-Suomi;24
Epidemiatuki;2020;8;2020-08-01;Etelä-Karjala;1
Epidemiatuki;2020;8;2020-08-01;Etelä-Pohjanmaa;5
Epidemiatuki;2020;8;2020-08-01;Etelä-Savo;0
Epidemiatuki;2020;8;2020-08-01;Kainuu;0
Epidemiatuki;2020;8;2020-08-01;Kanta-Häme;1
Epidemiatuki;2020;8;2020-08-01;Keski-Pohjanmaa;0
Epidemiatuki;2020;8;2020-08-01;Keski-Suomi;0
Epidemiatuki;2020;8;2020-08-01;Kymenlaakso;0
Epidemiatuki;2020;8;2020-08-01;Lappi;0
Epidemiatuki;2020;8;2020-08-01;Pirkanmaa;5
Epidemiatuki;2020;8;2020-08-01;Pohjanmaa;4
Epidemiatuki;2020;8;2020-08-01;Pohjois-Karjala;0
Epidemiatuki;2020;8;2020-08-01;Pohjois-Pohjanmaa;1
Epidemiatuki;2020;8;2020-08-01;Pohjois-Savo;3
Epidemiatuki;2020;8;2020-08-01;Päijät-Häme;5
Epidemiatuki;2020;8;2020-08-01;Satakunta;2
Epidemiatuki;2020;8;2020-08-01;Uusimaa;10
Epidemiatuki;2020;8;2020-08-01;Varsinais-Suomi;6
Epidemiatuki;2020;9;2020-09-01;Etelä-Karjala;0
Epidemiatuki;2020;9;2020-09-01;Etelä-Pohjanmaa;1
Epidemiatuki;2020;9;2020-09-01;Etelä-Savo;1
Epidemiatuki;2020;9;2020-09-01;Kainuu;0
Epidemiatuki;2020;9;2020-09-01;Kanta-Häme;1
Epidemiatuki;2020;9;2020-09-01;Keski-Pohjanmaa;0
Epidemiatuki;2020;9;2020-09-01;Keski-Suomi;3
Epidemiatuki;2020;9;2020-09-01;Kymenlaakso;0
Epidemiatuki;2020;9;2020-09-01;Lappi;0
Epidemiatuki;2020;9;2020-09-01;Pirkanmaa;0
Epidemiatuki;2020;9;2020-09-01;Pohjanmaa;2
Epidemiatuki;2020;9;2020-09-01;Pohjois-Karjala;0
Epidemiatuki;2020;9;2020-09-01;Pohjois-Pohjanmaa;0
Epidemiatuki;2020;9;2020-09-01;Pohjois-Savo;1
Epidemiatuki;2020;9;2020-09-01;Päijät-Häme;0
Epidemiatuki;2020;9;2020-09-01;Satakunta;0
Epidemiatuki;2020;9;2020-09-01;Uusimaa;1
Epidemiatuki;2020;9;2020-09-01;Varsinais-Suomi;3
Epidemiatuki;2020;10;2020-10-01;Etelä-Karjala;0
Epidemiatuki;2020;10;2020-10-01;Etelä-Pohjanmaa;0
Epidemiatuki;2020;10;2020-10-01;Etelä-Savo;0
Epidemiatuki;2020;10;2020-10-01;Kainuu;0
Epidemiatuki;2020;10;2020-10-01;Kanta-Häme;0
Epidemiatuki;2020;10;2020-10-01;Keski-Pohjanmaa;0
Epidemiatuki;2020;10;2020-10-01;Keski-Suomi;0
Epidemiatuki;2020;10;2020-10-01;Kymenlaakso;0
Epidemiatuki;2020;10;2020-10-01;Lappi;0
Epidemiatuki;2020;10;2020-10-01;Pirkanmaa;0
Epidemiatuki;2020;10;2020-10-01;Pohjanmaa;0
Epidemiatuki;2020;10;2020-10-01;Pohjois-Karjala;0
Epidemiatuki;2020;10;2020-10-01;Pohjois-Pohjanmaa;0
Epidemiatuki;2020;10;2020-10-01;Pohjois-Savo;0
Epidemiatuki;2020;10;2020-10-01;Päijät-Häme;0
Epidemiatuki;2020;10;2020-10-01;Satakunta;0
Epidemiatuki;2020;10;2020-10-01;Uusimaa;0
Epidemiatuki;2020;10;2020-10-01;Varsinais-Suomi;0
Epidemiatuki;2020;11;2020-11-01;Etelä-Karjala;0
Epidemiatuki;2020;11;2020-11-01;Etelä-Pohjanmaa;0
Epidemiatuki;2020;11;2020-11-01;Etelä-Savo;0
Epidemiatuki;2020;11;2020-11-01;Kainuu;0
Epidemiatuki;2020;11;2020-11-01;Kanta-Häme;0
Epidemiatuki;2020;11;2020-11-01;Keski-Pohjanmaa;0
Epidemiatuki;2020;11;2020-11-01;Keski-Suomi;0
Epidemiatuki;2020;11;2020-11-01;Kymenlaakso;0
Epidemiatuki;2020;11;2020-11-01;Lappi;0
Epidemiatuki;2020;11;2020-11-01;Pirkanmaa;0
Epidemiatuki;2020;11;2020-11-01;Pohjanmaa;0
Epidemiatuki;2020;11;2020-11-01;Pohjois-Karjala;0
Epidemiatuki;2020;11;2020-11-01;Pohjois-Pohjanmaa;0
Epidemiatuki;2020;11;2020-11-01;Pohjois-Savo;0
Epidemiatuki;2020;11;2020-11-01;Päijät-Häme;0
Epidemiatuki;2020;11;2020-11-01;Satakunta;0
Epidemiatuki;2020;11;2020-11-01;Uusimaa;1
Epidemiatuki;2020;11;2020-11-01;Varsinais-Suomi;0
Epidemiatuki;2020;12;2020-12-01;Etelä-Karjala;0
Epidemiatuki;2020;12;2020-12-01;Etelä-Pohjanmaa;0
Epidemiatuki;2020;12;2020-12-01;Etelä-Savo;0
Epidemiatuki;2020;12;2020-12-01;Kainuu;0
Epidemiatuki;2020;12;2020-12-01;Kanta-Häme;0
Epidemiatuki;2020;12;2020-12-01;Keski-Pohjanmaa;0
Epidemiatuki;2020;12;2020-12-01;Keski-Suomi;0
Epidemiatuki;2020;12;2020-12-01;Kymenlaakso;0
Epidemiatuki;2020;12;2020-12-01;Lappi;0
Epidemiatuki;2020;12;2020-12-01;Pirkanmaa;0
Epidemiatuki;2020;12;2020-12-01;Pohjanmaa;0
Epidemiatuki;2020;12;2020-12-01;Pohjois-Karjala;0
Epidemiatuki;2020;12;2020-12-01;Pohjois-Pohjanmaa;0
Epidemiatuki;2020;12;2020-12-01;Pohjois-Savo;1
Epidemiatuki;2020;12;2020-12-01;Päijät-Häme;0
Epidemiatuki;2020;12;2020-12-01;Satakunta;0
Epidemiatuki;2020;12;2020-12-01;Uusimaa;0
Epidemiatuki;2020;12;2020-12-01;Varsinais-Suomi;0
Epidemiatuki;2021;1;2021-01-01;Etelä-Karjala;0
Epidemiatuki;2021;1;2021-01-01;Etelä-Pohjanmaa;0
Epidemiatuki;2021;1;2021-01-01;Etelä-Savo;0
Epidemiatuki;2021;1;2021-01-01;Kainuu;0
Epidemiatuki;2021;1;2021-01-01;Kanta-Häme;0
Epidemiatuki;2021;1;2021-01-01;Keski-Pohjanmaa;0
Epidemiatuki;2021;1;2021-01-01;Keski-Suomi;0
Epidemiatuki;2021;1;2021-01-01;Kymenlaakso;0
Epidemiatuki;2021;1;2021-01-01;Lappi;0
Epidemiatuki;2021;1;2021-01-01;Pirkanmaa;0
Epidemiatuki;2021;1;2021-01-01;Pohjanmaa;0
Epidemiatuki;2021;1;2021-01-01;Pohjois-Karjala;0
Epidemiatuki;2021;1;2021-01-01;Pohjois-Pohjanmaa;0
Epidemiatuki;2021;1;2021-01-01;Pohjois-Savo;0
Epidemiatuki;2021;1;2021-01-01;Päijät-Häme;0
Epidemiatuki;2021;1;2021-01-01;Satakunta;0
Epidemiatuki;2021;1;2021-01-01;Uusimaa;0
Epidemiatuki;2021;1;2021-01-01;Varsinais-Suomi;0
Epidemiatuki;2021;2;2021-02-01;Etelä-Karjala;0
Epidemiatuki;2021;2;2021-02-01;Etelä-Pohjanmaa;0
Epidemiatuki;2021;2;2021-02-01;Etelä-Savo;0
Epidemiatuki;2021;2;2021-02-01;Kainuu;0
Epidemiatuki;2021;2;2021-02-01;Kanta-Häme;0
Epidemiatuki;2021;2;2021-02-01;Keski-Pohjanmaa;0
Epidemiatuki;2021;2;2021-02-01;Keski-Suomi;0
Epidemiatuki;2021;2;2021-02-01;Kymenlaakso;0
Epidemiatuki;2021;2;2021-02-01;Lappi;0
Epidemiatuki;2021;2;2021-02-01;Pirkanmaa;0
Epidemiatuki;2021;2;2021-02-01;Pohjanmaa;0
Epidemiatuki;2021;2;2021-02-01;Pohjois-Karjala;0
Epidemiatuki;2021;2;2021-02-01;Pohjois-Pohjanmaa;0
Epidemiatuki;2021;2;2021-02-01;Pohjois-Savo;0
Epidemiatuki;2021;2;2021-02-01;Päijät-Häme;0
Epidemiatuki;2021;2;2021-02-01;Satakunta;0
Epidemiatuki;2021;2;2021-02-01;Uusimaa;0
Epidemiatuki;2021;2;2021-02-01;Varsinais-Suomi;0
Epidemiatuki;2021;3;2021-03-01;Etelä-Karjala;0
Epidemiatuki;2021;3;2021-03-01;Etelä-Pohjanmaa;0
Epidemiatuki;2021;3;2021-03-01;Etelä-Savo;0
Epidemiatuki;2021;3;2021-03-01;Kainuu;0
Epidemiatuki;2021;3;2021-03-01;Kanta-Häme;0
Epidemiatuki;2021;3;2021-03-01;Keski-Pohjanmaa;0
Epidemiatuki;2021;3;2021-03-01;Keski-Suomi;0
Epidemiatuki;2021;3;2021-03-01;Kymenlaakso;0
Epidemiatuki;2021;3;2021-03-01;Lappi;0
Epidemiatuki;2021;3;2021-03-01;Pirkanmaa;0
Epidemiatuki;2021;3;2021-03-01;Pohjanmaa;0
Epidemiatuki;2021;3;2021-03-01;Pohjois-Karjala;0
Epidemiatuki;2021;3;2021-03-01;Pohjois-Pohjanmaa;1
Epidemiatuki;2021;3;2021-03-01;Pohjois-Savo;0
Epidemiatuki;2021;3;2021-03-01;Päijät-Häme;0
Epidemiatuki;2021;3;2021-03-01;Satakunta;0
Epidemiatuki;2021;3;2021-03-01;Uusimaa;0
Epidemiatuki;2021;3;2021-03-01;Varsinais-Suomi;0
Epidemiatuki;2021;4;2021-04-01;Etelä-Karjala;0
Epidemiatuki;2021;4;2021-04-01;Etelä-Pohjanmaa;0
Epidemiatuki;2021;4;2021-04-01;Etelä-Savo;0
Epidemiatuki;2021;4;2021-04-01;Kainuu;0
Epidemiatuki;2021;4;2021-04-01;Kanta-Häme;0
Epidemiatuki;2021;4;2021-04-01;Keski-Pohjanmaa;0
Epidemiatuki;2021;4;2021-04-01;Keski-Suomi;0
Epidemiatuki;2021;4;2021-04-01;Kymenlaakso;0
Epidemiatuki;2021;4;2021-04-01;Lappi;0
Epidemiatuki;2021;4;2021-04-01;Pirkanmaa;0
Epidemiatuki;2021;4;2021-04-01;Pohjanmaa;0
Epidemiatuki;2021;4;2021-04-01;Pohjois-Karjala;0
Epidemiatuki;2021;4;2021-04-01;Pohjois-Pohjanmaa;0
Epidemiatuki;2021;4;2021-04-01;Pohjois-Savo;0
Epidemiatuki;2021;4;2021-04-01;Päijät-Häme;0
Epidemiatuki;2021;4;2021-04-01;Satakunta;0
Epidemiatuki;2021;4;2021-04-01;Uusimaa;0
Epidemiatuki;2021;4;2021-04-01;Varsinais-Suomi;0
Epidemiatuki;2021;5;2021-05-01;Etelä-Karjala;0
Epidemiatuki;2021;5;2021-05-01;Etelä-Pohjanmaa;0
Epidemiatuki;2021;5;2021-05-01;Etelä-Savo;0
Epidemiatuki;2021;5;2021-05-01;Kainuu;0
Epidemiatuki;2021;5;2021-05-01;Kanta-Häme;0
Epidemiatuki;2021;5;2021-05-01;Keski-Pohjanmaa;0
Epidemiatuki;2021;5;2021-05-01;Keski-Suomi;0
Epidemiatuki;2021;5;2021-05-01;Kymenlaakso;0
Epidemiatuki;2021;5;2021-05-01;Lappi;0
Epidemiatuki;2021;5;2021-05-01;Pirkanmaa;0
Epidemiatuki;2021;5;2021-05-01;Pohjanmaa;0
Epidemiatuki;2021;5;2021-05-01;Pohjois-Karjala;0
Epidemiatuki;2021;5;2021-05-01;Pohjois-Pohjanmaa;0
Epidemiatuki;2021;5;2021-05-01;Pohjois-Savo;0
Epidemiatuki;2021;5;2021-05-01;Päijät-Häme;0
Epidemiatuki;2021;5;2021-05-01;Satakunta;0
Epidemiatuki;2021;5;2021-05-01;Uusimaa;0
Epidemiatuki;2021;5;2021-05-01;Varsinais-Suomi;0
Epidemiatuki;2021;6;2021-06-01;Etelä-Karjala;0
Epidemiatuki;2021;6;2021-06-01;Etelä-Pohjanmaa;0
Epidemiatuki;2021;6;2021-06-01;Etelä-Savo;0
Epidemiatuki;2021;6;2021-06-01;Kainuu;0
Epidemiatuki;2021;6;2021-06-01;Kanta-Häme;0
Epidemiatuki;2021;6;2021-06-01;Keski-Pohjanmaa;0
Epidemiatuki;2021;6;2021-06-01;Keski-Suomi;0
Epidemiatuki;2021;6;2021-06-01;Kymenlaakso;0
Epidemiatuki;2021;6;2021-06-01;Lappi;0
Epidemiatuki;2021;6;2021-06-01;Pirkanmaa;0
Epidemiatuki;2021;6;2021-06-01;Pohjanmaa;0
Epidemiatuki;2021;6;2021-06-01;Pohjois-Karjala;0
Epidemiatuki;2021;6;2021-06-01;Pohjois-Pohjanmaa;0
Epidemiatuki;2021;6;2021-06-01;Pohjois-Savo;0
Epidemiatuki;2021;6;2021-06-01;Päijät-Häme;0
Epidemiatuki;2021;6;2021-06-01;Satakunta;0
Epidemiatuki;2021;6;2021-06-01;Uusimaa;0
Epidemiatuki;2021;6;2021-06-01;Varsinais-Suomi;0
