etuus;vuosi;kuukausi;paiva;alue;variable;val
Yleinen asumistuki;2019;1;2019-01-01;Etelä-Karjala;uudet saajaruokakunnat;124
Yleinen asumistuki;2019;1;2019-01-01;Etelä-Karjala;"aiemmin tukea 
saaneet ruokakunnat";8838
Yleinen asumistuki;2019;1;2019-01-01;Etelä-Pohjanmaa;uudet saajaruokakunnat;142
Yleinen asumistuki;2019;1;2019-01-01;Etelä-Pohjanmaa;"aiemmin tukea 
saaneet ruokakunnat";8086
Yleinen asumistuki;2019;1;2019-01-01;Etelä-Savo;uudet saajaruokakunnat;138
Yleinen asumistuki;2019;1;2019-01-01;Etelä-Savo;"aiemmin tukea 
saaneet ruokakunnat";7531
Yleinen asumistuki;2019;1;2019-01-01;Kainuu;uudet saajaruokakunnat;43
Yleinen asumistuki;2019;1;2019-01-01;Kainuu;"aiemmin tukea 
saaneet ruokakunnat";3884
Yleinen asumistuki;2019;1;2019-01-01;Kanta-Häme;uudet saajaruokakunnat;130
Yleinen asumistuki;2019;1;2019-01-01;Kanta-Häme;"aiemmin tukea 
saaneet ruokakunnat";8775
Yleinen asumistuki;2019;1;2019-01-01;Keski-Pohjanmaa;uudet saajaruokakunnat;49
Yleinen asumistuki;2019;1;2019-01-01;Keski-Pohjanmaa;"aiemmin tukea 
saaneet ruokakunnat";2839
Yleinen asumistuki;2019;1;2019-01-01;Keski-Suomi;uudet saajaruokakunnat;335
Yleinen asumistuki;2019;1;2019-01-01;Keski-Suomi;"aiemmin tukea 
saaneet ruokakunnat";23078
Yleinen asumistuki;2019;1;2019-01-01;Kymenlaakso;uudet saajaruokakunnat;157
Yleinen asumistuki;2019;1;2019-01-01;Kymenlaakso;"aiemmin tukea 
saaneet ruokakunnat";9834
Yleinen asumistuki;2019;1;2019-01-01;Lappi;uudet saajaruokakunnat;120
Yleinen asumistuki;2019;1;2019-01-01;Lappi;"aiemmin tukea 
saaneet ruokakunnat";10481
Yleinen asumistuki;2019;1;2019-01-01;Pirkanmaa;uudet saajaruokakunnat;553
Yleinen asumistuki;2019;1;2019-01-01;Pirkanmaa;"aiemmin tukea 
saaneet ruokakunnat";39255
Yleinen asumistuki;2019;1;2019-01-01;Pohjanmaa;uudet saajaruokakunnat;142
Yleinen asumistuki;2019;1;2019-01-01;Pohjanmaa;"aiemmin tukea 
saaneet ruokakunnat";10229
Yleinen asumistuki;2019;1;2019-01-01;Pohjois-Karjala;uudet saajaruokakunnat;187
Yleinen asumistuki;2019;1;2019-01-01;Pohjois-Karjala;"aiemmin tukea 
saaneet ruokakunnat";13311
Yleinen asumistuki;2019;1;2019-01-01;Pohjois-Pohjanmaa;uudet saajaruokakunnat;351
Yleinen asumistuki;2019;1;2019-01-01;Pohjois-Pohjanmaa;"aiemmin tukea 
saaneet ruokakunnat";27493
Yleinen asumistuki;2019;1;2019-01-01;Pohjois-Savo;uudet saajaruokakunnat;277
Yleinen asumistuki;2019;1;2019-01-01;Pohjois-Savo;"aiemmin tukea 
saaneet ruokakunnat";16819
Yleinen asumistuki;2019;1;2019-01-01;Päijät-Häme;uudet saajaruokakunnat;187
Yleinen asumistuki;2019;1;2019-01-01;Päijät-Häme;"aiemmin tukea 
saaneet ruokakunnat";13542
Yleinen asumistuki;2019;1;2019-01-01;Satakunta;uudet saajaruokakunnat;195
Yleinen asumistuki;2019;1;2019-01-01;Satakunta;"aiemmin tukea 
saaneet ruokakunnat";11317
Yleinen asumistuki;2019;1;2019-01-01;Uusimaa;uudet saajaruokakunnat;1834
Yleinen asumistuki;2019;1;2019-01-01;Uusimaa;"aiemmin tukea 
saaneet ruokakunnat";118656
Yleinen asumistuki;2019;1;2019-01-01;Varsinais-Suomi;uudet saajaruokakunnat;508
Yleinen asumistuki;2019;1;2019-01-01;Varsinais-Suomi;"aiemmin tukea 
saaneet ruokakunnat";33268
Yleinen asumistuki;2019;2;2019-02-01;Etelä-Karjala;uudet saajaruokakunnat;196
Yleinen asumistuki;2019;2;2019-02-01;Etelä-Karjala;"aiemmin tukea 
saaneet ruokakunnat";8844
Yleinen asumistuki;2019;2;2019-02-01;Etelä-Pohjanmaa;uudet saajaruokakunnat;221
Yleinen asumistuki;2019;2;2019-02-01;Etelä-Pohjanmaa;"aiemmin tukea 
saaneet ruokakunnat";8100
Yleinen asumistuki;2019;2;2019-02-01;Etelä-Savo;uudet saajaruokakunnat;201
Yleinen asumistuki;2019;2;2019-02-01;Etelä-Savo;"aiemmin tukea 
saaneet ruokakunnat";7569
Yleinen asumistuki;2019;2;2019-02-01;Kainuu;uudet saajaruokakunnat;98
Yleinen asumistuki;2019;2;2019-02-01;Kainuu;"aiemmin tukea 
saaneet ruokakunnat";3879
Yleinen asumistuki;2019;2;2019-02-01;Kanta-Häme;uudet saajaruokakunnat;211
Yleinen asumistuki;2019;2;2019-02-01;Kanta-Häme;"aiemmin tukea 
saaneet ruokakunnat";8751
Yleinen asumistuki;2019;2;2019-02-01;Keski-Pohjanmaa;uudet saajaruokakunnat;89
Yleinen asumistuki;2019;2;2019-02-01;Keski-Pohjanmaa;"aiemmin tukea 
saaneet ruokakunnat";2838
Yleinen asumistuki;2019;2;2019-02-01;Keski-Suomi;uudet saajaruokakunnat;417
Yleinen asumistuki;2019;2;2019-02-01;Keski-Suomi;"aiemmin tukea 
saaneet ruokakunnat";23066
Yleinen asumistuki;2019;2;2019-02-01;Kymenlaakso;uudet saajaruokakunnat;209
Yleinen asumistuki;2019;2;2019-02-01;Kymenlaakso;"aiemmin tukea 
saaneet ruokakunnat";9828
Yleinen asumistuki;2019;2;2019-02-01;Lappi;uudet saajaruokakunnat;241
Yleinen asumistuki;2019;2;2019-02-01;Lappi;"aiemmin tukea 
saaneet ruokakunnat";10387
Yleinen asumistuki;2019;2;2019-02-01;Pirkanmaa;uudet saajaruokakunnat;876
Yleinen asumistuki;2019;2;2019-02-01;Pirkanmaa;"aiemmin tukea 
saaneet ruokakunnat";39395
Yleinen asumistuki;2019;2;2019-02-01;Pohjanmaa;uudet saajaruokakunnat;179
Yleinen asumistuki;2019;2;2019-02-01;Pohjanmaa;"aiemmin tukea 
saaneet ruokakunnat";10206
Yleinen asumistuki;2019;2;2019-02-01;Pohjois-Karjala;uudet saajaruokakunnat;223
Yleinen asumistuki;2019;2;2019-02-01;Pohjois-Karjala;"aiemmin tukea 
saaneet ruokakunnat";13360
Yleinen asumistuki;2019;2;2019-02-01;Pohjois-Pohjanmaa;uudet saajaruokakunnat;666
Yleinen asumistuki;2019;2;2019-02-01;Pohjois-Pohjanmaa;"aiemmin tukea 
saaneet ruokakunnat";27579
Yleinen asumistuki;2019;2;2019-02-01;Pohjois-Savo;uudet saajaruokakunnat;369
Yleinen asumistuki;2019;2;2019-02-01;Pohjois-Savo;"aiemmin tukea 
saaneet ruokakunnat";16708
Yleinen asumistuki;2019;2;2019-02-01;Päijät-Häme;uudet saajaruokakunnat;337
Yleinen asumistuki;2019;2;2019-02-01;Päijät-Häme;"aiemmin tukea 
saaneet ruokakunnat";13521
Yleinen asumistuki;2019;2;2019-02-01;Satakunta;uudet saajaruokakunnat;239
Yleinen asumistuki;2019;2;2019-02-01;Satakunta;"aiemmin tukea 
saaneet ruokakunnat";11349
Yleinen asumistuki;2019;2;2019-02-01;Uusimaa;uudet saajaruokakunnat;2824
Yleinen asumistuki;2019;2;2019-02-01;Uusimaa;"aiemmin tukea 
saaneet ruokakunnat";118587
Yleinen asumistuki;2019;2;2019-02-01;Varsinais-Suomi;uudet saajaruokakunnat;706
Yleinen asumistuki;2019;2;2019-02-01;Varsinais-Suomi;"aiemmin tukea 
saaneet ruokakunnat";33284
Yleinen asumistuki;2019;3;2019-03-01;Etelä-Karjala;uudet saajaruokakunnat;144
Yleinen asumistuki;2019;3;2019-03-01;Etelä-Karjala;"aiemmin tukea 
saaneet ruokakunnat";8830
Yleinen asumistuki;2019;3;2019-03-01;Etelä-Pohjanmaa;uudet saajaruokakunnat;174
Yleinen asumistuki;2019;3;2019-03-01;Etelä-Pohjanmaa;"aiemmin tukea 
saaneet ruokakunnat";8101
Yleinen asumistuki;2019;3;2019-03-01;Etelä-Savo;uudet saajaruokakunnat;148
Yleinen asumistuki;2019;3;2019-03-01;Etelä-Savo;"aiemmin tukea 
saaneet ruokakunnat";7587
Yleinen asumistuki;2019;3;2019-03-01;Kainuu;uudet saajaruokakunnat;89
Yleinen asumistuki;2019;3;2019-03-01;Kainuu;"aiemmin tukea 
saaneet ruokakunnat";3879
Yleinen asumistuki;2019;3;2019-03-01;Kanta-Häme;uudet saajaruokakunnat;183
Yleinen asumistuki;2019;3;2019-03-01;Kanta-Häme;"aiemmin tukea 
saaneet ruokakunnat";8773
Yleinen asumistuki;2019;3;2019-03-01;Keski-Pohjanmaa;uudet saajaruokakunnat;66
Yleinen asumistuki;2019;3;2019-03-01;Keski-Pohjanmaa;"aiemmin tukea 
saaneet ruokakunnat";2835
Yleinen asumistuki;2019;3;2019-03-01;Keski-Suomi;uudet saajaruokakunnat;353
Yleinen asumistuki;2019;3;2019-03-01;Keski-Suomi;"aiemmin tukea 
saaneet ruokakunnat";23002
Yleinen asumistuki;2019;3;2019-03-01;Kymenlaakso;uudet saajaruokakunnat;147
Yleinen asumistuki;2019;3;2019-03-01;Kymenlaakso;"aiemmin tukea 
saaneet ruokakunnat";9829
Yleinen asumistuki;2019;3;2019-03-01;Lappi;uudet saajaruokakunnat;192
Yleinen asumistuki;2019;3;2019-03-01;Lappi;"aiemmin tukea 
saaneet ruokakunnat";10324
Yleinen asumistuki;2019;3;2019-03-01;Pirkanmaa;uudet saajaruokakunnat;768
Yleinen asumistuki;2019;3;2019-03-01;Pirkanmaa;"aiemmin tukea 
saaneet ruokakunnat";39623
Yleinen asumistuki;2019;3;2019-03-01;Pohjanmaa;uudet saajaruokakunnat;155
Yleinen asumistuki;2019;3;2019-03-01;Pohjanmaa;"aiemmin tukea 
saaneet ruokakunnat";10164
Yleinen asumistuki;2019;3;2019-03-01;Pohjois-Karjala;uudet saajaruokakunnat;191
Yleinen asumistuki;2019;3;2019-03-01;Pohjois-Karjala;"aiemmin tukea 
saaneet ruokakunnat";13377
Yleinen asumistuki;2019;3;2019-03-01;Pohjois-Pohjanmaa;uudet saajaruokakunnat;533
Yleinen asumistuki;2019;3;2019-03-01;Pohjois-Pohjanmaa;"aiemmin tukea 
saaneet ruokakunnat";27572
Yleinen asumistuki;2019;3;2019-03-01;Pohjois-Savo;uudet saajaruokakunnat;263
Yleinen asumistuki;2019;3;2019-03-01;Pohjois-Savo;"aiemmin tukea 
saaneet ruokakunnat";16696
Yleinen asumistuki;2019;3;2019-03-01;Päijät-Häme;uudet saajaruokakunnat;231
Yleinen asumistuki;2019;3;2019-03-01;Päijät-Häme;"aiemmin tukea 
saaneet ruokakunnat";13543
Yleinen asumistuki;2019;3;2019-03-01;Satakunta;uudet saajaruokakunnat;215
Yleinen asumistuki;2019;3;2019-03-01;Satakunta;"aiemmin tukea 
saaneet ruokakunnat";11327
Yleinen asumistuki;2019;3;2019-03-01;Uusimaa;uudet saajaruokakunnat;2350
Yleinen asumistuki;2019;3;2019-03-01;Uusimaa;"aiemmin tukea 
saaneet ruokakunnat";118538
Yleinen asumistuki;2019;3;2019-03-01;Varsinais-Suomi;uudet saajaruokakunnat;631
Yleinen asumistuki;2019;3;2019-03-01;Varsinais-Suomi;"aiemmin tukea 
saaneet ruokakunnat";33276
Yleinen asumistuki;2019;5;2019-05-01;Etelä-Karjala;uudet saajaruokakunnat;126
Yleinen asumistuki;2019;5;2019-05-01;Etelä-Karjala;"aiemmin tukea 
saaneet ruokakunnat";8645
Yleinen asumistuki;2019;5;2019-05-01;Etelä-Pohjanmaa;uudet saajaruokakunnat;132
Yleinen asumistuki;2019;5;2019-05-01;Etelä-Pohjanmaa;"aiemmin tukea 
saaneet ruokakunnat";7959
Yleinen asumistuki;2019;5;2019-05-01;Etelä-Savo;uudet saajaruokakunnat;149
Yleinen asumistuki;2019;5;2019-05-01;Etelä-Savo;"aiemmin tukea 
saaneet ruokakunnat";7505
Yleinen asumistuki;2019;5;2019-05-01;Kainuu;uudet saajaruokakunnat;61
Yleinen asumistuki;2019;5;2019-05-01;Kainuu;"aiemmin tukea 
saaneet ruokakunnat";3848
Yleinen asumistuki;2019;5;2019-05-01;Kanta-Häme;uudet saajaruokakunnat;165
Yleinen asumistuki;2019;5;2019-05-01;Kanta-Häme;"aiemmin tukea 
saaneet ruokakunnat";8619
Yleinen asumistuki;2019;5;2019-05-01;Keski-Pohjanmaa;uudet saajaruokakunnat;54
Yleinen asumistuki;2019;5;2019-05-01;Keski-Pohjanmaa;"aiemmin tukea 
saaneet ruokakunnat";2816
Yleinen asumistuki;2019;5;2019-05-01;Keski-Suomi;uudet saajaruokakunnat;329
Yleinen asumistuki;2019;5;2019-05-01;Keski-Suomi;"aiemmin tukea 
saaneet ruokakunnat";22824
Yleinen asumistuki;2019;5;2019-05-01;Kymenlaakso;uudet saajaruokakunnat;198
Yleinen asumistuki;2019;5;2019-05-01;Kymenlaakso;"aiemmin tukea 
saaneet ruokakunnat";9687
Yleinen asumistuki;2019;5;2019-05-01;Lappi;uudet saajaruokakunnat;176
Yleinen asumistuki;2019;5;2019-05-01;Lappi;"aiemmin tukea 
saaneet ruokakunnat";10192
Yleinen asumistuki;2019;5;2019-05-01;Pirkanmaa;uudet saajaruokakunnat;617
Yleinen asumistuki;2019;5;2019-05-01;Pirkanmaa;"aiemmin tukea 
saaneet ruokakunnat";39365
Yleinen asumistuki;2019;5;2019-05-01;Pohjanmaa;uudet saajaruokakunnat;168
Yleinen asumistuki;2019;5;2019-05-01;Pohjanmaa;"aiemmin tukea 
saaneet ruokakunnat";9855
Yleinen asumistuki;2019;5;2019-05-01;Pohjois-Karjala;uudet saajaruokakunnat;196
Yleinen asumistuki;2019;5;2019-05-01;Pohjois-Karjala;"aiemmin tukea 
saaneet ruokakunnat";13240
Yleinen asumistuki;2019;5;2019-05-01;Pohjois-Pohjanmaa;uudet saajaruokakunnat;444
Yleinen asumistuki;2019;5;2019-05-01;Pohjois-Pohjanmaa;"aiemmin tukea 
saaneet ruokakunnat";27555
Yleinen asumistuki;2019;5;2019-05-01;Pohjois-Savo;uudet saajaruokakunnat;279
Yleinen asumistuki;2019;5;2019-05-01;Pohjois-Savo;"aiemmin tukea 
saaneet ruokakunnat";16514
Yleinen asumistuki;2019;5;2019-05-01;Päijät-Häme;uudet saajaruokakunnat;259
Yleinen asumistuki;2019;5;2019-05-01;Päijät-Häme;"aiemmin tukea 
saaneet ruokakunnat";13435
Yleinen asumistuki;2019;5;2019-05-01;Satakunta;uudet saajaruokakunnat;200
Yleinen asumistuki;2019;5;2019-05-01;Satakunta;"aiemmin tukea 
saaneet ruokakunnat";11163
Yleinen asumistuki;2019;5;2019-05-01;Uusimaa;uudet saajaruokakunnat;2393
Yleinen asumistuki;2019;5;2019-05-01;Uusimaa;"aiemmin tukea 
saaneet ruokakunnat";118464
Yleinen asumistuki;2019;5;2019-05-01;Varsinais-Suomi;uudet saajaruokakunnat;539
Yleinen asumistuki;2019;5;2019-05-01;Varsinais-Suomi;"aiemmin tukea 
saaneet ruokakunnat";32992
Yleinen asumistuki;2019;6;2019-06-01;Etelä-Karjala;uudet saajaruokakunnat;123
Yleinen asumistuki;2019;6;2019-06-01;Etelä-Karjala;"aiemmin tukea 
saaneet ruokakunnat";8238
Yleinen asumistuki;2019;6;2019-06-01;Etelä-Pohjanmaa;uudet saajaruokakunnat;153
Yleinen asumistuki;2019;6;2019-06-01;Etelä-Pohjanmaa;"aiemmin tukea 
saaneet ruokakunnat";7721
Yleinen asumistuki;2019;6;2019-06-01;Etelä-Savo;uudet saajaruokakunnat;104
Yleinen asumistuki;2019;6;2019-06-01;Etelä-Savo;"aiemmin tukea 
saaneet ruokakunnat";7218
Yleinen asumistuki;2019;6;2019-06-01;Kainuu;uudet saajaruokakunnat;83
Yleinen asumistuki;2019;6;2019-06-01;Kainuu;"aiemmin tukea 
saaneet ruokakunnat";3732
Yleinen asumistuki;2019;6;2019-06-01;Kanta-Häme;uudet saajaruokakunnat;158
Yleinen asumistuki;2019;6;2019-06-01;Kanta-Häme;"aiemmin tukea 
saaneet ruokakunnat";8430
Yleinen asumistuki;2019;6;2019-06-01;Keski-Pohjanmaa;uudet saajaruokakunnat;60
Yleinen asumistuki;2019;6;2019-06-01;Keski-Pohjanmaa;"aiemmin tukea 
saaneet ruokakunnat";2661
Yleinen asumistuki;2019;6;2019-06-01;Keski-Suomi;uudet saajaruokakunnat;299
Yleinen asumistuki;2019;6;2019-06-01;Keski-Suomi;"aiemmin tukea 
saaneet ruokakunnat";22180
Yleinen asumistuki;2019;6;2019-06-01;Kymenlaakso;uudet saajaruokakunnat;148
Yleinen asumistuki;2019;6;2019-06-01;Kymenlaakso;"aiemmin tukea 
saaneet ruokakunnat";9567
Yleinen asumistuki;2019;6;2019-06-01;Lappi;uudet saajaruokakunnat;214
Yleinen asumistuki;2019;6;2019-06-01;Lappi;"aiemmin tukea 
saaneet ruokakunnat";9826
Yleinen asumistuki;2019;6;2019-06-01;Pirkanmaa;uudet saajaruokakunnat;616
Yleinen asumistuki;2019;6;2019-06-01;Pirkanmaa;"aiemmin tukea 
saaneet ruokakunnat";38309
Yleinen asumistuki;2019;6;2019-06-01;Pohjanmaa;uudet saajaruokakunnat;144
Yleinen asumistuki;2019;6;2019-06-01;Pohjanmaa;"aiemmin tukea 
saaneet ruokakunnat";9317
Yleinen asumistuki;2019;6;2019-06-01;Pohjois-Karjala;uudet saajaruokakunnat;169
Yleinen asumistuki;2019;6;2019-06-01;Pohjois-Karjala;"aiemmin tukea 
saaneet ruokakunnat";12794
Yleinen asumistuki;2019;6;2019-06-01;Pohjois-Pohjanmaa;uudet saajaruokakunnat;488
Yleinen asumistuki;2019;6;2019-06-01;Pohjois-Pohjanmaa;"aiemmin tukea 
saaneet ruokakunnat";26638
Yleinen asumistuki;2019;6;2019-06-01;Pohjois-Savo;uudet saajaruokakunnat;273
Yleinen asumistuki;2019;6;2019-06-01;Pohjois-Savo;"aiemmin tukea 
saaneet ruokakunnat";16067
Yleinen asumistuki;2019;6;2019-06-01;Päijät-Häme;uudet saajaruokakunnat;232
Yleinen asumistuki;2019;6;2019-06-01;Päijät-Häme;"aiemmin tukea 
saaneet ruokakunnat";13283
Yleinen asumistuki;2019;6;2019-06-01;Satakunta;uudet saajaruokakunnat;240
Yleinen asumistuki;2019;6;2019-06-01;Satakunta;"aiemmin tukea 
saaneet ruokakunnat";10940
Yleinen asumistuki;2019;6;2019-06-01;Uusimaa;uudet saajaruokakunnat;2105
Yleinen asumistuki;2019;6;2019-06-01;Uusimaa;"aiemmin tukea 
saaneet ruokakunnat";117755
Yleinen asumistuki;2019;6;2019-06-01;Varsinais-Suomi;uudet saajaruokakunnat;494
Yleinen asumistuki;2019;6;2019-06-01;Varsinais-Suomi;"aiemmin tukea 
saaneet ruokakunnat";32214
Yleinen asumistuki;2019;7;2019-07-01;Etelä-Karjala;uudet saajaruokakunnat;110
Yleinen asumistuki;2019;7;2019-07-01;Etelä-Karjala;"aiemmin tukea 
saaneet ruokakunnat";7943
Yleinen asumistuki;2019;7;2019-07-01;Etelä-Pohjanmaa;uudet saajaruokakunnat;117
Yleinen asumistuki;2019;7;2019-07-01;Etelä-Pohjanmaa;"aiemmin tukea 
saaneet ruokakunnat";7396
Yleinen asumistuki;2019;7;2019-07-01;Etelä-Savo;uudet saajaruokakunnat;84
Yleinen asumistuki;2019;7;2019-07-01;Etelä-Savo;"aiemmin tukea 
saaneet ruokakunnat";7037
Yleinen asumistuki;2019;7;2019-07-01;Kainuu;uudet saajaruokakunnat;66
Yleinen asumistuki;2019;7;2019-07-01;Kainuu;"aiemmin tukea 
saaneet ruokakunnat";3638
Yleinen asumistuki;2019;7;2019-07-01;Kanta-Häme;uudet saajaruokakunnat;133
Yleinen asumistuki;2019;7;2019-07-01;Kanta-Häme;"aiemmin tukea 
saaneet ruokakunnat";8203
Yleinen asumistuki;2019;7;2019-07-01;Keski-Pohjanmaa;uudet saajaruokakunnat;55
Yleinen asumistuki;2019;7;2019-07-01;Keski-Pohjanmaa;"aiemmin tukea 
saaneet ruokakunnat";2544
Yleinen asumistuki;2019;7;2019-07-01;Keski-Suomi;uudet saajaruokakunnat;259
Yleinen asumistuki;2019;7;2019-07-01;Keski-Suomi;"aiemmin tukea 
saaneet ruokakunnat";21403
Yleinen asumistuki;2019;7;2019-07-01;Kymenlaakso;uudet saajaruokakunnat;137
Yleinen asumistuki;2019;7;2019-07-01;Kymenlaakso;"aiemmin tukea 
saaneet ruokakunnat";9312
Yleinen asumistuki;2019;7;2019-07-01;Lappi;uudet saajaruokakunnat;177
Yleinen asumistuki;2019;7;2019-07-01;Lappi;"aiemmin tukea 
saaneet ruokakunnat";9480
Yleinen asumistuki;2019;7;2019-07-01;Pirkanmaa;uudet saajaruokakunnat;497
Yleinen asumistuki;2019;7;2019-07-01;Pirkanmaa;"aiemmin tukea 
saaneet ruokakunnat";36901
Yleinen asumistuki;2019;7;2019-07-01;Pohjanmaa;uudet saajaruokakunnat;110
Yleinen asumistuki;2019;7;2019-07-01;Pohjanmaa;"aiemmin tukea 
saaneet ruokakunnat";8713
Yleinen asumistuki;2019;7;2019-07-01;Pohjois-Karjala;uudet saajaruokakunnat;112
Yleinen asumistuki;2019;7;2019-07-01;Pohjois-Karjala;"aiemmin tukea 
saaneet ruokakunnat";12361
Yleinen asumistuki;2019;7;2019-07-01;Pohjois-Pohjanmaa;uudet saajaruokakunnat;453
Yleinen asumistuki;2019;7;2019-07-01;Pohjois-Pohjanmaa;"aiemmin tukea 
saaneet ruokakunnat";25543
Yleinen asumistuki;2019;7;2019-07-01;Pohjois-Savo;uudet saajaruokakunnat;222
Yleinen asumistuki;2019;7;2019-07-01;Pohjois-Savo;"aiemmin tukea 
saaneet ruokakunnat";15539
Yleinen asumistuki;2019;7;2019-07-01;Päijät-Häme;uudet saajaruokakunnat;208
Yleinen asumistuki;2019;7;2019-07-01;Päijät-Häme;"aiemmin tukea 
saaneet ruokakunnat";13045
Yleinen asumistuki;2019;7;2019-07-01;Satakunta;uudet saajaruokakunnat;176
Yleinen asumistuki;2019;7;2019-07-01;Satakunta;"aiemmin tukea 
saaneet ruokakunnat";10623
Yleinen asumistuki;2019;7;2019-07-01;Uusimaa;uudet saajaruokakunnat;1776
Yleinen asumistuki;2019;7;2019-07-01;Uusimaa;"aiemmin tukea 
saaneet ruokakunnat";115652
Yleinen asumistuki;2019;7;2019-07-01;Varsinais-Suomi;uudet saajaruokakunnat;456
Yleinen asumistuki;2019;7;2019-07-01;Varsinais-Suomi;"aiemmin tukea 
saaneet ruokakunnat";31241
Yleinen asumistuki;2019;8;2019-08-01;Etelä-Karjala;uudet saajaruokakunnat;196
Yleinen asumistuki;2019;8;2019-08-01;Etelä-Karjala;"aiemmin tukea 
saaneet ruokakunnat";7782
Yleinen asumistuki;2019;8;2019-08-01;Etelä-Pohjanmaa;uudet saajaruokakunnat;161
Yleinen asumistuki;2019;8;2019-08-01;Etelä-Pohjanmaa;"aiemmin tukea 
saaneet ruokakunnat";7221
Yleinen asumistuki;2019;8;2019-08-01;Etelä-Savo;uudet saajaruokakunnat;160
Yleinen asumistuki;2019;8;2019-08-01;Etelä-Savo;"aiemmin tukea 
saaneet ruokakunnat";6849
Yleinen asumistuki;2019;8;2019-08-01;Kainuu;uudet saajaruokakunnat;101
Yleinen asumistuki;2019;8;2019-08-01;Kainuu;"aiemmin tukea 
saaneet ruokakunnat";3528
Yleinen asumistuki;2019;8;2019-08-01;Kanta-Häme;uudet saajaruokakunnat;179
Yleinen asumistuki;2019;8;2019-08-01;Kanta-Häme;"aiemmin tukea 
saaneet ruokakunnat";8064
Yleinen asumistuki;2019;8;2019-08-01;Keski-Pohjanmaa;uudet saajaruokakunnat;81
Yleinen asumistuki;2019;8;2019-08-01;Keski-Pohjanmaa;"aiemmin tukea 
saaneet ruokakunnat";2486
Yleinen asumistuki;2019;8;2019-08-01;Keski-Suomi;uudet saajaruokakunnat;574
Yleinen asumistuki;2019;8;2019-08-01;Keski-Suomi;"aiemmin tukea 
saaneet ruokakunnat";20680
Yleinen asumistuki;2019;8;2019-08-01;Kymenlaakso;uudet saajaruokakunnat;166
Yleinen asumistuki;2019;8;2019-08-01;Kymenlaakso;"aiemmin tukea 
saaneet ruokakunnat";9132
Yleinen asumistuki;2019;8;2019-08-01;Lappi;uudet saajaruokakunnat;255
Yleinen asumistuki;2019;8;2019-08-01;Lappi;"aiemmin tukea 
saaneet ruokakunnat";9089
Yleinen asumistuki;2019;8;2019-08-01;Pirkanmaa;uudet saajaruokakunnat;881
Yleinen asumistuki;2019;8;2019-08-01;Pirkanmaa;"aiemmin tukea 
saaneet ruokakunnat";36040
Yleinen asumistuki;2019;8;2019-08-01;Pohjanmaa;uudet saajaruokakunnat;216
Yleinen asumistuki;2019;8;2019-08-01;Pohjanmaa;"aiemmin tukea 
saaneet ruokakunnat";8341
Yleinen asumistuki;2019;8;2019-08-01;Pohjois-Karjala;uudet saajaruokakunnat;300
Yleinen asumistuki;2019;8;2019-08-01;Pohjois-Karjala;"aiemmin tukea 
saaneet ruokakunnat";11875
Yleinen asumistuki;2019;8;2019-08-01;Pohjois-Pohjanmaa;uudet saajaruokakunnat;651
Yleinen asumistuki;2019;8;2019-08-01;Pohjois-Pohjanmaa;"aiemmin tukea 
saaneet ruokakunnat";24847
Yleinen asumistuki;2019;8;2019-08-01;Pohjois-Savo;uudet saajaruokakunnat;451
Yleinen asumistuki;2019;8;2019-08-01;Pohjois-Savo;"aiemmin tukea 
saaneet ruokakunnat";15081
Yleinen asumistuki;2019;8;2019-08-01;Päijät-Häme;uudet saajaruokakunnat;261
Yleinen asumistuki;2019;8;2019-08-01;Päijät-Häme;"aiemmin tukea 
saaneet ruokakunnat";12825
Yleinen asumistuki;2019;8;2019-08-01;Satakunta;uudet saajaruokakunnat;259
Yleinen asumistuki;2019;8;2019-08-01;Satakunta;"aiemmin tukea 
saaneet ruokakunnat";10402
Yleinen asumistuki;2019;8;2019-08-01;Uusimaa;uudet saajaruokakunnat;2490
Yleinen asumistuki;2019;8;2019-08-01;Uusimaa;"aiemmin tukea 
saaneet ruokakunnat";114371
Yleinen asumistuki;2019;8;2019-08-01;Varsinais-Suomi;uudet saajaruokakunnat;707
Yleinen asumistuki;2019;8;2019-08-01;Varsinais-Suomi;"aiemmin tukea 
saaneet ruokakunnat";30315
Yleinen asumistuki;2019;9;2019-09-01;Etelä-Karjala;uudet saajaruokakunnat;442
Yleinen asumistuki;2019;9;2019-09-01;Etelä-Karjala;"aiemmin tukea 
saaneet ruokakunnat";7789
Yleinen asumistuki;2019;9;2019-09-01;Etelä-Pohjanmaa;uudet saajaruokakunnat;335
Yleinen asumistuki;2019;9;2019-09-01;Etelä-Pohjanmaa;"aiemmin tukea 
saaneet ruokakunnat";7093
Yleinen asumistuki;2019;9;2019-09-01;Etelä-Savo;uudet saajaruokakunnat;259
Yleinen asumistuki;2019;9;2019-09-01;Etelä-Savo;"aiemmin tukea 
saaneet ruokakunnat";6845
Yleinen asumistuki;2019;9;2019-09-01;Kainuu;uudet saajaruokakunnat;180
Yleinen asumistuki;2019;9;2019-09-01;Kainuu;"aiemmin tukea 
saaneet ruokakunnat";3461
Yleinen asumistuki;2019;9;2019-09-01;Kanta-Häme;uudet saajaruokakunnat;330
Yleinen asumistuki;2019;9;2019-09-01;Kanta-Häme;"aiemmin tukea 
saaneet ruokakunnat";7975
Yleinen asumistuki;2019;9;2019-09-01;Keski-Pohjanmaa;uudet saajaruokakunnat;88
Yleinen asumistuki;2019;9;2019-09-01;Keski-Pohjanmaa;"aiemmin tukea 
saaneet ruokakunnat";2437
Yleinen asumistuki;2019;9;2019-09-01;Keski-Suomi;uudet saajaruokakunnat;1190
Yleinen asumistuki;2019;9;2019-09-01;Keski-Suomi;"aiemmin tukea 
saaneet ruokakunnat";20658
Yleinen asumistuki;2019;9;2019-09-01;Kymenlaakso;uudet saajaruokakunnat;268
Yleinen asumistuki;2019;9;2019-09-01;Kymenlaakso;"aiemmin tukea 
saaneet ruokakunnat";9037
Yleinen asumistuki;2019;9;2019-09-01;Lappi;uudet saajaruokakunnat;434
Yleinen asumistuki;2019;9;2019-09-01;Lappi;"aiemmin tukea 
saaneet ruokakunnat";9111
Yleinen asumistuki;2019;9;2019-09-01;Pirkanmaa;uudet saajaruokakunnat;1783
Yleinen asumistuki;2019;9;2019-09-01;Pirkanmaa;"aiemmin tukea 
saaneet ruokakunnat";36085
Yleinen asumistuki;2019;9;2019-09-01;Pohjanmaa;uudet saajaruokakunnat;629
Yleinen asumistuki;2019;9;2019-09-01;Pohjanmaa;"aiemmin tukea 
saaneet ruokakunnat";8290
Yleinen asumistuki;2019;9;2019-09-01;Pohjois-Karjala;uudet saajaruokakunnat;611
Yleinen asumistuki;2019;9;2019-09-01;Pohjois-Karjala;"aiemmin tukea 
saaneet ruokakunnat";11862
Yleinen asumistuki;2019;9;2019-09-01;Pohjois-Pohjanmaa;uudet saajaruokakunnat;1108
Yleinen asumistuki;2019;9;2019-09-01;Pohjois-Pohjanmaa;"aiemmin tukea 
saaneet ruokakunnat";24701
Yleinen asumistuki;2019;9;2019-09-01;Pohjois-Savo;uudet saajaruokakunnat;768
Yleinen asumistuki;2019;9;2019-09-01;Pohjois-Savo;"aiemmin tukea 
saaneet ruokakunnat";15156
Yleinen asumistuki;2019;9;2019-09-01;Päijät-Häme;uudet saajaruokakunnat;417
Yleinen asumistuki;2019;9;2019-09-01;Päijät-Häme;"aiemmin tukea 
saaneet ruokakunnat";12803
Yleinen asumistuki;2019;9;2019-09-01;Satakunta;uudet saajaruokakunnat;480
Yleinen asumistuki;2019;9;2019-09-01;Satakunta;"aiemmin tukea 
saaneet ruokakunnat";10311
Yleinen asumistuki;2019;9;2019-09-01;Uusimaa;uudet saajaruokakunnat;3633
Yleinen asumistuki;2019;9;2019-09-01;Uusimaa;"aiemmin tukea 
saaneet ruokakunnat";113606
Yleinen asumistuki;2019;9;2019-09-01;Varsinais-Suomi;uudet saajaruokakunnat;1389
Yleinen asumistuki;2019;9;2019-09-01;Varsinais-Suomi;"aiemmin tukea 
saaneet ruokakunnat";30197
Yleinen asumistuki;2019;10;2019-10-01;Etelä-Karjala;uudet saajaruokakunnat;363
Yleinen asumistuki;2019;10;2019-10-01;Etelä-Karjala;"aiemmin tukea 
saaneet ruokakunnat";8297
Yleinen asumistuki;2019;10;2019-10-01;Etelä-Pohjanmaa;uudet saajaruokakunnat;359
Yleinen asumistuki;2019;10;2019-10-01;Etelä-Pohjanmaa;"aiemmin tukea 
saaneet ruokakunnat";7288
Yleinen asumistuki;2019;10;2019-10-01;Etelä-Savo;uudet saajaruokakunnat;309
Yleinen asumistuki;2019;10;2019-10-01;Etelä-Savo;"aiemmin tukea 
saaneet ruokakunnat";7012
Yleinen asumistuki;2019;10;2019-10-01;Kainuu;uudet saajaruokakunnat;169
Yleinen asumistuki;2019;10;2019-10-01;Kainuu;"aiemmin tukea 
saaneet ruokakunnat";3607
Yleinen asumistuki;2019;10;2019-10-01;Kanta-Häme;uudet saajaruokakunnat;333
Yleinen asumistuki;2019;10;2019-10-01;Kanta-Häme;"aiemmin tukea 
saaneet ruokakunnat";8175
Yleinen asumistuki;2019;10;2019-10-01;Keski-Pohjanmaa;uudet saajaruokakunnat;151
Yleinen asumistuki;2019;10;2019-10-01;Keski-Pohjanmaa;"aiemmin tukea 
saaneet ruokakunnat";2503
Yleinen asumistuki;2019;10;2019-10-01;Keski-Suomi;uudet saajaruokakunnat;947
Yleinen asumistuki;2019;10;2019-10-01;Keski-Suomi;"aiemmin tukea 
saaneet ruokakunnat";21972
Yleinen asumistuki;2019;10;2019-10-01;Kymenlaakso;uudet saajaruokakunnat;285
Yleinen asumistuki;2019;10;2019-10-01;Kymenlaakso;"aiemmin tukea 
saaneet ruokakunnat";9139
Yleinen asumistuki;2019;10;2019-10-01;Lappi;uudet saajaruokakunnat;409
Yleinen asumistuki;2019;10;2019-10-01;Lappi;"aiemmin tukea 
saaneet ruokakunnat";9397
Yleinen asumistuki;2019;10;2019-10-01;Pirkanmaa;uudet saajaruokakunnat;1467
Yleinen asumistuki;2019;10;2019-10-01;Pirkanmaa;"aiemmin tukea 
saaneet ruokakunnat";37521
Yleinen asumistuki;2019;10;2019-10-01;Pohjanmaa;uudet saajaruokakunnat;633
Yleinen asumistuki;2019;10;2019-10-01;Pohjanmaa;"aiemmin tukea 
saaneet ruokakunnat";9129
Yleinen asumistuki;2019;10;2019-10-01;Pohjois-Karjala;uudet saajaruokakunnat;520
Yleinen asumistuki;2019;10;2019-10-01;Pohjois-Karjala;"aiemmin tukea 
saaneet ruokakunnat";12553
Yleinen asumistuki;2019;10;2019-10-01;Pohjois-Pohjanmaa;uudet saajaruokakunnat;1062
Yleinen asumistuki;2019;10;2019-10-01;Pohjois-Pohjanmaa;"aiemmin tukea 
saaneet ruokakunnat";25573
Yleinen asumistuki;2019;10;2019-10-01;Pohjois-Savo;uudet saajaruokakunnat;706
Yleinen asumistuki;2019;10;2019-10-01;Pohjois-Savo;"aiemmin tukea 
saaneet ruokakunnat";15883
Yleinen asumistuki;2019;10;2019-10-01;Päijät-Häme;uudet saajaruokakunnat;420
Yleinen asumistuki;2019;10;2019-10-01;Päijät-Häme;"aiemmin tukea 
saaneet ruokakunnat";13066
Yleinen asumistuki;2019;10;2019-10-01;Satakunta;uudet saajaruokakunnat;420
Yleinen asumistuki;2019;10;2019-10-01;Satakunta;"aiemmin tukea 
saaneet ruokakunnat";10721
Yleinen asumistuki;2019;10;2019-10-01;Uusimaa;uudet saajaruokakunnat;3922
Yleinen asumistuki;2019;10;2019-10-01;Uusimaa;"aiemmin tukea 
saaneet ruokakunnat";115463
Yleinen asumistuki;2019;10;2019-10-01;Varsinais-Suomi;uudet saajaruokakunnat;1363
Yleinen asumistuki;2019;10;2019-10-01;Varsinais-Suomi;"aiemmin tukea 
saaneet ruokakunnat";31405
Yleinen asumistuki;2019;11;2019-11-01;Etelä-Karjala;uudet saajaruokakunnat;205
Yleinen asumistuki;2019;11;2019-11-01;Etelä-Karjala;"aiemmin tukea 
saaneet ruokakunnat";8641
Yleinen asumistuki;2019;11;2019-11-01;Etelä-Pohjanmaa;uudet saajaruokakunnat;282
Yleinen asumistuki;2019;11;2019-11-01;Etelä-Pohjanmaa;"aiemmin tukea 
saaneet ruokakunnat";7645
Yleinen asumistuki;2019;11;2019-11-01;Etelä-Savo;uudet saajaruokakunnat;238
Yleinen asumistuki;2019;11;2019-11-01;Etelä-Savo;"aiemmin tukea 
saaneet ruokakunnat";7251
Yleinen asumistuki;2019;11;2019-11-01;Kainuu;uudet saajaruokakunnat;127
Yleinen asumistuki;2019;11;2019-11-01;Kainuu;"aiemmin tukea 
saaneet ruokakunnat";3782
Yleinen asumistuki;2019;11;2019-11-01;Kanta-Häme;uudet saajaruokakunnat;268
Yleinen asumistuki;2019;11;2019-11-01;Kanta-Häme;"aiemmin tukea 
saaneet ruokakunnat";8442
Yleinen asumistuki;2019;11;2019-11-01;Keski-Pohjanmaa;uudet saajaruokakunnat;133
Yleinen asumistuki;2019;11;2019-11-01;Keski-Pohjanmaa;"aiemmin tukea 
saaneet ruokakunnat";2668
Yleinen asumistuki;2019;11;2019-11-01;Keski-Suomi;uudet saajaruokakunnat;582
Yleinen asumistuki;2019;11;2019-11-01;Keski-Suomi;"aiemmin tukea 
saaneet ruokakunnat";22875
Yleinen asumistuki;2019;11;2019-11-01;Kymenlaakso;uudet saajaruokakunnat;238
Yleinen asumistuki;2019;11;2019-11-01;Kymenlaakso;"aiemmin tukea 
saaneet ruokakunnat";9358
Yleinen asumistuki;2019;11;2019-11-01;Lappi;uudet saajaruokakunnat;313
Yleinen asumistuki;2019;11;2019-11-01;Lappi;"aiemmin tukea 
saaneet ruokakunnat";9809
Yleinen asumistuki;2019;11;2019-11-01;Pirkanmaa;uudet saajaruokakunnat;1101
Yleinen asumistuki;2019;11;2019-11-01;Pirkanmaa;"aiemmin tukea 
saaneet ruokakunnat";39028
Yleinen asumistuki;2019;11;2019-11-01;Pohjanmaa;uudet saajaruokakunnat;359
Yleinen asumistuki;2019;11;2019-11-01;Pohjanmaa;"aiemmin tukea 
saaneet ruokakunnat";9901
Yleinen asumistuki;2019;11;2019-11-01;Pohjois-Karjala;uudet saajaruokakunnat;336
Yleinen asumistuki;2019;11;2019-11-01;Pohjois-Karjala;"aiemmin tukea 
saaneet ruokakunnat";13062
Yleinen asumistuki;2019;11;2019-11-01;Pohjois-Pohjanmaa;uudet saajaruokakunnat;924
Yleinen asumistuki;2019;11;2019-11-01;Pohjois-Pohjanmaa;"aiemmin tukea 
saaneet ruokakunnat";26635
Yleinen asumistuki;2019;11;2019-11-01;Pohjois-Savo;uudet saajaruokakunnat;439
Yleinen asumistuki;2019;11;2019-11-01;Pohjois-Savo;"aiemmin tukea 
saaneet ruokakunnat";16408
Yleinen asumistuki;2019;11;2019-11-01;Päijät-Häme;uudet saajaruokakunnat;347
Yleinen asumistuki;2019;11;2019-11-01;Päijät-Häme;"aiemmin tukea 
saaneet ruokakunnat";13390
Yleinen asumistuki;2019;11;2019-11-01;Satakunta;uudet saajaruokakunnat;327
Yleinen asumistuki;2019;11;2019-11-01;Satakunta;"aiemmin tukea 
saaneet ruokakunnat";11088
Yleinen asumistuki;2019;11;2019-11-01;Uusimaa;uudet saajaruokakunnat;3435
Yleinen asumistuki;2019;11;2019-11-01;Uusimaa;"aiemmin tukea 
saaneet ruokakunnat";118415
Yleinen asumistuki;2019;11;2019-11-01;Varsinais-Suomi;uudet saajaruokakunnat;953
Yleinen asumistuki;2019;11;2019-11-01;Varsinais-Suomi;"aiemmin tukea 
saaneet ruokakunnat";32660
Yleinen asumistuki;2019;12;2019-12-01;Etelä-Karjala;uudet saajaruokakunnat;147
Yleinen asumistuki;2019;12;2019-12-01;Etelä-Karjala;"aiemmin tukea 
saaneet ruokakunnat";8871
Yleinen asumistuki;2019;12;2019-12-01;Etelä-Pohjanmaa;uudet saajaruokakunnat;192
Yleinen asumistuki;2019;12;2019-12-01;Etelä-Pohjanmaa;"aiemmin tukea 
saaneet ruokakunnat";7928
Yleinen asumistuki;2019;12;2019-12-01;Etelä-Savo;uudet saajaruokakunnat;149
Yleinen asumistuki;2019;12;2019-12-01;Etelä-Savo;"aiemmin tukea 
saaneet ruokakunnat";7487
Yleinen asumistuki;2019;12;2019-12-01;Kainuu;uudet saajaruokakunnat;77
Yleinen asumistuki;2019;12;2019-12-01;Kainuu;"aiemmin tukea 
saaneet ruokakunnat";3863
Yleinen asumistuki;2019;12;2019-12-01;Kanta-Häme;uudet saajaruokakunnat;211
Yleinen asumistuki;2019;12;2019-12-01;Kanta-Häme;"aiemmin tukea 
saaneet ruokakunnat";8721
Yleinen asumistuki;2019;12;2019-12-01;Keski-Pohjanmaa;uudet saajaruokakunnat;82
Yleinen asumistuki;2019;12;2019-12-01;Keski-Pohjanmaa;"aiemmin tukea 
saaneet ruokakunnat";2810
Yleinen asumistuki;2019;12;2019-12-01;Keski-Suomi;uudet saajaruokakunnat;447
Yleinen asumistuki;2019;12;2019-12-01;Keski-Suomi;"aiemmin tukea 
saaneet ruokakunnat";23411
Yleinen asumistuki;2019;12;2019-12-01;Kymenlaakso;uudet saajaruokakunnat;211
Yleinen asumistuki;2019;12;2019-12-01;Kymenlaakso;"aiemmin tukea 
saaneet ruokakunnat";9569
Yleinen asumistuki;2019;12;2019-12-01;Lappi;uudet saajaruokakunnat;221
Yleinen asumistuki;2019;12;2019-12-01;Lappi;"aiemmin tukea 
saaneet ruokakunnat";10079
Yleinen asumistuki;2019;12;2019-12-01;Pirkanmaa;uudet saajaruokakunnat;850
Yleinen asumistuki;2019;12;2019-12-01;Pirkanmaa;"aiemmin tukea 
saaneet ruokakunnat";40105
Yleinen asumistuki;2019;12;2019-12-01;Pohjanmaa;uudet saajaruokakunnat;214
Yleinen asumistuki;2019;12;2019-12-01;Pohjanmaa;"aiemmin tukea 
saaneet ruokakunnat";10251
Yleinen asumistuki;2019;12;2019-12-01;Pohjois-Karjala;uudet saajaruokakunnat;242
Yleinen asumistuki;2019;12;2019-12-01;Pohjois-Karjala;"aiemmin tukea 
saaneet ruokakunnat";13431
Yleinen asumistuki;2019;12;2019-12-01;Pohjois-Pohjanmaa;uudet saajaruokakunnat;623
Yleinen asumistuki;2019;12;2019-12-01;Pohjois-Pohjanmaa;"aiemmin tukea 
saaneet ruokakunnat";27533
Yleinen asumistuki;2019;12;2019-12-01;Pohjois-Savo;uudet saajaruokakunnat;362
Yleinen asumistuki;2019;12;2019-12-01;Pohjois-Savo;"aiemmin tukea 
saaneet ruokakunnat";16863
Yleinen asumistuki;2019;12;2019-12-01;Päijät-Häme;uudet saajaruokakunnat;276
Yleinen asumistuki;2019;12;2019-12-01;Päijät-Häme;"aiemmin tukea 
saaneet ruokakunnat";13703
Yleinen asumistuki;2019;12;2019-12-01;Satakunta;uudet saajaruokakunnat;272
Yleinen asumistuki;2019;12;2019-12-01;Satakunta;"aiemmin tukea 
saaneet ruokakunnat";11394
Yleinen asumistuki;2019;12;2019-12-01;Uusimaa;uudet saajaruokakunnat;2814
Yleinen asumistuki;2019;12;2019-12-01;Uusimaa;"aiemmin tukea 
saaneet ruokakunnat";121522
Yleinen asumistuki;2019;12;2019-12-01;Varsinais-Suomi;uudet saajaruokakunnat;634
Yleinen asumistuki;2019;12;2019-12-01;Varsinais-Suomi;"aiemmin tukea 
saaneet ruokakunnat";33537
Yleinen asumistuki;2020;1;2020-01-01;Etelä-Karjala;uudet saajaruokakunnat;118
Yleinen asumistuki;2020;1;2020-01-01;Etelä-Karjala;"aiemmin tukea 
saaneet ruokakunnat";8766
Yleinen asumistuki;2020;1;2020-01-01;Etelä-Pohjanmaa;uudet saajaruokakunnat;146
Yleinen asumistuki;2020;1;2020-01-01;Etelä-Pohjanmaa;"aiemmin tukea 
saaneet ruokakunnat";7899
Yleinen asumistuki;2020;1;2020-01-01;Etelä-Savo;uudet saajaruokakunnat;134
Yleinen asumistuki;2020;1;2020-01-01;Etelä-Savo;"aiemmin tukea 
saaneet ruokakunnat";7368
Yleinen asumistuki;2020;1;2020-01-01;Kainuu;uudet saajaruokakunnat;72
Yleinen asumistuki;2020;1;2020-01-01;Kainuu;"aiemmin tukea 
saaneet ruokakunnat";3838
Yleinen asumistuki;2020;1;2020-01-01;Kanta-Häme;uudet saajaruokakunnat;156
Yleinen asumistuki;2020;1;2020-01-01;Kanta-Häme;"aiemmin tukea 
saaneet ruokakunnat";8638
Yleinen asumistuki;2020;1;2020-01-01;Keski-Pohjanmaa;uudet saajaruokakunnat;73
Yleinen asumistuki;2020;1;2020-01-01;Keski-Pohjanmaa;"aiemmin tukea 
saaneet ruokakunnat";2794
Yleinen asumistuki;2020;1;2020-01-01;Keski-Suomi;uudet saajaruokakunnat;364
Yleinen asumistuki;2020;1;2020-01-01;Keski-Suomi;"aiemmin tukea 
saaneet ruokakunnat";23162
Yleinen asumistuki;2020;1;2020-01-01;Kymenlaakso;uudet saajaruokakunnat;167
Yleinen asumistuki;2020;1;2020-01-01;Kymenlaakso;"aiemmin tukea 
saaneet ruokakunnat";9489
Yleinen asumistuki;2020;1;2020-01-01;Lappi;uudet saajaruokakunnat;177
Yleinen asumistuki;2020;1;2020-01-01;Lappi;"aiemmin tukea 
saaneet ruokakunnat";10017
Yleinen asumistuki;2020;1;2020-01-01;Pirkanmaa;uudet saajaruokakunnat;658
Yleinen asumistuki;2020;1;2020-01-01;Pirkanmaa;"aiemmin tukea 
saaneet ruokakunnat";39847
Yleinen asumistuki;2020;1;2020-01-01;Pohjanmaa;uudet saajaruokakunnat;145
Yleinen asumistuki;2020;1;2020-01-01;Pohjanmaa;"aiemmin tukea 
saaneet ruokakunnat";10161
Yleinen asumistuki;2020;1;2020-01-01;Pohjois-Karjala;uudet saajaruokakunnat;244
Yleinen asumistuki;2020;1;2020-01-01;Pohjois-Karjala;"aiemmin tukea 
saaneet ruokakunnat";13287
Yleinen asumistuki;2020;1;2020-01-01;Pohjois-Pohjanmaa;uudet saajaruokakunnat;578
Yleinen asumistuki;2020;1;2020-01-01;Pohjois-Pohjanmaa;"aiemmin tukea 
saaneet ruokakunnat";27615
Yleinen asumistuki;2020;1;2020-01-01;Pohjois-Savo;uudet saajaruokakunnat;322
Yleinen asumistuki;2020;1;2020-01-01;Pohjois-Savo;"aiemmin tukea 
saaneet ruokakunnat";16705
Yleinen asumistuki;2020;1;2020-01-01;Päijät-Häme;uudet saajaruokakunnat;233
Yleinen asumistuki;2020;1;2020-01-01;Päijät-Häme;"aiemmin tukea 
saaneet ruokakunnat";13563
Yleinen asumistuki;2020;1;2020-01-01;Satakunta;uudet saajaruokakunnat;202
Yleinen asumistuki;2020;1;2020-01-01;Satakunta;"aiemmin tukea 
saaneet ruokakunnat";11389
Yleinen asumistuki;2020;1;2020-01-01;Uusimaa;uudet saajaruokakunnat;2116
Yleinen asumistuki;2020;1;2020-01-01;Uusimaa;"aiemmin tukea 
saaneet ruokakunnat";119794
Yleinen asumistuki;2020;1;2020-01-01;Varsinais-Suomi;uudet saajaruokakunnat;523
Yleinen asumistuki;2020;1;2020-01-01;Varsinais-Suomi;"aiemmin tukea 
saaneet ruokakunnat";33098
Yleinen asumistuki;2020;2;2020-02-01;Etelä-Karjala;uudet saajaruokakunnat;187
Yleinen asumistuki;2020;2;2020-02-01;Etelä-Karjala;"aiemmin tukea 
saaneet ruokakunnat";8713
Yleinen asumistuki;2020;2;2020-02-01;Etelä-Pohjanmaa;uudet saajaruokakunnat;189
Yleinen asumistuki;2020;2;2020-02-01;Etelä-Pohjanmaa;"aiemmin tukea 
saaneet ruokakunnat";7884
Yleinen asumistuki;2020;2;2020-02-01;Etelä-Savo;uudet saajaruokakunnat;190
Yleinen asumistuki;2020;2;2020-02-01;Etelä-Savo;"aiemmin tukea 
saaneet ruokakunnat";7328
Yleinen asumistuki;2020;2;2020-02-01;Kainuu;uudet saajaruokakunnat;79
Yleinen asumistuki;2020;2;2020-02-01;Kainuu;"aiemmin tukea 
saaneet ruokakunnat";3834
Yleinen asumistuki;2020;2;2020-02-01;Kanta-Häme;uudet saajaruokakunnat;189
Yleinen asumistuki;2020;2;2020-02-01;Kanta-Häme;"aiemmin tukea 
saaneet ruokakunnat";8690
Yleinen asumistuki;2020;2;2020-02-01;Keski-Pohjanmaa;uudet saajaruokakunnat;61
Yleinen asumistuki;2020;2;2020-02-01;Keski-Pohjanmaa;"aiemmin tukea 
saaneet ruokakunnat";2805
Yleinen asumistuki;2020;2;2020-02-01;Keski-Suomi;uudet saajaruokakunnat;401
Yleinen asumistuki;2020;2;2020-02-01;Keski-Suomi;"aiemmin tukea 
saaneet ruokakunnat";23191
Yleinen asumistuki;2020;2;2020-02-01;Kymenlaakso;uudet saajaruokakunnat;221
Yleinen asumistuki;2020;2;2020-02-01;Kymenlaakso;"aiemmin tukea 
saaneet ruokakunnat";9425
Yleinen asumistuki;2020;2;2020-02-01;Lappi;uudet saajaruokakunnat;206
Yleinen asumistuki;2020;2;2020-02-01;Lappi;"aiemmin tukea 
saaneet ruokakunnat";9993
Yleinen asumistuki;2020;2;2020-02-01;Pirkanmaa;uudet saajaruokakunnat;841
Yleinen asumistuki;2020;2;2020-02-01;Pirkanmaa;"aiemmin tukea 
saaneet ruokakunnat";39879
Yleinen asumistuki;2020;2;2020-02-01;Pohjanmaa;uudet saajaruokakunnat;219
Yleinen asumistuki;2020;2;2020-02-01;Pohjanmaa;"aiemmin tukea 
saaneet ruokakunnat";10091
Yleinen asumistuki;2020;2;2020-02-01;Pohjois-Karjala;uudet saajaruokakunnat;225
Yleinen asumistuki;2020;2;2020-02-01;Pohjois-Karjala;"aiemmin tukea 
saaneet ruokakunnat";13368
Yleinen asumistuki;2020;2;2020-02-01;Pohjois-Pohjanmaa;uudet saajaruokakunnat;605
Yleinen asumistuki;2020;2;2020-02-01;Pohjois-Pohjanmaa;"aiemmin tukea 
saaneet ruokakunnat";27721
Yleinen asumistuki;2020;2;2020-02-01;Pohjois-Savo;uudet saajaruokakunnat;317
Yleinen asumistuki;2020;2;2020-02-01;Pohjois-Savo;"aiemmin tukea 
saaneet ruokakunnat";16719
Yleinen asumistuki;2020;2;2020-02-01;Päijät-Häme;uudet saajaruokakunnat;295
Yleinen asumistuki;2020;2;2020-02-01;Päijät-Häme;"aiemmin tukea 
saaneet ruokakunnat";13498
Yleinen asumistuki;2020;2;2020-02-01;Satakunta;uudet saajaruokakunnat;221
Yleinen asumistuki;2020;2;2020-02-01;Satakunta;"aiemmin tukea 
saaneet ruokakunnat";11403
Yleinen asumistuki;2020;2;2020-02-01;Uusimaa;uudet saajaruokakunnat;2533
Yleinen asumistuki;2020;2;2020-02-01;Uusimaa;"aiemmin tukea 
saaneet ruokakunnat";119457
Yleinen asumistuki;2020;2;2020-02-01;Varsinais-Suomi;uudet saajaruokakunnat;628
Yleinen asumistuki;2020;2;2020-02-01;Varsinais-Suomi;"aiemmin tukea 
saaneet ruokakunnat";33044
Yleinen asumistuki;2020;3;2020-03-01;Etelä-Karjala;uudet saajaruokakunnat;153
Yleinen asumistuki;2020;3;2020-03-01;Etelä-Karjala;"aiemmin tukea 
saaneet ruokakunnat";8765
Yleinen asumistuki;2020;3;2020-03-01;Etelä-Pohjanmaa;uudet saajaruokakunnat;192
Yleinen asumistuki;2020;3;2020-03-01;Etelä-Pohjanmaa;"aiemmin tukea 
saaneet ruokakunnat";7865
Yleinen asumistuki;2020;3;2020-03-01;Etelä-Savo;uudet saajaruokakunnat;170
Yleinen asumistuki;2020;3;2020-03-01;Etelä-Savo;"aiemmin tukea 
saaneet ruokakunnat";7406
Yleinen asumistuki;2020;3;2020-03-01;Kainuu;uudet saajaruokakunnat;99
Yleinen asumistuki;2020;3;2020-03-01;Kainuu;"aiemmin tukea 
saaneet ruokakunnat";3853
Yleinen asumistuki;2020;3;2020-03-01;Kanta-Häme;uudet saajaruokakunnat;170
Yleinen asumistuki;2020;3;2020-03-01;Kanta-Häme;"aiemmin tukea 
saaneet ruokakunnat";8715
Yleinen asumistuki;2020;3;2020-03-01;Keski-Pohjanmaa;uudet saajaruokakunnat;76
Yleinen asumistuki;2020;3;2020-03-01;Keski-Pohjanmaa;"aiemmin tukea 
saaneet ruokakunnat";2826
Yleinen asumistuki;2020;3;2020-03-01;Keski-Suomi;uudet saajaruokakunnat;404
Yleinen asumistuki;2020;3;2020-03-01;Keski-Suomi;"aiemmin tukea 
saaneet ruokakunnat";23220
Yleinen asumistuki;2020;3;2020-03-01;Kymenlaakso;uudet saajaruokakunnat;149
Yleinen asumistuki;2020;3;2020-03-01;Kymenlaakso;"aiemmin tukea 
saaneet ruokakunnat";9424
Yleinen asumistuki;2020;3;2020-03-01;Lappi;uudet saajaruokakunnat;245
Yleinen asumistuki;2020;3;2020-03-01;Lappi;"aiemmin tukea 
saaneet ruokakunnat";10039
Yleinen asumistuki;2020;3;2020-03-01;Pirkanmaa;uudet saajaruokakunnat;716
Yleinen asumistuki;2020;3;2020-03-01;Pirkanmaa;"aiemmin tukea 
saaneet ruokakunnat";39997
Yleinen asumistuki;2020;3;2020-03-01;Pohjanmaa;uudet saajaruokakunnat;176
Yleinen asumistuki;2020;3;2020-03-01;Pohjanmaa;"aiemmin tukea 
saaneet ruokakunnat";10168
Yleinen asumistuki;2020;3;2020-03-01;Pohjois-Karjala;uudet saajaruokakunnat;229
Yleinen asumistuki;2020;3;2020-03-01;Pohjois-Karjala;"aiemmin tukea 
saaneet ruokakunnat";13453
Yleinen asumistuki;2020;3;2020-03-01;Pohjois-Pohjanmaa;uudet saajaruokakunnat;669
Yleinen asumistuki;2020;3;2020-03-01;Pohjois-Pohjanmaa;"aiemmin tukea 
saaneet ruokakunnat";27858
Yleinen asumistuki;2020;3;2020-03-01;Pohjois-Savo;uudet saajaruokakunnat;295
Yleinen asumistuki;2020;3;2020-03-01;Pohjois-Savo;"aiemmin tukea 
saaneet ruokakunnat";16772
Yleinen asumistuki;2020;3;2020-03-01;Päijät-Häme;uudet saajaruokakunnat;291
Yleinen asumistuki;2020;3;2020-03-01;Päijät-Häme;"aiemmin tukea 
saaneet ruokakunnat";13583
Yleinen asumistuki;2020;3;2020-03-01;Satakunta;uudet saajaruokakunnat;242
Yleinen asumistuki;2020;3;2020-03-01;Satakunta;"aiemmin tukea 
saaneet ruokakunnat";11383
Yleinen asumistuki;2020;3;2020-03-01;Uusimaa;uudet saajaruokakunnat;2668
Yleinen asumistuki;2020;3;2020-03-01;Uusimaa;"aiemmin tukea 
saaneet ruokakunnat";119759
Yleinen asumistuki;2020;3;2020-03-01;Varsinais-Suomi;uudet saajaruokakunnat;633
Yleinen asumistuki;2020;3;2020-03-01;Varsinais-Suomi;"aiemmin tukea 
saaneet ruokakunnat";33131
Yleinen asumistuki;2020;5;2020-05-01;Etelä-Karjala;uudet saajaruokakunnat;208
Yleinen asumistuki;2020;5;2020-05-01;Etelä-Karjala;"aiemmin tukea 
saaneet ruokakunnat";8709
Yleinen asumistuki;2020;5;2020-05-01;Etelä-Pohjanmaa;uudet saajaruokakunnat;221
Yleinen asumistuki;2020;5;2020-05-01;Etelä-Pohjanmaa;"aiemmin tukea 
saaneet ruokakunnat";7969
Yleinen asumistuki;2020;5;2020-05-01;Etelä-Savo;uudet saajaruokakunnat;222
Yleinen asumistuki;2020;5;2020-05-01;Etelä-Savo;"aiemmin tukea 
saaneet ruokakunnat";7451
Yleinen asumistuki;2020;5;2020-05-01;Kainuu;uudet saajaruokakunnat;76
Yleinen asumistuki;2020;5;2020-05-01;Kainuu;"aiemmin tukea 
saaneet ruokakunnat";3883
Yleinen asumistuki;2020;5;2020-05-01;Kanta-Häme;uudet saajaruokakunnat;268
Yleinen asumistuki;2020;5;2020-05-01;Kanta-Häme;"aiemmin tukea 
saaneet ruokakunnat";8685
Yleinen asumistuki;2020;5;2020-05-01;Keski-Pohjanmaa;uudet saajaruokakunnat;77
Yleinen asumistuki;2020;5;2020-05-01;Keski-Pohjanmaa;"aiemmin tukea 
saaneet ruokakunnat";2846
Yleinen asumistuki;2020;5;2020-05-01;Keski-Suomi;uudet saajaruokakunnat;560
Yleinen asumistuki;2020;5;2020-05-01;Keski-Suomi;"aiemmin tukea 
saaneet ruokakunnat";23360
Yleinen asumistuki;2020;5;2020-05-01;Kymenlaakso;uudet saajaruokakunnat;269
Yleinen asumistuki;2020;5;2020-05-01;Kymenlaakso;"aiemmin tukea 
saaneet ruokakunnat";9541
Yleinen asumistuki;2020;5;2020-05-01;Lappi;uudet saajaruokakunnat;320
Yleinen asumistuki;2020;5;2020-05-01;Lappi;"aiemmin tukea 
saaneet ruokakunnat";10119
Yleinen asumistuki;2020;5;2020-05-01;Pirkanmaa;uudet saajaruokakunnat;1113
Yleinen asumistuki;2020;5;2020-05-01;Pirkanmaa;"aiemmin tukea 
saaneet ruokakunnat";40682
Yleinen asumistuki;2020;5;2020-05-01;Pohjanmaa;uudet saajaruokakunnat;215
Yleinen asumistuki;2020;5;2020-05-01;Pohjanmaa;"aiemmin tukea 
saaneet ruokakunnat";9971
Yleinen asumistuki;2020;5;2020-05-01;Pohjois-Karjala;uudet saajaruokakunnat;320
Yleinen asumistuki;2020;5;2020-05-01;Pohjois-Karjala;"aiemmin tukea 
saaneet ruokakunnat";13550
Yleinen asumistuki;2020;5;2020-05-01;Pohjois-Pohjanmaa;uudet saajaruokakunnat;703
Yleinen asumistuki;2020;5;2020-05-01;Pohjois-Pohjanmaa;"aiemmin tukea 
saaneet ruokakunnat";28269
Yleinen asumistuki;2020;5;2020-05-01;Pohjois-Savo;uudet saajaruokakunnat;440
Yleinen asumistuki;2020;5;2020-05-01;Pohjois-Savo;"aiemmin tukea 
saaneet ruokakunnat";16768
Yleinen asumistuki;2020;5;2020-05-01;Päijät-Häme;uudet saajaruokakunnat;355
Yleinen asumistuki;2020;5;2020-05-01;Päijät-Häme;"aiemmin tukea 
saaneet ruokakunnat";13739
Yleinen asumistuki;2020;5;2020-05-01;Satakunta;uudet saajaruokakunnat;280
Yleinen asumistuki;2020;5;2020-05-01;Satakunta;"aiemmin tukea 
saaneet ruokakunnat";11461
Yleinen asumistuki;2020;5;2020-05-01;Uusimaa;uudet saajaruokakunnat;5053
Yleinen asumistuki;2020;5;2020-05-01;Uusimaa;"aiemmin tukea 
saaneet ruokakunnat";123246
Yleinen asumistuki;2020;5;2020-05-01;Varsinais-Suomi;uudet saajaruokakunnat;966
Yleinen asumistuki;2020;5;2020-05-01;Varsinais-Suomi;"aiemmin tukea 
saaneet ruokakunnat";33701
Yleinen asumistuki;2020;6;2020-06-01;Etelä-Karjala;uudet saajaruokakunnat;223
Yleinen asumistuki;2020;6;2020-06-01;Etelä-Karjala;"aiemmin tukea 
saaneet ruokakunnat";8564
Yleinen asumistuki;2020;6;2020-06-01;Etelä-Pohjanmaa;uudet saajaruokakunnat;230
Yleinen asumistuki;2020;6;2020-06-01;Etelä-Pohjanmaa;"aiemmin tukea 
saaneet ruokakunnat";7926
Yleinen asumistuki;2020;6;2020-06-01;Etelä-Savo;uudet saajaruokakunnat;173
Yleinen asumistuki;2020;6;2020-06-01;Etelä-Savo;"aiemmin tukea 
saaneet ruokakunnat";7375
Yleinen asumistuki;2020;6;2020-06-01;Kainuu;uudet saajaruokakunnat;109
Yleinen asumistuki;2020;6;2020-06-01;Kainuu;"aiemmin tukea 
saaneet ruokakunnat";3818
Yleinen asumistuki;2020;6;2020-06-01;Kanta-Häme;uudet saajaruokakunnat;261
Yleinen asumistuki;2020;6;2020-06-01;Kanta-Häme;"aiemmin tukea 
saaneet ruokakunnat";8751
Yleinen asumistuki;2020;6;2020-06-01;Keski-Pohjanmaa;uudet saajaruokakunnat;82
Yleinen asumistuki;2020;6;2020-06-01;Keski-Pohjanmaa;"aiemmin tukea 
saaneet ruokakunnat";2789
Yleinen asumistuki;2020;6;2020-06-01;Keski-Suomi;uudet saajaruokakunnat;528
Yleinen asumistuki;2020;6;2020-06-01;Keski-Suomi;"aiemmin tukea 
saaneet ruokakunnat";23222
Yleinen asumistuki;2020;6;2020-06-01;Kymenlaakso;uudet saajaruokakunnat;282
Yleinen asumistuki;2020;6;2020-06-01;Kymenlaakso;"aiemmin tukea 
saaneet ruokakunnat";9578
Yleinen asumistuki;2020;6;2020-06-01;Lappi;uudet saajaruokakunnat;372
Yleinen asumistuki;2020;6;2020-06-01;Lappi;"aiemmin tukea 
saaneet ruokakunnat";10101
Yleinen asumistuki;2020;6;2020-06-01;Pirkanmaa;uudet saajaruokakunnat;1027
Yleinen asumistuki;2020;6;2020-06-01;Pirkanmaa;"aiemmin tukea 
saaneet ruokakunnat";40671
Yleinen asumistuki;2020;6;2020-06-01;Pohjanmaa;uudet saajaruokakunnat;232
Yleinen asumistuki;2020;6;2020-06-01;Pohjanmaa;"aiemmin tukea 
saaneet ruokakunnat";9644
Yleinen asumistuki;2020;6;2020-06-01;Pohjois-Karjala;uudet saajaruokakunnat;252
Yleinen asumistuki;2020;6;2020-06-01;Pohjois-Karjala;"aiemmin tukea 
saaneet ruokakunnat";13367
Yleinen asumistuki;2020;6;2020-06-01;Pohjois-Pohjanmaa;uudet saajaruokakunnat;802
Yleinen asumistuki;2020;6;2020-06-01;Pohjois-Pohjanmaa;"aiemmin tukea 
saaneet ruokakunnat";28046
Yleinen asumistuki;2020;6;2020-06-01;Pohjois-Savo;uudet saajaruokakunnat;420
Yleinen asumistuki;2020;6;2020-06-01;Pohjois-Savo;"aiemmin tukea 
saaneet ruokakunnat";16620
Yleinen asumistuki;2020;6;2020-06-01;Päijät-Häme;uudet saajaruokakunnat;407
Yleinen asumistuki;2020;6;2020-06-01;Päijät-Häme;"aiemmin tukea 
saaneet ruokakunnat";13827
Yleinen asumistuki;2020;6;2020-06-01;Satakunta;uudet saajaruokakunnat;340
Yleinen asumistuki;2020;6;2020-06-01;Satakunta;"aiemmin tukea 
saaneet ruokakunnat";11327
Yleinen asumistuki;2020;6;2020-06-01;Uusimaa;uudet saajaruokakunnat;5173
Yleinen asumistuki;2020;6;2020-06-01;Uusimaa;"aiemmin tukea 
saaneet ruokakunnat";126579
Yleinen asumistuki;2020;6;2020-06-01;Varsinais-Suomi;uudet saajaruokakunnat;950
Yleinen asumistuki;2020;6;2020-06-01;Varsinais-Suomi;"aiemmin tukea 
saaneet ruokakunnat";33720
Yleinen asumistuki;2020;7;2020-07-01;Etelä-Karjala;uudet saajaruokakunnat;232
Yleinen asumistuki;2020;7;2020-07-01;Etelä-Karjala;"aiemmin tukea 
saaneet ruokakunnat";8399
Yleinen asumistuki;2020;7;2020-07-01;Etelä-Pohjanmaa;uudet saajaruokakunnat;204
Yleinen asumistuki;2020;7;2020-07-01;Etelä-Pohjanmaa;"aiemmin tukea 
saaneet ruokakunnat";7810
Yleinen asumistuki;2020;7;2020-07-01;Etelä-Savo;uudet saajaruokakunnat;136
Yleinen asumistuki;2020;7;2020-07-01;Etelä-Savo;"aiemmin tukea 
saaneet ruokakunnat";7287
Yleinen asumistuki;2020;7;2020-07-01;Kainuu;uudet saajaruokakunnat;82
Yleinen asumistuki;2020;7;2020-07-01;Kainuu;"aiemmin tukea 
saaneet ruokakunnat";3721
Yleinen asumistuki;2020;7;2020-07-01;Kanta-Häme;uudet saajaruokakunnat;184
Yleinen asumistuki;2020;7;2020-07-01;Kanta-Häme;"aiemmin tukea 
saaneet ruokakunnat";8735
Yleinen asumistuki;2020;7;2020-07-01;Keski-Pohjanmaa;uudet saajaruokakunnat;71
Yleinen asumistuki;2020;7;2020-07-01;Keski-Pohjanmaa;"aiemmin tukea 
saaneet ruokakunnat";2707
Yleinen asumistuki;2020;7;2020-07-01;Keski-Suomi;uudet saajaruokakunnat;460
Yleinen asumistuki;2020;7;2020-07-01;Keski-Suomi;"aiemmin tukea 
saaneet ruokakunnat";22983
Yleinen asumistuki;2020;7;2020-07-01;Kymenlaakso;uudet saajaruokakunnat;218
Yleinen asumistuki;2020;7;2020-07-01;Kymenlaakso;"aiemmin tukea 
saaneet ruokakunnat";9485
Yleinen asumistuki;2020;7;2020-07-01;Lappi;uudet saajaruokakunnat;306
Yleinen asumistuki;2020;7;2020-07-01;Lappi;"aiemmin tukea 
saaneet ruokakunnat";10055
Yleinen asumistuki;2020;7;2020-07-01;Pirkanmaa;uudet saajaruokakunnat;1079
Yleinen asumistuki;2020;7;2020-07-01;Pirkanmaa;"aiemmin tukea 
saaneet ruokakunnat";40177
Yleinen asumistuki;2020;7;2020-07-01;Pohjanmaa;uudet saajaruokakunnat;247
Yleinen asumistuki;2020;7;2020-07-01;Pohjanmaa;"aiemmin tukea 
saaneet ruokakunnat";9341
Yleinen asumistuki;2020;7;2020-07-01;Pohjois-Karjala;uudet saajaruokakunnat;237
Yleinen asumistuki;2020;7;2020-07-01;Pohjois-Karjala;"aiemmin tukea 
saaneet ruokakunnat";13062
Yleinen asumistuki;2020;7;2020-07-01;Pohjois-Pohjanmaa;uudet saajaruokakunnat;735
Yleinen asumistuki;2020;7;2020-07-01;Pohjois-Pohjanmaa;"aiemmin tukea 
saaneet ruokakunnat";27418
Yleinen asumistuki;2020;7;2020-07-01;Pohjois-Savo;uudet saajaruokakunnat;362
Yleinen asumistuki;2020;7;2020-07-01;Pohjois-Savo;"aiemmin tukea 
saaneet ruokakunnat";16430
Yleinen asumistuki;2020;7;2020-07-01;Päijät-Häme;uudet saajaruokakunnat;357
Yleinen asumistuki;2020;7;2020-07-01;Päijät-Häme;"aiemmin tukea 
saaneet ruokakunnat";13860
Yleinen asumistuki;2020;7;2020-07-01;Satakunta;uudet saajaruokakunnat;258
Yleinen asumistuki;2020;7;2020-07-01;Satakunta;"aiemmin tukea 
saaneet ruokakunnat";11231
Yleinen asumistuki;2020;7;2020-07-01;Uusimaa;uudet saajaruokakunnat;3894
Yleinen asumistuki;2020;7;2020-07-01;Uusimaa;"aiemmin tukea 
saaneet ruokakunnat";128457
Yleinen asumistuki;2020;7;2020-07-01;Varsinais-Suomi;uudet saajaruokakunnat;862
Yleinen asumistuki;2020;7;2020-07-01;Varsinais-Suomi;"aiemmin tukea 
saaneet ruokakunnat";33368
Yleinen asumistuki;2020;8;2020-08-01;Etelä-Karjala;uudet saajaruokakunnat;250
Yleinen asumistuki;2020;8;2020-08-01;Etelä-Karjala;"aiemmin tukea 
saaneet ruokakunnat";8317
Yleinen asumistuki;2020;8;2020-08-01;Etelä-Pohjanmaa;uudet saajaruokakunnat;248
Yleinen asumistuki;2020;8;2020-08-01;Etelä-Pohjanmaa;"aiemmin tukea 
saaneet ruokakunnat";7608
Yleinen asumistuki;2020;8;2020-08-01;Etelä-Savo;uudet saajaruokakunnat;181
Yleinen asumistuki;2020;8;2020-08-01;Etelä-Savo;"aiemmin tukea 
saaneet ruokakunnat";7062
Yleinen asumistuki;2020;8;2020-08-01;Kainuu;uudet saajaruokakunnat;122
Yleinen asumistuki;2020;8;2020-08-01;Kainuu;"aiemmin tukea 
saaneet ruokakunnat";3658
Yleinen asumistuki;2020;8;2020-08-01;Kanta-Häme;uudet saajaruokakunnat;210
Yleinen asumistuki;2020;8;2020-08-01;Kanta-Häme;"aiemmin tukea 
saaneet ruokakunnat";8680
Yleinen asumistuki;2020;8;2020-08-01;Keski-Pohjanmaa;uudet saajaruokakunnat;69
Yleinen asumistuki;2020;8;2020-08-01;Keski-Pohjanmaa;"aiemmin tukea 
saaneet ruokakunnat";2656
Yleinen asumistuki;2020;8;2020-08-01;Keski-Suomi;uudet saajaruokakunnat;676
Yleinen asumistuki;2020;8;2020-08-01;Keski-Suomi;"aiemmin tukea 
saaneet ruokakunnat";22254
Yleinen asumistuki;2020;8;2020-08-01;Kymenlaakso;uudet saajaruokakunnat;188
Yleinen asumistuki;2020;8;2020-08-01;Kymenlaakso;"aiemmin tukea 
saaneet ruokakunnat";9361
Yleinen asumistuki;2020;8;2020-08-01;Lappi;uudet saajaruokakunnat;346
Yleinen asumistuki;2020;8;2020-08-01;Lappi;"aiemmin tukea 
saaneet ruokakunnat";9771
Yleinen asumistuki;2020;8;2020-08-01;Pirkanmaa;uudet saajaruokakunnat;1277
Yleinen asumistuki;2020;8;2020-08-01;Pirkanmaa;"aiemmin tukea 
saaneet ruokakunnat";39740
Yleinen asumistuki;2020;8;2020-08-01;Pohjanmaa;uudet saajaruokakunnat;342
Yleinen asumistuki;2020;8;2020-08-01;Pohjanmaa;"aiemmin tukea 
saaneet ruokakunnat";9040
Yleinen asumistuki;2020;8;2020-08-01;Pohjois-Karjala;uudet saajaruokakunnat;329
Yleinen asumistuki;2020;8;2020-08-01;Pohjois-Karjala;"aiemmin tukea 
saaneet ruokakunnat";12614
Yleinen asumistuki;2020;8;2020-08-01;Pohjois-Pohjanmaa;uudet saajaruokakunnat;913
Yleinen asumistuki;2020;8;2020-08-01;Pohjois-Pohjanmaa;"aiemmin tukea 
saaneet ruokakunnat";26935
Yleinen asumistuki;2020;8;2020-08-01;Pohjois-Savo;uudet saajaruokakunnat;449
Yleinen asumistuki;2020;8;2020-08-01;Pohjois-Savo;"aiemmin tukea 
saaneet ruokakunnat";15951
Yleinen asumistuki;2020;8;2020-08-01;Päijät-Häme;uudet saajaruokakunnat;330
Yleinen asumistuki;2020;8;2020-08-01;Päijät-Häme;"aiemmin tukea 
saaneet ruokakunnat";13713
Yleinen asumistuki;2020;8;2020-08-01;Satakunta;uudet saajaruokakunnat;293
Yleinen asumistuki;2020;8;2020-08-01;Satakunta;"aiemmin tukea 
saaneet ruokakunnat";11064
Yleinen asumistuki;2020;8;2020-08-01;Uusimaa;uudet saajaruokakunnat;3207
Yleinen asumistuki;2020;8;2020-08-01;Uusimaa;"aiemmin tukea 
saaneet ruokakunnat";128160
Yleinen asumistuki;2020;8;2020-08-01;Varsinais-Suomi;uudet saajaruokakunnat;947
Yleinen asumistuki;2020;8;2020-08-01;Varsinais-Suomi;"aiemmin tukea 
saaneet ruokakunnat";32849
Yleinen asumistuki;2020;9;2020-09-01;Etelä-Karjala;uudet saajaruokakunnat;467
Yleinen asumistuki;2020;9;2020-09-01;Etelä-Karjala;"aiemmin tukea 
saaneet ruokakunnat";8392
Yleinen asumistuki;2020;9;2020-09-01;Etelä-Pohjanmaa;uudet saajaruokakunnat;369
Yleinen asumistuki;2020;9;2020-09-01;Etelä-Pohjanmaa;"aiemmin tukea 
saaneet ruokakunnat";7667
Yleinen asumistuki;2020;9;2020-09-01;Etelä-Savo;uudet saajaruokakunnat;307
Yleinen asumistuki;2020;9;2020-09-01;Etelä-Savo;"aiemmin tukea 
saaneet ruokakunnat";7077
Yleinen asumistuki;2020;9;2020-09-01;Kainuu;uudet saajaruokakunnat;186
Yleinen asumistuki;2020;9;2020-09-01;Kainuu;"aiemmin tukea 
saaneet ruokakunnat";3681
Yleinen asumistuki;2020;9;2020-09-01;Kanta-Häme;uudet saajaruokakunnat;343
Yleinen asumistuki;2020;9;2020-09-01;Kanta-Häme;"aiemmin tukea 
saaneet ruokakunnat";8676
Yleinen asumistuki;2020;9;2020-09-01;Keski-Pohjanmaa;uudet saajaruokakunnat;130
Yleinen asumistuki;2020;9;2020-09-01;Keski-Pohjanmaa;"aiemmin tukea 
saaneet ruokakunnat";2635
Yleinen asumistuki;2020;9;2020-09-01;Keski-Suomi;uudet saajaruokakunnat;1087
Yleinen asumistuki;2020;9;2020-09-01;Keski-Suomi;"aiemmin tukea 
saaneet ruokakunnat";22443
Yleinen asumistuki;2020;9;2020-09-01;Kymenlaakso;uudet saajaruokakunnat;292
Yleinen asumistuki;2020;9;2020-09-01;Kymenlaakso;"aiemmin tukea 
saaneet ruokakunnat";9257
Yleinen asumistuki;2020;9;2020-09-01;Lappi;uudet saajaruokakunnat;536
Yleinen asumistuki;2020;9;2020-09-01;Lappi;"aiemmin tukea 
saaneet ruokakunnat";9847
Yleinen asumistuki;2020;9;2020-09-01;Pirkanmaa;uudet saajaruokakunnat;1827
Yleinen asumistuki;2020;9;2020-09-01;Pirkanmaa;"aiemmin tukea 
saaneet ruokakunnat";40313
Yleinen asumistuki;2020;9;2020-09-01;Pohjanmaa;uudet saajaruokakunnat;718
Yleinen asumistuki;2020;9;2020-09-01;Pohjanmaa;"aiemmin tukea 
saaneet ruokakunnat";9154
Yleinen asumistuki;2020;9;2020-09-01;Pohjois-Karjala;uudet saajaruokakunnat;546
Yleinen asumistuki;2020;9;2020-09-01;Pohjois-Karjala;"aiemmin tukea 
saaneet ruokakunnat";12560
Yleinen asumistuki;2020;9;2020-09-01;Pohjois-Pohjanmaa;uudet saajaruokakunnat;1337
Yleinen asumistuki;2020;9;2020-09-01;Pohjois-Pohjanmaa;"aiemmin tukea 
saaneet ruokakunnat";27278
Yleinen asumistuki;2020;9;2020-09-01;Pohjois-Savo;uudet saajaruokakunnat;684
Yleinen asumistuki;2020;9;2020-09-01;Pohjois-Savo;"aiemmin tukea 
saaneet ruokakunnat";16030
Yleinen asumistuki;2020;9;2020-09-01;Päijät-Häme;uudet saajaruokakunnat;413
Yleinen asumistuki;2020;9;2020-09-01;Päijät-Häme;"aiemmin tukea 
saaneet ruokakunnat";13709
Yleinen asumistuki;2020;9;2020-09-01;Satakunta;uudet saajaruokakunnat;521
Yleinen asumistuki;2020;9;2020-09-01;Satakunta;"aiemmin tukea 
saaneet ruokakunnat";11039
Yleinen asumistuki;2020;9;2020-09-01;Uusimaa;uudet saajaruokakunnat;4210
Yleinen asumistuki;2020;9;2020-09-01;Uusimaa;"aiemmin tukea 
saaneet ruokakunnat";127453
Yleinen asumistuki;2020;9;2020-09-01;Varsinais-Suomi;uudet saajaruokakunnat;1631
Yleinen asumistuki;2020;9;2020-09-01;Varsinais-Suomi;"aiemmin tukea 
saaneet ruokakunnat";32990
Yleinen asumistuki;2020;10;2020-10-01;Etelä-Karjala;uudet saajaruokakunnat;410
Yleinen asumistuki;2020;10;2020-10-01;Etelä-Karjala;"aiemmin tukea 
saaneet ruokakunnat";8988
Yleinen asumistuki;2020;10;2020-10-01;Etelä-Pohjanmaa;uudet saajaruokakunnat;377
Yleinen asumistuki;2020;10;2020-10-01;Etelä-Pohjanmaa;"aiemmin tukea 
saaneet ruokakunnat";8009
Yleinen asumistuki;2020;10;2020-10-01;Etelä-Savo;uudet saajaruokakunnat;330
Yleinen asumistuki;2020;10;2020-10-01;Etelä-Savo;"aiemmin tukea 
saaneet ruokakunnat";7347
Yleinen asumistuki;2020;10;2020-10-01;Kainuu;uudet saajaruokakunnat;137
Yleinen asumistuki;2020;10;2020-10-01;Kainuu;"aiemmin tukea 
saaneet ruokakunnat";3840
Yleinen asumistuki;2020;10;2020-10-01;Kanta-Häme;uudet saajaruokakunnat;394
Yleinen asumistuki;2020;10;2020-10-01;Kanta-Häme;"aiemmin tukea 
saaneet ruokakunnat";8958
Yleinen asumistuki;2020;10;2020-10-01;Keski-Pohjanmaa;uudet saajaruokakunnat;148
Yleinen asumistuki;2020;10;2020-10-01;Keski-Pohjanmaa;"aiemmin tukea 
saaneet ruokakunnat";2778
Yleinen asumistuki;2020;10;2020-10-01;Keski-Suomi;uudet saajaruokakunnat;847
Yleinen asumistuki;2020;10;2020-10-01;Keski-Suomi;"aiemmin tukea 
saaneet ruokakunnat";23820
Yleinen asumistuki;2020;10;2020-10-01;Kymenlaakso;uudet saajaruokakunnat;318
Yleinen asumistuki;2020;10;2020-10-01;Kymenlaakso;"aiemmin tukea 
saaneet ruokakunnat";9480
Yleinen asumistuki;2020;10;2020-10-01;Lappi;uudet saajaruokakunnat;408
Yleinen asumistuki;2020;10;2020-10-01;Lappi;"aiemmin tukea 
saaneet ruokakunnat";10364
Yleinen asumistuki;2020;10;2020-10-01;Pirkanmaa;uudet saajaruokakunnat;1545
Yleinen asumistuki;2020;10;2020-10-01;Pirkanmaa;"aiemmin tukea 
saaneet ruokakunnat";42070
Yleinen asumistuki;2020;10;2020-10-01;Pohjanmaa;uudet saajaruokakunnat;599
Yleinen asumistuki;2020;10;2020-10-01;Pohjanmaa;"aiemmin tukea 
saaneet ruokakunnat";10109
Yleinen asumistuki;2020;10;2020-10-01;Pohjois-Karjala;uudet saajaruokakunnat;552
Yleinen asumistuki;2020;10;2020-10-01;Pohjois-Karjala;"aiemmin tukea 
saaneet ruokakunnat";13264
Yleinen asumistuki;2020;10;2020-10-01;Pohjois-Pohjanmaa;uudet saajaruokakunnat;1045
Yleinen asumistuki;2020;10;2020-10-01;Pohjois-Pohjanmaa;"aiemmin tukea 
saaneet ruokakunnat";28486
Yleinen asumistuki;2020;10;2020-10-01;Pohjois-Savo;uudet saajaruokakunnat;687
Yleinen asumistuki;2020;10;2020-10-01;Pohjois-Savo;"aiemmin tukea 
saaneet ruokakunnat";16757
Yleinen asumistuki;2020;10;2020-10-01;Päijät-Häme;uudet saajaruokakunnat;444
Yleinen asumistuki;2020;10;2020-10-01;Päijät-Häme;"aiemmin tukea 
saaneet ruokakunnat";13935
Yleinen asumistuki;2020;10;2020-10-01;Satakunta;uudet saajaruokakunnat;391
Yleinen asumistuki;2020;10;2020-10-01;Satakunta;"aiemmin tukea 
saaneet ruokakunnat";11450
Yleinen asumistuki;2020;10;2020-10-01;Uusimaa;uudet saajaruokakunnat;4467
Yleinen asumistuki;2020;10;2020-10-01;Uusimaa;"aiemmin tukea 
saaneet ruokakunnat";130199
Yleinen asumistuki;2020;10;2020-10-01;Varsinais-Suomi;uudet saajaruokakunnat;1267
Yleinen asumistuki;2020;10;2020-10-01;Varsinais-Suomi;"aiemmin tukea 
saaneet ruokakunnat";34520
Yleinen asumistuki;2020;11;2020-11-01;Etelä-Karjala;uudet saajaruokakunnat;186
Yleinen asumistuki;2020;11;2020-11-01;Etelä-Karjala;"aiemmin tukea 
saaneet ruokakunnat";9284
Yleinen asumistuki;2020;11;2020-11-01;Etelä-Pohjanmaa;uudet saajaruokakunnat;210
Yleinen asumistuki;2020;11;2020-11-01;Etelä-Pohjanmaa;"aiemmin tukea 
saaneet ruokakunnat";8281
Yleinen asumistuki;2020;11;2020-11-01;Etelä-Savo;uudet saajaruokakunnat;179
Yleinen asumistuki;2020;11;2020-11-01;Etelä-Savo;"aiemmin tukea 
saaneet ruokakunnat";7523
Yleinen asumistuki;2020;11;2020-11-01;Kainuu;uudet saajaruokakunnat;82
Yleinen asumistuki;2020;11;2020-11-01;Kainuu;"aiemmin tukea 
saaneet ruokakunnat";3894
Yleinen asumistuki;2020;11;2020-11-01;Kanta-Häme;uudet saajaruokakunnat;210
Yleinen asumistuki;2020;11;2020-11-01;Kanta-Häme;"aiemmin tukea 
saaneet ruokakunnat";9191
Yleinen asumistuki;2020;11;2020-11-01;Keski-Pohjanmaa;uudet saajaruokakunnat;91
Yleinen asumistuki;2020;11;2020-11-01;Keski-Pohjanmaa;"aiemmin tukea 
saaneet ruokakunnat";2888
Yleinen asumistuki;2020;11;2020-11-01;Keski-Suomi;uudet saajaruokakunnat;477
Yleinen asumistuki;2020;11;2020-11-01;Keski-Suomi;"aiemmin tukea 
saaneet ruokakunnat";24399
Yleinen asumistuki;2020;11;2020-11-01;Kymenlaakso;uudet saajaruokakunnat;210
Yleinen asumistuki;2020;11;2020-11-01;Kymenlaakso;"aiemmin tukea 
saaneet ruokakunnat";9636
Yleinen asumistuki;2020;11;2020-11-01;Lappi;uudet saajaruokakunnat;268
Yleinen asumistuki;2020;11;2020-11-01;Lappi;"aiemmin tukea 
saaneet ruokakunnat";10552
Yleinen asumistuki;2020;11;2020-11-01;Pirkanmaa;uudet saajaruokakunnat;861
Yleinen asumistuki;2020;11;2020-11-01;Pirkanmaa;"aiemmin tukea 
saaneet ruokakunnat";43086
Yleinen asumistuki;2020;11;2020-11-01;Pohjanmaa;uudet saajaruokakunnat;249
Yleinen asumistuki;2020;11;2020-11-01;Pohjanmaa;"aiemmin tukea 
saaneet ruokakunnat";10645
Yleinen asumistuki;2020;11;2020-11-01;Pohjois-Karjala;uudet saajaruokakunnat;249
Yleinen asumistuki;2020;11;2020-11-01;Pohjois-Karjala;"aiemmin tukea 
saaneet ruokakunnat";13621
Yleinen asumistuki;2020;11;2020-11-01;Pohjois-Pohjanmaa;uudet saajaruokakunnat;645
Yleinen asumistuki;2020;11;2020-11-01;Pohjois-Pohjanmaa;"aiemmin tukea 
saaneet ruokakunnat";29038
Yleinen asumistuki;2020;11;2020-11-01;Pohjois-Savo;uudet saajaruokakunnat;396
Yleinen asumistuki;2020;11;2020-11-01;Pohjois-Savo;"aiemmin tukea 
saaneet ruokakunnat";17227
Yleinen asumistuki;2020;11;2020-11-01;Päijät-Häme;uudet saajaruokakunnat;292
Yleinen asumistuki;2020;11;2020-11-01;Päijät-Häme;"aiemmin tukea 
saaneet ruokakunnat";14113
Yleinen asumistuki;2020;11;2020-11-01;Satakunta;uudet saajaruokakunnat;299
Yleinen asumistuki;2020;11;2020-11-01;Satakunta;"aiemmin tukea 
saaneet ruokakunnat";11603
Yleinen asumistuki;2020;11;2020-11-01;Uusimaa;uudet saajaruokakunnat;3330
Yleinen asumistuki;2020;11;2020-11-01;Uusimaa;"aiemmin tukea 
saaneet ruokakunnat";132358
Yleinen asumistuki;2020;11;2020-11-01;Varsinais-Suomi;uudet saajaruokakunnat;828
Yleinen asumistuki;2020;11;2020-11-01;Varsinais-Suomi;"aiemmin tukea 
saaneet ruokakunnat";35287
Yleinen asumistuki;2020;12;2020-12-01;Etelä-Karjala;uudet saajaruokakunnat;141
Yleinen asumistuki;2020;12;2020-12-01;Etelä-Karjala;"aiemmin tukea 
saaneet ruokakunnat";9333
Yleinen asumistuki;2020;12;2020-12-01;Etelä-Pohjanmaa;uudet saajaruokakunnat;179
Yleinen asumistuki;2020;12;2020-12-01;Etelä-Pohjanmaa;"aiemmin tukea 
saaneet ruokakunnat";8334
Yleinen asumistuki;2020;12;2020-12-01;Etelä-Savo;uudet saajaruokakunnat;129
Yleinen asumistuki;2020;12;2020-12-01;Etelä-Savo;"aiemmin tukea 
saaneet ruokakunnat";7535
Yleinen asumistuki;2020;12;2020-12-01;Kainuu;uudet saajaruokakunnat;63
Yleinen asumistuki;2020;12;2020-12-01;Kainuu;"aiemmin tukea 
saaneet ruokakunnat";3883
Yleinen asumistuki;2020;12;2020-12-01;Kanta-Häme;uudet saajaruokakunnat;193
Yleinen asumistuki;2020;12;2020-12-01;Kanta-Häme;"aiemmin tukea 
saaneet ruokakunnat";9261
Yleinen asumistuki;2020;12;2020-12-01;Keski-Pohjanmaa;uudet saajaruokakunnat;53
Yleinen asumistuki;2020;12;2020-12-01;Keski-Pohjanmaa;"aiemmin tukea 
saaneet ruokakunnat";2896
Yleinen asumistuki;2020;12;2020-12-01;Keski-Suomi;uudet saajaruokakunnat;387
Yleinen asumistuki;2020;12;2020-12-01;Keski-Suomi;"aiemmin tukea 
saaneet ruokakunnat";24502
Yleinen asumistuki;2020;12;2020-12-01;Kymenlaakso;uudet saajaruokakunnat;172
Yleinen asumistuki;2020;12;2020-12-01;Kymenlaakso;"aiemmin tukea 
saaneet ruokakunnat";9650
Yleinen asumistuki;2020;12;2020-12-01;Lappi;uudet saajaruokakunnat;228
Yleinen asumistuki;2020;12;2020-12-01;Lappi;"aiemmin tukea 
saaneet ruokakunnat";10574
Yleinen asumistuki;2020;12;2020-12-01;Pirkanmaa;uudet saajaruokakunnat;734
Yleinen asumistuki;2020;12;2020-12-01;Pirkanmaa;"aiemmin tukea 
saaneet ruokakunnat";43090
Yleinen asumistuki;2020;12;2020-12-01;Pohjanmaa;uudet saajaruokakunnat;210
Yleinen asumistuki;2020;12;2020-12-01;Pohjanmaa;"aiemmin tukea 
saaneet ruokakunnat";10726
Yleinen asumistuki;2020;12;2020-12-01;Pohjois-Karjala;uudet saajaruokakunnat;232
Yleinen asumistuki;2020;12;2020-12-01;Pohjois-Karjala;"aiemmin tukea 
saaneet ruokakunnat";13665
Yleinen asumistuki;2020;12;2020-12-01;Pohjois-Pohjanmaa;uudet saajaruokakunnat;494
Yleinen asumistuki;2020;12;2020-12-01;Pohjois-Pohjanmaa;"aiemmin tukea 
saaneet ruokakunnat";29052
Yleinen asumistuki;2020;12;2020-12-01;Pohjois-Savo;uudet saajaruokakunnat;300
Yleinen asumistuki;2020;12;2020-12-01;Pohjois-Savo;"aiemmin tukea 
saaneet ruokakunnat";17351
Yleinen asumistuki;2020;12;2020-12-01;Päijät-Häme;uudet saajaruokakunnat;268
Yleinen asumistuki;2020;12;2020-12-01;Päijät-Häme;"aiemmin tukea 
saaneet ruokakunnat";14155
Yleinen asumistuki;2020;12;2020-12-01;Satakunta;uudet saajaruokakunnat;260
Yleinen asumistuki;2020;12;2020-12-01;Satakunta;"aiemmin tukea 
saaneet ruokakunnat";11696
Yleinen asumistuki;2020;12;2020-12-01;Uusimaa;uudet saajaruokakunnat;2887
Yleinen asumistuki;2020;12;2020-12-01;Uusimaa;"aiemmin tukea 
saaneet ruokakunnat";133132
Yleinen asumistuki;2020;12;2020-12-01;Varsinais-Suomi;uudet saajaruokakunnat;671
Yleinen asumistuki;2020;12;2020-12-01;Varsinais-Suomi;"aiemmin tukea 
saaneet ruokakunnat";35498
Yleinen asumistuki;2021;1;2021-01-01;Etelä-Karjala;uudet saajaruokakunnat;145
Yleinen asumistuki;2021;1;2021-01-01;Etelä-Karjala;"aiemmin tukea 
saaneet ruokakunnat";9278
Yleinen asumistuki;2021;1;2021-01-01;Etelä-Pohjanmaa;uudet saajaruokakunnat;179
Yleinen asumistuki;2021;1;2021-01-01;Etelä-Pohjanmaa;"aiemmin tukea 
saaneet ruokakunnat";8456
Yleinen asumistuki;2021;1;2021-01-01;Etelä-Savo;uudet saajaruokakunnat;160
Yleinen asumistuki;2021;1;2021-01-01;Etelä-Savo;"aiemmin tukea 
saaneet ruokakunnat";7320
Yleinen asumistuki;2021;1;2021-01-01;Kainuu;uudet saajaruokakunnat;68
Yleinen asumistuki;2021;1;2021-01-01;Kainuu;"aiemmin tukea 
saaneet ruokakunnat";3892
Yleinen asumistuki;2021;1;2021-01-01;Kanta-Häme;uudet saajaruokakunnat;153
Yleinen asumistuki;2021;1;2021-01-01;Kanta-Häme;"aiemmin tukea 
saaneet ruokakunnat";9263
Yleinen asumistuki;2021;1;2021-01-01;Keski-Pohjanmaa;uudet saajaruokakunnat;59
Yleinen asumistuki;2021;1;2021-01-01;Keski-Pohjanmaa;"aiemmin tukea 
saaneet ruokakunnat";2921
Yleinen asumistuki;2021;1;2021-01-01;Keski-Suomi;uudet saajaruokakunnat;402
Yleinen asumistuki;2021;1;2021-01-01;Keski-Suomi;"aiemmin tukea 
saaneet ruokakunnat";24378
Yleinen asumistuki;2021;1;2021-01-01;Kymenlaakso;uudet saajaruokakunnat;164
Yleinen asumistuki;2021;1;2021-01-01;Kymenlaakso;"aiemmin tukea 
saaneet ruokakunnat";9488
Yleinen asumistuki;2021;1;2021-01-01;Lappi;uudet saajaruokakunnat;227
Yleinen asumistuki;2021;1;2021-01-01;Lappi;"aiemmin tukea 
saaneet ruokakunnat";10618
Yleinen asumistuki;2021;1;2021-01-01;Pirkanmaa;uudet saajaruokakunnat;766
Yleinen asumistuki;2021;1;2021-01-01;Pirkanmaa;"aiemmin tukea 
saaneet ruokakunnat";43038
Yleinen asumistuki;2021;1;2021-01-01;Pohjanmaa;uudet saajaruokakunnat;170
Yleinen asumistuki;2021;1;2021-01-01;Pohjanmaa;"aiemmin tukea 
saaneet ruokakunnat";10565
Yleinen asumistuki;2021;1;2021-01-01;Pohjois-Karjala;uudet saajaruokakunnat;230
Yleinen asumistuki;2021;1;2021-01-01;Pohjois-Karjala;"aiemmin tukea 
saaneet ruokakunnat";13699
Yleinen asumistuki;2021;1;2021-01-01;Pohjois-Pohjanmaa;uudet saajaruokakunnat;545
Yleinen asumistuki;2021;1;2021-01-01;Pohjois-Pohjanmaa;"aiemmin tukea 
saaneet ruokakunnat";29203
Yleinen asumistuki;2021;1;2021-01-01;Pohjois-Savo;uudet saajaruokakunnat;335
Yleinen asumistuki;2021;1;2021-01-01;Pohjois-Savo;"aiemmin tukea 
saaneet ruokakunnat";17472
Yleinen asumistuki;2021;1;2021-01-01;Päijät-Häme;uudet saajaruokakunnat;280
Yleinen asumistuki;2021;1;2021-01-01;Päijät-Häme;"aiemmin tukea 
saaneet ruokakunnat";14402
Yleinen asumistuki;2021;1;2021-01-01;Satakunta;uudet saajaruokakunnat;216
Yleinen asumistuki;2021;1;2021-01-01;Satakunta;"aiemmin tukea 
saaneet ruokakunnat";11754
Yleinen asumistuki;2021;1;2021-01-01;Uusimaa;uudet saajaruokakunnat;2656
Yleinen asumistuki;2021;1;2021-01-01;Uusimaa;"aiemmin tukea 
saaneet ruokakunnat";133130
Yleinen asumistuki;2021;1;2021-01-01;Varsinais-Suomi;uudet saajaruokakunnat;641
Yleinen asumistuki;2021;1;2021-01-01;Varsinais-Suomi;"aiemmin tukea 
saaneet ruokakunnat";35361
Yleinen asumistuki;2021;2;2021-02-01;Etelä-Karjala;uudet saajaruokakunnat;153
Yleinen asumistuki;2021;2;2021-02-01;Etelä-Karjala;"aiemmin tukea 
saaneet ruokakunnat";9287
Yleinen asumistuki;2021;2;2021-02-01;Etelä-Pohjanmaa;uudet saajaruokakunnat;154
Yleinen asumistuki;2021;2;2021-02-01;Etelä-Pohjanmaa;"aiemmin tukea 
saaneet ruokakunnat";8474
Yleinen asumistuki;2021;2;2021-02-01;Etelä-Savo;uudet saajaruokakunnat;190
Yleinen asumistuki;2021;2;2021-02-01;Etelä-Savo;"aiemmin tukea 
saaneet ruokakunnat";7352
Yleinen asumistuki;2021;2;2021-02-01;Kainuu;uudet saajaruokakunnat;78
Yleinen asumistuki;2021;2;2021-02-01;Kainuu;"aiemmin tukea 
saaneet ruokakunnat";3851
Yleinen asumistuki;2021;2;2021-02-01;Kanta-Häme;uudet saajaruokakunnat;163
Yleinen asumistuki;2021;2;2021-02-01;Kanta-Häme;"aiemmin tukea 
saaneet ruokakunnat";9290
Yleinen asumistuki;2021;2;2021-02-01;Keski-Pohjanmaa;uudet saajaruokakunnat;68
Yleinen asumistuki;2021;2;2021-02-01;Keski-Pohjanmaa;"aiemmin tukea 
saaneet ruokakunnat";2919
Yleinen asumistuki;2021;2;2021-02-01;Keski-Suomi;uudet saajaruokakunnat;367
Yleinen asumistuki;2021;2;2021-02-01;Keski-Suomi;"aiemmin tukea 
saaneet ruokakunnat";24410
Yleinen asumistuki;2021;2;2021-02-01;Kymenlaakso;uudet saajaruokakunnat;166
Yleinen asumistuki;2021;2;2021-02-01;Kymenlaakso;"aiemmin tukea 
saaneet ruokakunnat";9487
Yleinen asumistuki;2021;2;2021-02-01;Lappi;uudet saajaruokakunnat;212
Yleinen asumistuki;2021;2;2021-02-01;Lappi;"aiemmin tukea 
saaneet ruokakunnat";10646
Yleinen asumistuki;2021;2;2021-02-01;Pirkanmaa;uudet saajaruokakunnat;718
Yleinen asumistuki;2021;2;2021-02-01;Pirkanmaa;"aiemmin tukea 
saaneet ruokakunnat";43146
Yleinen asumistuki;2021;2;2021-02-01;Pohjanmaa;uudet saajaruokakunnat;164
Yleinen asumistuki;2021;2;2021-02-01;Pohjanmaa;"aiemmin tukea 
saaneet ruokakunnat";10508
Yleinen asumistuki;2021;2;2021-02-01;Pohjois-Karjala;uudet saajaruokakunnat;212
Yleinen asumistuki;2021;2;2021-02-01;Pohjois-Karjala;"aiemmin tukea 
saaneet ruokakunnat";13739
Yleinen asumistuki;2021;2;2021-02-01;Pohjois-Pohjanmaa;uudet saajaruokakunnat;502
Yleinen asumistuki;2021;2;2021-02-01;Pohjois-Pohjanmaa;"aiemmin tukea 
saaneet ruokakunnat";29233
Yleinen asumistuki;2021;2;2021-02-01;Pohjois-Savo;uudet saajaruokakunnat;281
Yleinen asumistuki;2021;2;2021-02-01;Pohjois-Savo;"aiemmin tukea 
saaneet ruokakunnat";17504
Yleinen asumistuki;2021;2;2021-02-01;Päijät-Häme;uudet saajaruokakunnat;254
Yleinen asumistuki;2021;2;2021-02-01;Päijät-Häme;"aiemmin tukea 
saaneet ruokakunnat";14556
Yleinen asumistuki;2021;2;2021-02-01;Satakunta;uudet saajaruokakunnat;189
Yleinen asumistuki;2021;2;2021-02-01;Satakunta;"aiemmin tukea 
saaneet ruokakunnat";11731
Yleinen asumistuki;2021;2;2021-02-01;Uusimaa;uudet saajaruokakunnat;2589
Yleinen asumistuki;2021;2;2021-02-01;Uusimaa;"aiemmin tukea 
saaneet ruokakunnat";133440
Yleinen asumistuki;2021;2;2021-02-01;Varsinais-Suomi;uudet saajaruokakunnat;574
Yleinen asumistuki;2021;2;2021-02-01;Varsinais-Suomi;"aiemmin tukea 
saaneet ruokakunnat";35503
Yleinen asumistuki;2021;3;2021-03-01;Etelä-Karjala;uudet saajaruokakunnat;160
Yleinen asumistuki;2021;3;2021-03-01;Etelä-Karjala;"aiemmin tukea 
saaneet ruokakunnat";9290
Yleinen asumistuki;2021;3;2021-03-01;Etelä-Pohjanmaa;uudet saajaruokakunnat;169
Yleinen asumistuki;2021;3;2021-03-01;Etelä-Pohjanmaa;"aiemmin tukea 
saaneet ruokakunnat";8449
Yleinen asumistuki;2021;3;2021-03-01;Etelä-Savo;uudet saajaruokakunnat;154
Yleinen asumistuki;2021;3;2021-03-01;Etelä-Savo;"aiemmin tukea 
saaneet ruokakunnat";7416
Yleinen asumistuki;2021;3;2021-03-01;Kainuu;uudet saajaruokakunnat;70
Yleinen asumistuki;2021;3;2021-03-01;Kainuu;"aiemmin tukea 
saaneet ruokakunnat";3872
Yleinen asumistuki;2021;3;2021-03-01;Kanta-Häme;uudet saajaruokakunnat;169
Yleinen asumistuki;2021;3;2021-03-01;Kanta-Häme;"aiemmin tukea 
saaneet ruokakunnat";9242
Yleinen asumistuki;2021;3;2021-03-01;Keski-Pohjanmaa;uudet saajaruokakunnat;62
Yleinen asumistuki;2021;3;2021-03-01;Keski-Pohjanmaa;"aiemmin tukea 
saaneet ruokakunnat";2915
Yleinen asumistuki;2021;3;2021-03-01;Keski-Suomi;uudet saajaruokakunnat;355
Yleinen asumistuki;2021;3;2021-03-01;Keski-Suomi;"aiemmin tukea 
saaneet ruokakunnat";24316
Yleinen asumistuki;2021;3;2021-03-01;Kymenlaakso;uudet saajaruokakunnat;210
Yleinen asumistuki;2021;3;2021-03-01;Kymenlaakso;"aiemmin tukea 
saaneet ruokakunnat";9489
Yleinen asumistuki;2021;3;2021-03-01;Lappi;uudet saajaruokakunnat;226
Yleinen asumistuki;2021;3;2021-03-01;Lappi;"aiemmin tukea 
saaneet ruokakunnat";10613
Yleinen asumistuki;2021;3;2021-03-01;Pirkanmaa;uudet saajaruokakunnat;673
Yleinen asumistuki;2021;3;2021-03-01;Pirkanmaa;"aiemmin tukea 
saaneet ruokakunnat";43080
Yleinen asumistuki;2021;3;2021-03-01;Pohjanmaa;uudet saajaruokakunnat;147
Yleinen asumistuki;2021;3;2021-03-01;Pohjanmaa;"aiemmin tukea 
saaneet ruokakunnat";10465
Yleinen asumistuki;2021;3;2021-03-01;Pohjois-Karjala;uudet saajaruokakunnat;196
Yleinen asumistuki;2021;3;2021-03-01;Pohjois-Karjala;"aiemmin tukea 
saaneet ruokakunnat";13726
Yleinen asumistuki;2021;3;2021-03-01;Pohjois-Pohjanmaa;uudet saajaruokakunnat;546
Yleinen asumistuki;2021;3;2021-03-01;Pohjois-Pohjanmaa;"aiemmin tukea 
saaneet ruokakunnat";29098
Yleinen asumistuki;2021;3;2021-03-01;Pohjois-Savo;uudet saajaruokakunnat;302
Yleinen asumistuki;2021;3;2021-03-01;Pohjois-Savo;"aiemmin tukea 
saaneet ruokakunnat";17454
Yleinen asumistuki;2021;3;2021-03-01;Päijät-Häme;uudet saajaruokakunnat;294
Yleinen asumistuki;2021;3;2021-03-01;Päijät-Häme;"aiemmin tukea 
saaneet ruokakunnat";14579
Yleinen asumistuki;2021;3;2021-03-01;Satakunta;uudet saajaruokakunnat;217
Yleinen asumistuki;2021;3;2021-03-01;Satakunta;"aiemmin tukea 
saaneet ruokakunnat";11734
Yleinen asumistuki;2021;3;2021-03-01;Uusimaa;uudet saajaruokakunnat;2872
Yleinen asumistuki;2021;3;2021-03-01;Uusimaa;"aiemmin tukea 
saaneet ruokakunnat";133689
Yleinen asumistuki;2021;3;2021-03-01;Varsinais-Suomi;uudet saajaruokakunnat;591
Yleinen asumistuki;2021;3;2021-03-01;Varsinais-Suomi;"aiemmin tukea 
saaneet ruokakunnat";35312
