etuus;vuosi;kuukausi;paiva;ikaluokka;sukupuoli;saajat_kaikki
Sairauspäiväraha;2019;1;2019-01-01;18-24;kaikki;3842
Sairauspäiväraha;2019;1;2019-01-01;25-34;kaikki;9377
Sairauspäiväraha;2019;1;2019-01-01;35-44;kaikki;11772
Sairauspäiväraha;2019;1;2019-01-01;45-54;kaikki;15389
Sairauspäiväraha;2019;1;2019-01-01;yli 54;kaikki;18420
Sairauspäiväraha;2019;1;2019-01-01;18-24;miehet;1641
Sairauspäiväraha;2019;1;2019-01-01;25-34;miehet;3743
Sairauspäiväraha;2019;1;2019-01-01;35-44;miehet;4708
Sairauspäiväraha;2019;1;2019-01-01;45-54;miehet;6368
Sairauspäiväraha;2019;1;2019-01-01;yli 54;miehet;8142
Sairauspäiväraha;2019;1;2019-01-01;18-24;naiset;2201
Sairauspäiväraha;2019;1;2019-01-01;25-34;naiset;5634
Sairauspäiväraha;2019;1;2019-01-01;35-44;naiset;7064
Sairauspäiväraha;2019;1;2019-01-01;45-54;naiset;9021
Sairauspäiväraha;2019;1;2019-01-01;yli 54;naiset;10278
Sairauspäiväraha;2019;2;2019-02-01;18-24;kaikki;3596
Sairauspäiväraha;2019;2;2019-02-01;25-34;kaikki;7847
Sairauspäiväraha;2019;2;2019-02-01;35-44;kaikki;9641
Sairauspäiväraha;2019;2;2019-02-01;45-54;kaikki;12908
Sairauspäiväraha;2019;2;2019-02-01;yli 54;kaikki;16000
Sairauspäiväraha;2019;2;2019-02-01;18-24;miehet;1515
Sairauspäiväraha;2019;2;2019-02-01;25-34;miehet;3223
Sairauspäiväraha;2019;2;2019-02-01;35-44;miehet;3859
Sairauspäiväraha;2019;2;2019-02-01;45-54;miehet;5458
Sairauspäiväraha;2019;2;2019-02-01;yli 54;miehet;7159
Sairauspäiväraha;2019;2;2019-02-01;18-24;naiset;2081
Sairauspäiväraha;2019;2;2019-02-01;25-34;naiset;4624
Sairauspäiväraha;2019;2;2019-02-01;35-44;naiset;5782
Sairauspäiväraha;2019;2;2019-02-01;45-54;naiset;7450
Sairauspäiväraha;2019;2;2019-02-01;yli 54;naiset;8841
Sairauspäiväraha;2019;3;2019-03-01;18-24;kaikki;4164
Sairauspäiväraha;2019;3;2019-03-01;25-34;kaikki;8824
Sairauspäiväraha;2019;3;2019-03-01;35-44;kaikki;10697
Sairauspäiväraha;2019;3;2019-03-01;45-54;kaikki;14323
Sairauspäiväraha;2019;3;2019-03-01;yli 54;kaikki;17568
Sairauspäiväraha;2019;3;2019-03-01;18-24;miehet;1747
Sairauspäiväraha;2019;3;2019-03-01;25-34;miehet;3638
Sairauspäiväraha;2019;3;2019-03-01;35-44;miehet;4368
Sairauspäiväraha;2019;3;2019-03-01;45-54;miehet;6016
Sairauspäiväraha;2019;3;2019-03-01;yli 54;miehet;7839
Sairauspäiväraha;2019;3;2019-03-01;18-24;naiset;2417
Sairauspäiväraha;2019;3;2019-03-01;25-34;naiset;5186
Sairauspäiväraha;2019;3;2019-03-01;35-44;naiset;6329
Sairauspäiväraha;2019;3;2019-03-01;45-54;naiset;8307
Sairauspäiväraha;2019;3;2019-03-01;yli 54;naiset;9729
Sairauspäiväraha;2019;4;2019-04-01;18-24;kaikki;4195
Sairauspäiväraha;2019;4;2019-04-01;25-34;kaikki;9129
Sairauspäiväraha;2019;4;2019-04-01;35-44;kaikki;10920
Sairauspäiväraha;2019;4;2019-04-01;45-54;kaikki;14533
Sairauspäiväraha;2019;4;2019-04-01;yli 54;kaikki;17675
Sairauspäiväraha;2019;4;2019-04-01;18-24;miehet;1721
Sairauspäiväraha;2019;4;2019-04-01;25-34;miehet;3711
Sairauspäiväraha;2019;4;2019-04-01;35-44;miehet;4389
Sairauspäiväraha;2019;4;2019-04-01;45-54;miehet;6048
Sairauspäiväraha;2019;4;2019-04-01;yli 54;miehet;7754
Sairauspäiväraha;2019;4;2019-04-01;18-24;naiset;2474
Sairauspäiväraha;2019;4;2019-04-01;25-34;naiset;5418
Sairauspäiväraha;2019;4;2019-04-01;35-44;naiset;6531
Sairauspäiväraha;2019;4;2019-04-01;45-54;naiset;8485
Sairauspäiväraha;2019;4;2019-04-01;yli 54;naiset;9921
Sairauspäiväraha;2019;5;2019-05-01;18-24;kaikki;4615
Sairauspäiväraha;2019;5;2019-05-01;25-34;kaikki;9757
Sairauspäiväraha;2019;5;2019-05-01;35-44;kaikki;11768
Sairauspäiväraha;2019;5;2019-05-01;45-54;kaikki;15539
Sairauspäiväraha;2019;5;2019-05-01;yli 54;kaikki;18972
Sairauspäiväraha;2019;5;2019-05-01;18-24;miehet;1862
Sairauspäiväraha;2019;5;2019-05-01;25-34;miehet;3949
Sairauspäiväraha;2019;5;2019-05-01;35-44;miehet;4629
Sairauspäiväraha;2019;5;2019-05-01;45-54;miehet;6224
Sairauspäiväraha;2019;5;2019-05-01;yli 54;miehet;8249
Sairauspäiväraha;2019;5;2019-05-01;18-24;naiset;2753
Sairauspäiväraha;2019;5;2019-05-01;25-34;naiset;5808
Sairauspäiväraha;2019;5;2019-05-01;35-44;naiset;7139
Sairauspäiväraha;2019;5;2019-05-01;45-54;naiset;9315
Sairauspäiväraha;2019;5;2019-05-01;yli 54;naiset;10723
Sairauspäiväraha;2019;6;2019-06-01;18-24;kaikki;3850
Sairauspäiväraha;2019;6;2019-06-01;25-34;kaikki;8057
Sairauspäiväraha;2019;6;2019-06-01;35-44;kaikki;9637
Sairauspäiväraha;2019;6;2019-06-01;45-54;kaikki;12747
Sairauspäiväraha;2019;6;2019-06-01;yli 54;kaikki;15705
Sairauspäiväraha;2019;6;2019-06-01;18-24;miehet;1559
Sairauspäiväraha;2019;6;2019-06-01;25-34;miehet;3230
Sairauspäiväraha;2019;6;2019-06-01;35-44;miehet;3831
Sairauspäiväraha;2019;6;2019-06-01;45-54;miehet;5202
Sairauspäiväraha;2019;6;2019-06-01;yli 54;miehet;6927
Sairauspäiväraha;2019;6;2019-06-01;18-24;naiset;2291
Sairauspäiväraha;2019;6;2019-06-01;25-34;naiset;4827
Sairauspäiväraha;2019;6;2019-06-01;35-44;naiset;5806
Sairauspäiväraha;2019;6;2019-06-01;45-54;naiset;7545
Sairauspäiväraha;2019;6;2019-06-01;yli 54;naiset;8778
Sairauspäiväraha;2019;7;2019-07-01;18-24;kaikki;4039
Sairauspäiväraha;2019;7;2019-07-01;25-34;kaikki;7897
Sairauspäiväraha;2019;7;2019-07-01;35-44;kaikki;9193
Sairauspäiväraha;2019;7;2019-07-01;45-54;kaikki;12219
Sairauspäiväraha;2019;7;2019-07-01;yli 54;kaikki;14980
Sairauspäiväraha;2019;7;2019-07-01;18-24;miehet;1633
Sairauspäiväraha;2019;7;2019-07-01;25-34;miehet;3148
Sairauspäiväraha;2019;7;2019-07-01;35-44;miehet;3649
Sairauspäiväraha;2019;7;2019-07-01;45-54;miehet;4940
Sairauspäiväraha;2019;7;2019-07-01;yli 54;miehet;6558
Sairauspäiväraha;2019;7;2019-07-01;18-24;naiset;2406
Sairauspäiväraha;2019;7;2019-07-01;25-34;naiset;4749
Sairauspäiväraha;2019;7;2019-07-01;35-44;naiset;5544
Sairauspäiväraha;2019;7;2019-07-01;45-54;naiset;7279
Sairauspäiväraha;2019;7;2019-07-01;yli 54;naiset;8422
Sairauspäiväraha;2019;8;2019-08-01;18-24;kaikki;4771
Sairauspäiväraha;2019;8;2019-08-01;25-34;kaikki;9744
Sairauspäiväraha;2019;8;2019-08-01;35-44;kaikki;11214
Sairauspäiväraha;2019;8;2019-08-01;45-54;kaikki;14567
Sairauspäiväraha;2019;8;2019-08-01;yli 54;kaikki;18286
Sairauspäiväraha;2019;8;2019-08-01;18-24;miehet;1898
Sairauspäiväraha;2019;8;2019-08-01;25-34;miehet;3880
Sairauspäiväraha;2019;8;2019-08-01;35-44;miehet;4543
Sairauspäiväraha;2019;8;2019-08-01;45-54;miehet;6007
Sairauspäiväraha;2019;8;2019-08-01;yli 54;miehet;8082
Sairauspäiväraha;2019;8;2019-08-01;18-24;naiset;2873
Sairauspäiväraha;2019;8;2019-08-01;25-34;naiset;5864
Sairauspäiväraha;2019;8;2019-08-01;35-44;naiset;6671
Sairauspäiväraha;2019;8;2019-08-01;45-54;naiset;8560
Sairauspäiväraha;2019;8;2019-08-01;yli 54;naiset;10204
Sairauspäiväraha;2019;9;2019-09-01;18-24;kaikki;4110
Sairauspäiväraha;2019;9;2019-09-01;25-34;kaikki;9006
Sairauspäiväraha;2019;9;2019-09-01;35-44;kaikki;10269
Sairauspäiväraha;2019;9;2019-09-01;45-54;kaikki;13316
Sairauspäiväraha;2019;9;2019-09-01;yli 54;kaikki;16830
Sairauspäiväraha;2019;9;2019-09-01;18-24;miehet;1707
Sairauspäiväraha;2019;9;2019-09-01;25-34;miehet;3672
Sairauspäiväraha;2019;9;2019-09-01;35-44;miehet;4246
Sairauspäiväraha;2019;9;2019-09-01;45-54;miehet;5606
Sairauspäiväraha;2019;9;2019-09-01;yli 54;miehet;7563
Sairauspäiväraha;2019;9;2019-09-01;18-24;naiset;2403
Sairauspäiväraha;2019;9;2019-09-01;25-34;naiset;5334
Sairauspäiväraha;2019;9;2019-09-01;35-44;naiset;6023
Sairauspäiväraha;2019;9;2019-09-01;45-54;naiset;7710
Sairauspäiväraha;2019;9;2019-09-01;yli 54;naiset;9267
Sairauspäiväraha;2019;10;2019-10-01;18-24;kaikki;4324
Sairauspäiväraha;2019;10;2019-10-01;25-34;kaikki;9616
Sairauspäiväraha;2019;10;2019-10-01;35-44;kaikki;11175
Sairauspäiväraha;2019;10;2019-10-01;45-54;kaikki;14581
Sairauspäiväraha;2019;10;2019-10-01;yli 54;kaikki;17995
Sairauspäiväraha;2019;10;2019-10-01;18-24;miehet;1774
Sairauspäiväraha;2019;10;2019-10-01;25-34;miehet;3785
Sairauspäiväraha;2019;10;2019-10-01;35-44;miehet;4536
Sairauspäiväraha;2019;10;2019-10-01;45-54;miehet;6018
Sairauspäiväraha;2019;10;2019-10-01;yli 54;miehet;7974
Sairauspäiväraha;2019;10;2019-10-01;18-24;naiset;2550
Sairauspäiväraha;2019;10;2019-10-01;25-34;naiset;5831
Sairauspäiväraha;2019;10;2019-10-01;35-44;naiset;6639
Sairauspäiväraha;2019;10;2019-10-01;45-54;naiset;8563
Sairauspäiväraha;2019;10;2019-10-01;yli 54;naiset;10021
Sairauspäiväraha;2019;11;2019-11-01;18-24;kaikki;4272
Sairauspäiväraha;2019;11;2019-11-01;25-34;kaikki;9409
Sairauspäiväraha;2019;11;2019-11-01;35-44;kaikki;10924
Sairauspäiväraha;2019;11;2019-11-01;45-54;kaikki;14120
Sairauspäiväraha;2019;11;2019-11-01;yli 54;kaikki;17911
Sairauspäiväraha;2019;11;2019-11-01;18-24;miehet;1748
Sairauspäiväraha;2019;11;2019-11-01;25-34;miehet;3807
Sairauspäiväraha;2019;11;2019-11-01;35-44;miehet;4484
Sairauspäiväraha;2019;11;2019-11-01;45-54;miehet;5872
Sairauspäiväraha;2019;11;2019-11-01;yli 54;miehet;7852
Sairauspäiväraha;2019;11;2019-11-01;18-24;naiset;2524
Sairauspäiväraha;2019;11;2019-11-01;25-34;naiset;5602
Sairauspäiväraha;2019;11;2019-11-01;35-44;naiset;6440
Sairauspäiväraha;2019;11;2019-11-01;45-54;naiset;8248
Sairauspäiväraha;2019;11;2019-11-01;yli 54;naiset;10059
Sairauspäiväraha;2019;12;2019-12-01;18-24;kaikki;4368
Sairauspäiväraha;2019;12;2019-12-01;25-34;kaikki;9261
Sairauspäiväraha;2019;12;2019-12-01;35-44;kaikki;10824
Sairauspäiväraha;2019;12;2019-12-01;45-54;kaikki;13643
Sairauspäiväraha;2019;12;2019-12-01;yli 54;kaikki;16915
Sairauspäiväraha;2019;12;2019-12-01;18-24;miehet;1782
Sairauspäiväraha;2019;12;2019-12-01;25-34;miehet;3771
Sairauspäiväraha;2019;12;2019-12-01;35-44;miehet;4428
Sairauspäiväraha;2019;12;2019-12-01;45-54;miehet;5673
Sairauspäiväraha;2019;12;2019-12-01;yli 54;miehet;7471
Sairauspäiväraha;2019;12;2019-12-01;18-24;naiset;2586
Sairauspäiväraha;2019;12;2019-12-01;25-34;naiset;5490
Sairauspäiväraha;2019;12;2019-12-01;35-44;naiset;6396
Sairauspäiväraha;2019;12;2019-12-01;45-54;naiset;7970
Sairauspäiväraha;2019;12;2019-12-01;yli 54;naiset;9444
Sairauspäiväraha;2020;1;2020-01-01;18-24;kaikki;4134
Sairauspäiväraha;2020;1;2020-01-01;25-34;kaikki;9505
Sairauspäiväraha;2020;1;2020-01-01;35-44;kaikki;11523
Sairauspäiväraha;2020;1;2020-01-01;45-54;kaikki;14650
Sairauspäiväraha;2020;1;2020-01-01;yli 54;kaikki;18149
Sairauspäiväraha;2020;1;2020-01-01;18-24;miehet;1648
Sairauspäiväraha;2020;1;2020-01-01;25-34;miehet;3901
Sairauspäiväraha;2020;1;2020-01-01;35-44;miehet;4677
Sairauspäiväraha;2020;1;2020-01-01;45-54;miehet;5996
Sairauspäiväraha;2020;1;2020-01-01;yli 54;miehet;8069
Sairauspäiväraha;2020;1;2020-01-01;18-24;naiset;2486
Sairauspäiväraha;2020;1;2020-01-01;25-34;naiset;5604
Sairauspäiväraha;2020;1;2020-01-01;35-44;naiset;6846
Sairauspäiväraha;2020;1;2020-01-01;45-54;naiset;8654
Sairauspäiväraha;2020;1;2020-01-01;yli 54;naiset;10080
Sairauspäiväraha;2020;2;2020-02-01;18-24;kaikki;3460
Sairauspäiväraha;2020;2;2020-02-01;25-34;kaikki;7776
Sairauspäiväraha;2020;2;2020-02-01;35-44;kaikki;9345
Sairauspäiväraha;2020;2;2020-02-01;45-54;kaikki;11597
Sairauspäiväraha;2020;2;2020-02-01;yli 54;kaikki;15146
Sairauspäiväraha;2020;2;2020-02-01;18-24;miehet;1347
Sairauspäiväraha;2020;2;2020-02-01;25-34;miehet;3220
Sairauspäiväraha;2020;2;2020-02-01;35-44;miehet;3883
Sairauspäiväraha;2020;2;2020-02-01;45-54;miehet;4931
Sairauspäiväraha;2020;2;2020-02-01;yli 54;miehet;6809
Sairauspäiväraha;2020;2;2020-02-01;18-24;naiset;2113
Sairauspäiväraha;2020;2;2020-02-01;25-34;naiset;4556
Sairauspäiväraha;2020;2;2020-02-01;35-44;naiset;5462
Sairauspäiväraha;2020;2;2020-02-01;45-54;naiset;6666
Sairauspäiväraha;2020;2;2020-02-01;yli 54;naiset;8337
Sairauspäiväraha;2020;3;2020-03-01;18-24;kaikki;4235
Sairauspäiväraha;2020;3;2020-03-01;25-34;kaikki;8959
Sairauspäiväraha;2020;3;2020-03-01;35-44;kaikki;10642
Sairauspäiväraha;2020;3;2020-03-01;45-54;kaikki;13311
Sairauspäiväraha;2020;3;2020-03-01;yli 54;kaikki;16945
Sairauspäiväraha;2020;3;2020-03-01;18-24;miehet;1674
Sairauspäiväraha;2020;3;2020-03-01;25-34;miehet;3652
Sairauspäiväraha;2020;3;2020-03-01;35-44;miehet;4258
Sairauspäiväraha;2020;3;2020-03-01;45-54;miehet;5589
Sairauspäiväraha;2020;3;2020-03-01;yli 54;miehet;7626
Sairauspäiväraha;2020;3;2020-03-01;18-24;naiset;2561
Sairauspäiväraha;2020;3;2020-03-01;25-34;naiset;5307
Sairauspäiväraha;2020;3;2020-03-01;35-44;naiset;6384
Sairauspäiväraha;2020;3;2020-03-01;45-54;naiset;7722
Sairauspäiväraha;2020;3;2020-03-01;yli 54;naiset;9319
Sairauspäiväraha;2020;4;2020-04-01;18-24;kaikki;4768
Sairauspäiväraha;2020;4;2020-04-01;25-34;kaikki;10827
Sairauspäiväraha;2020;4;2020-04-01;35-44;kaikki;12961
Sairauspäiväraha;2020;4;2020-04-01;45-54;kaikki;16162
Sairauspäiväraha;2020;4;2020-04-01;yli 54;kaikki;20205
Sairauspäiväraha;2020;4;2020-04-01;18-24;miehet;1891
Sairauspäiväraha;2020;4;2020-04-01;25-34;miehet;4320
Sairauspäiväraha;2020;4;2020-04-01;35-44;miehet;5277
Sairauspäiväraha;2020;4;2020-04-01;45-54;miehet;6501
Sairauspäiväraha;2020;4;2020-04-01;yli 54;miehet;8836
Sairauspäiväraha;2020;4;2020-04-01;18-24;naiset;2877
Sairauspäiväraha;2020;4;2020-04-01;25-34;naiset;6507
Sairauspäiväraha;2020;4;2020-04-01;35-44;naiset;7684
Sairauspäiväraha;2020;4;2020-04-01;45-54;naiset;9661
Sairauspäiväraha;2020;4;2020-04-01;yli 54;naiset;11369
Sairauspäiväraha;2020;5;2020-05-01;18-24;kaikki;4271
Sairauspäiväraha;2020;5;2020-05-01;25-34;kaikki;9665
Sairauspäiväraha;2020;5;2020-05-01;35-44;kaikki;11580
Sairauspäiväraha;2020;5;2020-05-01;45-54;kaikki;13924
Sairauspäiväraha;2020;5;2020-05-01;yli 54;kaikki;17932
Sairauspäiväraha;2020;5;2020-05-01;18-24;miehet;1655
Sairauspäiväraha;2020;5;2020-05-01;25-34;miehet;3748
Sairauspäiväraha;2020;5;2020-05-01;35-44;miehet;4514
Sairauspäiväraha;2020;5;2020-05-01;45-54;miehet;5544
Sairauspäiväraha;2020;5;2020-05-01;yli 54;miehet;7717
Sairauspäiväraha;2020;5;2020-05-01;18-24;naiset;2616
Sairauspäiväraha;2020;5;2020-05-01;25-34;naiset;5917
Sairauspäiväraha;2020;5;2020-05-01;35-44;naiset;7066
Sairauspäiväraha;2020;5;2020-05-01;45-54;naiset;8380
Sairauspäiväraha;2020;5;2020-05-01;yli 54;naiset;10215
Sairauspäiväraha;2020;6;2020-06-01;18-24;kaikki;4164
Sairauspäiväraha;2020;6;2020-06-01;25-34;kaikki;9116
Sairauspäiväraha;2020;6;2020-06-01;35-44;kaikki;10863
Sairauspäiväraha;2020;6;2020-06-01;45-54;kaikki;13510
Sairauspäiväraha;2020;6;2020-06-01;yli 54;kaikki;17699
Sairauspäiväraha;2020;6;2020-06-01;18-24;miehet;1648
Sairauspäiväraha;2020;6;2020-06-01;25-34;miehet;3605
Sairauspäiväraha;2020;6;2020-06-01;35-44;miehet;4168
Sairauspäiväraha;2020;6;2020-06-01;45-54;miehet;5309
Sairauspäiväraha;2020;6;2020-06-01;yli 54;miehet;7582
Sairauspäiväraha;2020;6;2020-06-01;18-24;naiset;2516
Sairauspäiväraha;2020;6;2020-06-01;25-34;naiset;5511
Sairauspäiväraha;2020;6;2020-06-01;35-44;naiset;6695
Sairauspäiväraha;2020;6;2020-06-01;45-54;naiset;8201
Sairauspäiväraha;2020;6;2020-06-01;yli 54;naiset;10117
Sairauspäiväraha;2020;7;2020-07-01;18-24;kaikki;4028
Sairauspäiväraha;2020;7;2020-07-01;25-34;kaikki;8148
Sairauspäiväraha;2020;7;2020-07-01;35-44;kaikki;9502
Sairauspäiväraha;2020;7;2020-07-01;45-54;kaikki;11995
Sairauspäiväraha;2020;7;2020-07-01;yli 54;kaikki;15869
Sairauspäiväraha;2020;7;2020-07-01;18-24;miehet;1597
Sairauspäiväraha;2020;7;2020-07-01;25-34;miehet;3205
Sairauspäiväraha;2020;7;2020-07-01;35-44;miehet;3741
Sairauspäiväraha;2020;7;2020-07-01;45-54;miehet;4834
Sairauspäiväraha;2020;7;2020-07-01;yli 54;miehet;6975
Sairauspäiväraha;2020;7;2020-07-01;18-24;naiset;2431
Sairauspäiväraha;2020;7;2020-07-01;25-34;naiset;4943
Sairauspäiväraha;2020;7;2020-07-01;35-44;naiset;5761
Sairauspäiväraha;2020;7;2020-07-01;45-54;naiset;7161
Sairauspäiväraha;2020;7;2020-07-01;yli 54;naiset;8894
Sairauspäiväraha;2020;8;2020-08-01;18-24;kaikki;4223
Sairauspäiväraha;2020;8;2020-08-01;25-34;kaikki;8438
Sairauspäiväraha;2020;8;2020-08-01;35-44;kaikki;9463
Sairauspäiväraha;2020;8;2020-08-01;45-54;kaikki;11894
Sairauspäiväraha;2020;8;2020-08-01;yli 54;kaikki;15713
Sairauspäiväraha;2020;8;2020-08-01;18-24;miehet;1650
Sairauspäiväraha;2020;8;2020-08-01;25-34;miehet;3416
Sairauspäiväraha;2020;8;2020-08-01;35-44;miehet;3717
Sairauspäiväraha;2020;8;2020-08-01;45-54;miehet;4956
Sairauspäiväraha;2020;8;2020-08-01;yli 54;miehet;7048
Sairauspäiväraha;2020;8;2020-08-01;18-24;naiset;2573
Sairauspäiväraha;2020;8;2020-08-01;25-34;naiset;5022
Sairauspäiväraha;2020;8;2020-08-01;35-44;naiset;5746
Sairauspäiväraha;2020;8;2020-08-01;45-54;naiset;6938
Sairauspäiväraha;2020;8;2020-08-01;yli 54;naiset;8665
Sairauspäiväraha;2020;9;2020-09-01;18-24;kaikki;3787
Sairauspäiväraha;2020;9;2020-09-01;25-34;kaikki;8512
Sairauspäiväraha;2020;9;2020-09-01;35-44;kaikki;9692
Sairauspäiväraha;2020;9;2020-09-01;45-54;kaikki;11938
Sairauspäiväraha;2020;9;2020-09-01;yli 54;kaikki;16137
Sairauspäiväraha;2020;9;2020-09-01;18-24;miehet;1578
Sairauspäiväraha;2020;9;2020-09-01;25-34;miehet;3481
Sairauspäiväraha;2020;9;2020-09-01;35-44;miehet;3844
Sairauspäiväraha;2020;9;2020-09-01;45-54;miehet;4900
Sairauspäiväraha;2020;9;2020-09-01;yli 54;miehet;7201
Sairauspäiväraha;2020;9;2020-09-01;18-24;naiset;2209
Sairauspäiväraha;2020;9;2020-09-01;25-34;naiset;5031
Sairauspäiväraha;2020;9;2020-09-01;35-44;naiset;5848
Sairauspäiväraha;2020;9;2020-09-01;45-54;naiset;7038
Sairauspäiväraha;2020;9;2020-09-01;yli 54;naiset;8936
Sairauspäiväraha;2020;10;2020-10-01;18-24;kaikki;3682
Sairauspäiväraha;2020;10;2020-10-01;25-34;kaikki;8406
Sairauspäiväraha;2020;10;2020-10-01;35-44;kaikki;9780
Sairauspäiväraha;2020;10;2020-10-01;45-54;kaikki;12130
Sairauspäiväraha;2020;10;2020-10-01;yli 54;kaikki;15983
Sairauspäiväraha;2020;10;2020-10-01;18-24;miehet;1503
Sairauspäiväraha;2020;10;2020-10-01;25-34;miehet;3376
Sairauspäiväraha;2020;10;2020-10-01;35-44;miehet;3899
Sairauspäiväraha;2020;10;2020-10-01;45-54;miehet;4997
Sairauspäiväraha;2020;10;2020-10-01;yli 54;miehet;6974
Sairauspäiväraha;2020;10;2020-10-01;18-24;naiset;2179
Sairauspäiväraha;2020;10;2020-10-01;25-34;naiset;5030
Sairauspäiväraha;2020;10;2020-10-01;35-44;naiset;5881
Sairauspäiväraha;2020;10;2020-10-01;45-54;naiset;7133
Sairauspäiväraha;2020;10;2020-10-01;yli 54;naiset;9009
Sairauspäiväraha;2020;11;2020-11-01;18-24;kaikki;3853
Sairauspäiväraha;2020;11;2020-11-01;25-34;kaikki;9009
Sairauspäiväraha;2020;11;2020-11-01;35-44;kaikki;10077
Sairauspäiväraha;2020;11;2020-11-01;45-54;kaikki;12565
Sairauspäiväraha;2020;11;2020-11-01;yli 54;kaikki;16548
Sairauspäiväraha;2020;11;2020-11-01;18-24;miehet;1523
Sairauspäiväraha;2020;11;2020-11-01;25-34;miehet;3651
Sairauspäiväraha;2020;11;2020-11-01;35-44;miehet;3920
Sairauspäiväraha;2020;11;2020-11-01;45-54;miehet;5173
Sairauspäiväraha;2020;11;2020-11-01;yli 54;miehet;7165
Sairauspäiväraha;2020;11;2020-11-01;18-24;naiset;2330
Sairauspäiväraha;2020;11;2020-11-01;25-34;naiset;5358
Sairauspäiväraha;2020;11;2020-11-01;35-44;naiset;6157
Sairauspäiväraha;2020;11;2020-11-01;45-54;naiset;7392
Sairauspäiväraha;2020;11;2020-11-01;yli 54;naiset;9383
Sairauspäiväraha;2020;12;2020-12-01;18-24;kaikki;4126
Sairauspäiväraha;2020;12;2020-12-01;25-34;kaikki;9816
Sairauspäiväraha;2020;12;2020-12-01;35-44;kaikki;11156
Sairauspäiväraha;2020;12;2020-12-01;45-54;kaikki;13508
Sairauspäiväraha;2020;12;2020-12-01;yli 54;kaikki;17834
Sairauspäiväraha;2020;12;2020-12-01;18-24;miehet;1609
Sairauspäiväraha;2020;12;2020-12-01;25-34;miehet;3779
Sairauspäiväraha;2020;12;2020-12-01;35-44;miehet;4304
Sairauspäiväraha;2020;12;2020-12-01;45-54;miehet;5568
Sairauspäiväraha;2020;12;2020-12-01;yli 54;miehet;7802
Sairauspäiväraha;2020;12;2020-12-01;18-24;naiset;2517
Sairauspäiväraha;2020;12;2020-12-01;25-34;naiset;6037
Sairauspäiväraha;2020;12;2020-12-01;35-44;naiset;6852
Sairauspäiväraha;2020;12;2020-12-01;45-54;naiset;7940
Sairauspäiväraha;2020;12;2020-12-01;yli 54;naiset;10032
Sairauspäiväraha;2021;1;2021-01-01;18-24;kaikki;3637
Sairauspäiväraha;2021;1;2021-01-01;25-34;kaikki;9069
Sairauspäiväraha;2021;1;2021-01-01;35-44;kaikki;10444
Sairauspäiväraha;2021;1;2021-01-01;45-54;kaikki;12277
Sairauspäiväraha;2021;1;2021-01-01;yli 54;kaikki;16221
Sairauspäiväraha;2021;1;2021-01-01;18-24;miehet;1422
Sairauspäiväraha;2021;1;2021-01-01;25-34;miehet;3500
Sairauspäiväraha;2021;1;2021-01-01;35-44;miehet;3962
Sairauspäiväraha;2021;1;2021-01-01;45-54;miehet;4981
Sairauspäiväraha;2021;1;2021-01-01;yli 54;miehet;7042
Sairauspäiväraha;2021;1;2021-01-01;18-24;naiset;2215
Sairauspäiväraha;2021;1;2021-01-01;25-34;naiset;5569
Sairauspäiväraha;2021;1;2021-01-01;35-44;naiset;6482
Sairauspäiväraha;2021;1;2021-01-01;45-54;naiset;7296
Sairauspäiväraha;2021;1;2021-01-01;yli 54;naiset;9179
Sairauspäiväraha;2021;2;2021-02-01;18-24;kaikki;3499
Sairauspäiväraha;2021;2;2021-02-01;25-34;kaikki;8220
Sairauspäiväraha;2021;2;2021-02-01;35-44;kaikki;9409
Sairauspäiväraha;2021;2;2021-02-01;45-54;kaikki;11309
Sairauspäiväraha;2021;2;2021-02-01;yli 54;kaikki;15142
Sairauspäiväraha;2021;2;2021-02-01;18-24;miehet;1370
Sairauspäiväraha;2021;2;2021-02-01;25-34;miehet;3309
Sairauspäiväraha;2021;2;2021-02-01;35-44;miehet;3731
Sairauspäiväraha;2021;2;2021-02-01;45-54;miehet;4668
Sairauspäiväraha;2021;2;2021-02-01;yli 54;miehet;6765
Sairauspäiväraha;2021;2;2021-02-01;18-24;naiset;2129
Sairauspäiväraha;2021;2;2021-02-01;25-34;naiset;4911
Sairauspäiväraha;2021;2;2021-02-01;35-44;naiset;5678
Sairauspäiväraha;2021;2;2021-02-01;45-54;naiset;6641
Sairauspäiväraha;2021;2;2021-02-01;yli 54;naiset;8377
Sairauspäiväraha;2021;3;2021-03-01;18-24;kaikki;4071
Sairauspäiväraha;2021;3;2021-03-01;25-34;kaikki;9253
Sairauspäiväraha;2021;3;2021-03-01;35-44;kaikki;10607
Sairauspäiväraha;2021;3;2021-03-01;45-54;kaikki;12709
Sairauspäiväraha;2021;3;2021-03-01;yli 54;kaikki;16592
Sairauspäiväraha;2021;3;2021-03-01;18-24;miehet;1556
Sairauspäiväraha;2021;3;2021-03-01;25-34;miehet;3539
Sairauspäiväraha;2021;3;2021-03-01;35-44;miehet;4078
Sairauspäiväraha;2021;3;2021-03-01;45-54;miehet;5158
Sairauspäiväraha;2021;3;2021-03-01;yli 54;miehet;7285
Sairauspäiväraha;2021;3;2021-03-01;18-24;naiset;2515
Sairauspäiväraha;2021;3;2021-03-01;25-34;naiset;5714
Sairauspäiväraha;2021;3;2021-03-01;35-44;naiset;6529
Sairauspäiväraha;2021;3;2021-03-01;45-54;naiset;7551
Sairauspäiväraha;2021;3;2021-03-01;yli 54;naiset;9307
Sairauspäiväraha;2021;4;2021-04-01;18-24;kaikki;3880
Sairauspäiväraha;2021;4;2021-04-01;25-34;kaikki;8648
Sairauspäiväraha;2021;4;2021-04-01;35-44;kaikki;9798
Sairauspäiväraha;2021;4;2021-04-01;45-54;kaikki;11786
Sairauspäiväraha;2021;4;2021-04-01;yli 54;kaikki;15338
Sairauspäiväraha;2021;4;2021-04-01;18-24;miehet;1502
Sairauspäiväraha;2021;4;2021-04-01;25-34;miehet;3326
Sairauspäiväraha;2021;4;2021-04-01;35-44;miehet;3835
Sairauspäiväraha;2021;4;2021-04-01;45-54;miehet;4865
Sairauspäiväraha;2021;4;2021-04-01;yli 54;miehet;6757
Sairauspäiväraha;2021;4;2021-04-01;18-24;naiset;2378
Sairauspäiväraha;2021;4;2021-04-01;25-34;naiset;5322
Sairauspäiväraha;2021;4;2021-04-01;35-44;naiset;5963
Sairauspäiväraha;2021;4;2021-04-01;45-54;naiset;6921
Sairauspäiväraha;2021;4;2021-04-01;yli 54;naiset;8581
Sairauspäiväraha;2021;5;2021-05-01;18-24;kaikki;4157
Sairauspäiväraha;2021;5;2021-05-01;25-34;kaikki;9741
Sairauspäiväraha;2021;5;2021-05-01;35-44;kaikki;11050
Sairauspäiväraha;2021;5;2021-05-01;45-54;kaikki;13164
Sairauspäiväraha;2021;5;2021-05-01;yli 54;kaikki;17127
Sairauspäiväraha;2021;5;2021-05-01;18-24;miehet;1534
Sairauspäiväraha;2021;5;2021-05-01;25-34;miehet;3632
Sairauspäiväraha;2021;5;2021-05-01;35-44;miehet;4098
Sairauspäiväraha;2021;5;2021-05-01;45-54;miehet;5144
Sairauspäiväraha;2021;5;2021-05-01;yli 54;miehet;7243
Sairauspäiväraha;2021;5;2021-05-01;18-24;naiset;2623
Sairauspäiväraha;2021;5;2021-05-01;25-34;naiset;6109
Sairauspäiväraha;2021;5;2021-05-01;35-44;naiset;6952
Sairauspäiväraha;2021;5;2021-05-01;45-54;naiset;8020
Sairauspäiväraha;2021;5;2021-05-01;yli 54;naiset;9884
Tartuntatautipäiväraha;2019;1;2019-01-01;18-24;kaikki;0
Tartuntatautipäiväraha;2019;1;2019-01-01;25-34;kaikki;6
Tartuntatautipäiväraha;2019;1;2019-01-01;35-44;kaikki;3
Tartuntatautipäiväraha;2019;1;2019-01-01;45-54;kaikki;2
Tartuntatautipäiväraha;2019;1;2019-01-01;yli 54;kaikki;2
Tartuntatautipäiväraha;2019;1;2019-01-01;18-24;miehet;0
Tartuntatautipäiväraha;2019;1;2019-01-01;25-34;miehet;2
Tartuntatautipäiväraha;2019;1;2019-01-01;35-44;miehet;0
Tartuntatautipäiväraha;2019;1;2019-01-01;45-54;miehet;2
Tartuntatautipäiväraha;2019;1;2019-01-01;yli 54;miehet;1
Tartuntatautipäiväraha;2019;1;2019-01-01;18-24;naiset;0
Tartuntatautipäiväraha;2019;1;2019-01-01;25-34;naiset;4
Tartuntatautipäiväraha;2019;1;2019-01-01;35-44;naiset;3
Tartuntatautipäiväraha;2019;1;2019-01-01;45-54;naiset;0
Tartuntatautipäiväraha;2019;1;2019-01-01;yli 54;naiset;1
Tartuntatautipäiväraha;2019;2;2019-02-01;18-24;kaikki;2
Tartuntatautipäiväraha;2019;2;2019-02-01;25-34;kaikki;6
Tartuntatautipäiväraha;2019;2;2019-02-01;35-44;kaikki;2
Tartuntatautipäiväraha;2019;2;2019-02-01;45-54;kaikki;2
Tartuntatautipäiväraha;2019;2;2019-02-01;yli 54;kaikki;0
Tartuntatautipäiväraha;2019;2;2019-02-01;18-24;miehet;2
Tartuntatautipäiväraha;2019;2;2019-02-01;25-34;miehet;2
Tartuntatautipäiväraha;2019;2;2019-02-01;35-44;miehet;1
Tartuntatautipäiväraha;2019;2;2019-02-01;45-54;miehet;0
Tartuntatautipäiväraha;2019;2;2019-02-01;yli 54;miehet;0
Tartuntatautipäiväraha;2019;2;2019-02-01;18-24;naiset;0
Tartuntatautipäiväraha;2019;2;2019-02-01;25-34;naiset;4
Tartuntatautipäiväraha;2019;2;2019-02-01;35-44;naiset;1
Tartuntatautipäiväraha;2019;2;2019-02-01;45-54;naiset;2
Tartuntatautipäiväraha;2019;2;2019-02-01;yli 54;naiset;0
Tartuntatautipäiväraha;2019;3;2019-03-01;18-24;kaikki;5
Tartuntatautipäiväraha;2019;3;2019-03-01;25-34;kaikki;2
Tartuntatautipäiväraha;2019;3;2019-03-01;35-44;kaikki;4
Tartuntatautipäiväraha;2019;3;2019-03-01;45-54;kaikki;0
Tartuntatautipäiväraha;2019;3;2019-03-01;yli 54;kaikki;1
Tartuntatautipäiväraha;2019;3;2019-03-01;18-24;miehet;3
Tartuntatautipäiväraha;2019;3;2019-03-01;25-34;miehet;0
Tartuntatautipäiväraha;2019;3;2019-03-01;35-44;miehet;1
Tartuntatautipäiväraha;2019;3;2019-03-01;45-54;miehet;0
Tartuntatautipäiväraha;2019;3;2019-03-01;yli 54;miehet;0
Tartuntatautipäiväraha;2019;3;2019-03-01;18-24;naiset;2
Tartuntatautipäiväraha;2019;3;2019-03-01;25-34;naiset;2
Tartuntatautipäiväraha;2019;3;2019-03-01;35-44;naiset;3
Tartuntatautipäiväraha;2019;3;2019-03-01;45-54;naiset;0
Tartuntatautipäiväraha;2019;3;2019-03-01;yli 54;naiset;1
Tartuntatautipäiväraha;2019;4;2019-04-01;18-24;kaikki;3
Tartuntatautipäiväraha;2019;4;2019-04-01;25-34;kaikki;4
Tartuntatautipäiväraha;2019;4;2019-04-01;35-44;kaikki;1
Tartuntatautipäiväraha;2019;4;2019-04-01;45-54;kaikki;4
Tartuntatautipäiväraha;2019;4;2019-04-01;yli 54;kaikki;2
Tartuntatautipäiväraha;2019;4;2019-04-01;18-24;miehet;0
Tartuntatautipäiväraha;2019;4;2019-04-01;25-34;miehet;1
Tartuntatautipäiväraha;2019;4;2019-04-01;35-44;miehet;0
Tartuntatautipäiväraha;2019;4;2019-04-01;45-54;miehet;1
Tartuntatautipäiväraha;2019;4;2019-04-01;yli 54;miehet;0
Tartuntatautipäiväraha;2019;4;2019-04-01;18-24;naiset;3
Tartuntatautipäiväraha;2019;4;2019-04-01;25-34;naiset;3
Tartuntatautipäiväraha;2019;4;2019-04-01;35-44;naiset;1
Tartuntatautipäiväraha;2019;4;2019-04-01;45-54;naiset;3
Tartuntatautipäiväraha;2019;4;2019-04-01;yli 54;naiset;2
Tartuntatautipäiväraha;2019;5;2019-05-01;18-24;kaikki;2
Tartuntatautipäiväraha;2019;5;2019-05-01;25-34;kaikki;5
Tartuntatautipäiväraha;2019;5;2019-05-01;35-44;kaikki;4
Tartuntatautipäiväraha;2019;5;2019-05-01;45-54;kaikki;3
Tartuntatautipäiväraha;2019;5;2019-05-01;yli 54;kaikki;1
Tartuntatautipäiväraha;2019;5;2019-05-01;18-24;miehet;0
Tartuntatautipäiväraha;2019;5;2019-05-01;25-34;miehet;2
Tartuntatautipäiväraha;2019;5;2019-05-01;35-44;miehet;2
Tartuntatautipäiväraha;2019;5;2019-05-01;45-54;miehet;2
Tartuntatautipäiväraha;2019;5;2019-05-01;yli 54;miehet;0
Tartuntatautipäiväraha;2019;5;2019-05-01;18-24;naiset;2
Tartuntatautipäiväraha;2019;5;2019-05-01;25-34;naiset;3
Tartuntatautipäiväraha;2019;5;2019-05-01;35-44;naiset;2
Tartuntatautipäiväraha;2019;5;2019-05-01;45-54;naiset;1
Tartuntatautipäiväraha;2019;5;2019-05-01;yli 54;naiset;1
Tartuntatautipäiväraha;2019;6;2019-06-01;18-24;kaikki;5
Tartuntatautipäiväraha;2019;6;2019-06-01;25-34;kaikki;5
Tartuntatautipäiväraha;2019;6;2019-06-01;35-44;kaikki;2
Tartuntatautipäiväraha;2019;6;2019-06-01;45-54;kaikki;4
Tartuntatautipäiväraha;2019;6;2019-06-01;yli 54;kaikki;3
Tartuntatautipäiväraha;2019;6;2019-06-01;18-24;miehet;1
Tartuntatautipäiväraha;2019;6;2019-06-01;25-34;miehet;2
Tartuntatautipäiväraha;2019;6;2019-06-01;35-44;miehet;0
Tartuntatautipäiväraha;2019;6;2019-06-01;45-54;miehet;2
Tartuntatautipäiväraha;2019;6;2019-06-01;yli 54;miehet;3
Tartuntatautipäiväraha;2019;6;2019-06-01;18-24;naiset;4
Tartuntatautipäiväraha;2019;6;2019-06-01;25-34;naiset;3
Tartuntatautipäiväraha;2019;6;2019-06-01;35-44;naiset;2
Tartuntatautipäiväraha;2019;6;2019-06-01;45-54;naiset;2
Tartuntatautipäiväraha;2019;6;2019-06-01;yli 54;naiset;0
Tartuntatautipäiväraha;2019;7;2019-07-01;18-24;kaikki;0
Tartuntatautipäiväraha;2019;7;2019-07-01;25-34;kaikki;4
Tartuntatautipäiväraha;2019;7;2019-07-01;35-44;kaikki;2
Tartuntatautipäiväraha;2019;7;2019-07-01;45-54;kaikki;2
Tartuntatautipäiväraha;2019;7;2019-07-01;yli 54;kaikki;1
Tartuntatautipäiväraha;2019;7;2019-07-01;18-24;miehet;0
Tartuntatautipäiväraha;2019;7;2019-07-01;25-34;miehet;2
Tartuntatautipäiväraha;2019;7;2019-07-01;35-44;miehet;2
Tartuntatautipäiväraha;2019;7;2019-07-01;45-54;miehet;0
Tartuntatautipäiväraha;2019;7;2019-07-01;yli 54;miehet;1
Tartuntatautipäiväraha;2019;7;2019-07-01;18-24;naiset;0
Tartuntatautipäiväraha;2019;7;2019-07-01;25-34;naiset;2
Tartuntatautipäiväraha;2019;7;2019-07-01;35-44;naiset;0
Tartuntatautipäiväraha;2019;7;2019-07-01;45-54;naiset;2
Tartuntatautipäiväraha;2019;7;2019-07-01;yli 54;naiset;0
Tartuntatautipäiväraha;2019;8;2019-08-01;18-24;kaikki;1
Tartuntatautipäiväraha;2019;8;2019-08-01;25-34;kaikki;5
Tartuntatautipäiväraha;2019;8;2019-08-01;35-44;kaikki;1
Tartuntatautipäiväraha;2019;8;2019-08-01;45-54;kaikki;2
Tartuntatautipäiväraha;2019;8;2019-08-01;yli 54;kaikki;2
Tartuntatautipäiväraha;2019;8;2019-08-01;18-24;miehet;0
Tartuntatautipäiväraha;2019;8;2019-08-01;25-34;miehet;4
Tartuntatautipäiväraha;2019;8;2019-08-01;35-44;miehet;0
Tartuntatautipäiväraha;2019;8;2019-08-01;45-54;miehet;1
Tartuntatautipäiväraha;2019;8;2019-08-01;yli 54;miehet;2
Tartuntatautipäiväraha;2019;8;2019-08-01;18-24;naiset;1
Tartuntatautipäiväraha;2019;8;2019-08-01;25-34;naiset;1
Tartuntatautipäiväraha;2019;8;2019-08-01;35-44;naiset;1
Tartuntatautipäiväraha;2019;8;2019-08-01;45-54;naiset;1
Tartuntatautipäiväraha;2019;8;2019-08-01;yli 54;naiset;0
Tartuntatautipäiväraha;2019;9;2019-09-01;18-24;kaikki;1
Tartuntatautipäiväraha;2019;9;2019-09-01;25-34;kaikki;4
Tartuntatautipäiväraha;2019;9;2019-09-01;35-44;kaikki;2
Tartuntatautipäiväraha;2019;9;2019-09-01;45-54;kaikki;1
Tartuntatautipäiväraha;2019;9;2019-09-01;yli 54;kaikki;1
Tartuntatautipäiväraha;2019;9;2019-09-01;18-24;miehet;0
Tartuntatautipäiväraha;2019;9;2019-09-01;25-34;miehet;3
Tartuntatautipäiväraha;2019;9;2019-09-01;35-44;miehet;1
Tartuntatautipäiväraha;2019;9;2019-09-01;45-54;miehet;0
Tartuntatautipäiväraha;2019;9;2019-09-01;yli 54;miehet;1
Tartuntatautipäiväraha;2019;9;2019-09-01;18-24;naiset;1
Tartuntatautipäiväraha;2019;9;2019-09-01;25-34;naiset;1
Tartuntatautipäiväraha;2019;9;2019-09-01;35-44;naiset;1
Tartuntatautipäiväraha;2019;9;2019-09-01;45-54;naiset;1
Tartuntatautipäiväraha;2019;9;2019-09-01;yli 54;naiset;0
Tartuntatautipäiväraha;2019;10;2019-10-01;18-24;kaikki;4
Tartuntatautipäiväraha;2019;10;2019-10-01;25-34;kaikki;1
Tartuntatautipäiväraha;2019;10;2019-10-01;35-44;kaikki;3
Tartuntatautipäiväraha;2019;10;2019-10-01;45-54;kaikki;3
Tartuntatautipäiväraha;2019;10;2019-10-01;yli 54;kaikki;0
Tartuntatautipäiväraha;2019;10;2019-10-01;18-24;miehet;0
Tartuntatautipäiväraha;2019;10;2019-10-01;25-34;miehet;1
Tartuntatautipäiväraha;2019;10;2019-10-01;35-44;miehet;2
Tartuntatautipäiväraha;2019;10;2019-10-01;45-54;miehet;1
Tartuntatautipäiväraha;2019;10;2019-10-01;yli 54;miehet;0
Tartuntatautipäiväraha;2019;10;2019-10-01;18-24;naiset;4
Tartuntatautipäiväraha;2019;10;2019-10-01;25-34;naiset;0
Tartuntatautipäiväraha;2019;10;2019-10-01;35-44;naiset;1
Tartuntatautipäiväraha;2019;10;2019-10-01;45-54;naiset;2
Tartuntatautipäiväraha;2019;10;2019-10-01;yli 54;naiset;0
Tartuntatautipäiväraha;2019;11;2019-11-01;18-24;kaikki;1
Tartuntatautipäiväraha;2019;11;2019-11-01;25-34;kaikki;6
Tartuntatautipäiväraha;2019;11;2019-11-01;35-44;kaikki;4
Tartuntatautipäiväraha;2019;11;2019-11-01;45-54;kaikki;1
Tartuntatautipäiväraha;2019;11;2019-11-01;yli 54;kaikki;1
Tartuntatautipäiväraha;2019;11;2019-11-01;18-24;miehet;1
Tartuntatautipäiväraha;2019;11;2019-11-01;25-34;miehet;2
Tartuntatautipäiväraha;2019;11;2019-11-01;35-44;miehet;1
Tartuntatautipäiväraha;2019;11;2019-11-01;45-54;miehet;1
Tartuntatautipäiväraha;2019;11;2019-11-01;yli 54;miehet;1
Tartuntatautipäiväraha;2019;11;2019-11-01;18-24;naiset;0
Tartuntatautipäiväraha;2019;11;2019-11-01;25-34;naiset;4
Tartuntatautipäiväraha;2019;11;2019-11-01;35-44;naiset;3
Tartuntatautipäiväraha;2019;11;2019-11-01;45-54;naiset;0
Tartuntatautipäiväraha;2019;11;2019-11-01;yli 54;naiset;0
Tartuntatautipäiväraha;2019;12;2019-12-01;18-24;kaikki;1
Tartuntatautipäiväraha;2019;12;2019-12-01;25-34;kaikki;3
Tartuntatautipäiväraha;2019;12;2019-12-01;35-44;kaikki;4
Tartuntatautipäiväraha;2019;12;2019-12-01;45-54;kaikki;3
Tartuntatautipäiväraha;2019;12;2019-12-01;yli 54;kaikki;2
Tartuntatautipäiväraha;2019;12;2019-12-01;18-24;miehet;1
Tartuntatautipäiväraha;2019;12;2019-12-01;25-34;miehet;1
Tartuntatautipäiväraha;2019;12;2019-12-01;35-44;miehet;1
Tartuntatautipäiväraha;2019;12;2019-12-01;45-54;miehet;1
Tartuntatautipäiväraha;2019;12;2019-12-01;yli 54;miehet;1
Tartuntatautipäiväraha;2019;12;2019-12-01;18-24;naiset;0
Tartuntatautipäiväraha;2019;12;2019-12-01;25-34;naiset;2
Tartuntatautipäiväraha;2019;12;2019-12-01;35-44;naiset;3
Tartuntatautipäiväraha;2019;12;2019-12-01;45-54;naiset;2
Tartuntatautipäiväraha;2019;12;2019-12-01;yli 54;naiset;1
Tartuntatautipäiväraha;2020;1;2020-01-01;18-24;kaikki;1
Tartuntatautipäiväraha;2020;1;2020-01-01;25-34;kaikki;5
Tartuntatautipäiväraha;2020;1;2020-01-01;35-44;kaikki;4
Tartuntatautipäiväraha;2020;1;2020-01-01;45-54;kaikki;1
Tartuntatautipäiväraha;2020;1;2020-01-01;yli 54;kaikki;1
Tartuntatautipäiväraha;2020;1;2020-01-01;18-24;miehet;1
Tartuntatautipäiväraha;2020;1;2020-01-01;25-34;miehet;3
Tartuntatautipäiväraha;2020;1;2020-01-01;35-44;miehet;2
Tartuntatautipäiväraha;2020;1;2020-01-01;45-54;miehet;1
Tartuntatautipäiväraha;2020;1;2020-01-01;yli 54;miehet;0
Tartuntatautipäiväraha;2020;1;2020-01-01;18-24;naiset;0
Tartuntatautipäiväraha;2020;1;2020-01-01;25-34;naiset;2
Tartuntatautipäiväraha;2020;1;2020-01-01;35-44;naiset;2
Tartuntatautipäiväraha;2020;1;2020-01-01;45-54;naiset;0
Tartuntatautipäiväraha;2020;1;2020-01-01;yli 54;naiset;1
Tartuntatautipäiväraha;2020;2;2020-02-01;18-24;kaikki;1
Tartuntatautipäiväraha;2020;2;2020-02-01;25-34;kaikki;3
Tartuntatautipäiväraha;2020;2;2020-02-01;35-44;kaikki;2
Tartuntatautipäiväraha;2020;2;2020-02-01;45-54;kaikki;1
Tartuntatautipäiväraha;2020;2;2020-02-01;yli 54;kaikki;0
Tartuntatautipäiväraha;2020;2;2020-02-01;18-24;miehet;0
Tartuntatautipäiväraha;2020;2;2020-02-01;25-34;miehet;1
Tartuntatautipäiväraha;2020;2;2020-02-01;35-44;miehet;1
Tartuntatautipäiväraha;2020;2;2020-02-01;45-54;miehet;1
Tartuntatautipäiväraha;2020;2;2020-02-01;yli 54;miehet;0
Tartuntatautipäiväraha;2020;2;2020-02-01;18-24;naiset;1
Tartuntatautipäiväraha;2020;2;2020-02-01;25-34;naiset;2
Tartuntatautipäiväraha;2020;2;2020-02-01;35-44;naiset;1
Tartuntatautipäiväraha;2020;2;2020-02-01;45-54;naiset;0
Tartuntatautipäiväraha;2020;2;2020-02-01;yli 54;naiset;0
Tartuntatautipäiväraha;2020;3;2020-03-01;18-24;kaikki;4
Tartuntatautipäiväraha;2020;3;2020-03-01;25-34;kaikki;10
Tartuntatautipäiväraha;2020;3;2020-03-01;35-44;kaikki;21
Tartuntatautipäiväraha;2020;3;2020-03-01;45-54;kaikki;20
Tartuntatautipäiväraha;2020;3;2020-03-01;yli 54;kaikki;10
Tartuntatautipäiväraha;2020;3;2020-03-01;18-24;miehet;2
Tartuntatautipäiväraha;2020;3;2020-03-01;25-34;miehet;5
Tartuntatautipäiväraha;2020;3;2020-03-01;35-44;miehet;6
Tartuntatautipäiväraha;2020;3;2020-03-01;45-54;miehet;13
Tartuntatautipäiväraha;2020;3;2020-03-01;yli 54;miehet;5
Tartuntatautipäiväraha;2020;3;2020-03-01;18-24;naiset;2
Tartuntatautipäiväraha;2020;3;2020-03-01;25-34;naiset;5
Tartuntatautipäiväraha;2020;3;2020-03-01;35-44;naiset;15
Tartuntatautipäiväraha;2020;3;2020-03-01;45-54;naiset;7
Tartuntatautipäiväraha;2020;3;2020-03-01;yli 54;naiset;5
Tartuntatautipäiväraha;2020;4;2020-04-01;18-24;kaikki;30
Tartuntatautipäiväraha;2020;4;2020-04-01;25-34;kaikki;120
Tartuntatautipäiväraha;2020;4;2020-04-01;35-44;kaikki;195
Tartuntatautipäiväraha;2020;4;2020-04-01;45-54;kaikki;156
Tartuntatautipäiväraha;2020;4;2020-04-01;yli 54;kaikki;102
Tartuntatautipäiväraha;2020;4;2020-04-01;18-24;miehet;13
Tartuntatautipäiväraha;2020;4;2020-04-01;25-34;miehet;62
Tartuntatautipäiväraha;2020;4;2020-04-01;35-44;miehet;93
Tartuntatautipäiväraha;2020;4;2020-04-01;45-54;miehet;72
Tartuntatautipäiväraha;2020;4;2020-04-01;yli 54;miehet;51
Tartuntatautipäiväraha;2020;4;2020-04-01;18-24;naiset;17
Tartuntatautipäiväraha;2020;4;2020-04-01;25-34;naiset;58
Tartuntatautipäiväraha;2020;4;2020-04-01;35-44;naiset;102
Tartuntatautipäiväraha;2020;4;2020-04-01;45-54;naiset;84
Tartuntatautipäiväraha;2020;4;2020-04-01;yli 54;naiset;51
Tartuntatautipäiväraha;2020;5;2020-05-01;18-24;kaikki;178
Tartuntatautipäiväraha;2020;5;2020-05-01;25-34;kaikki;503
Tartuntatautipäiväraha;2020;5;2020-05-01;35-44;kaikki;507
Tartuntatautipäiväraha;2020;5;2020-05-01;45-54;kaikki;459
Tartuntatautipäiväraha;2020;5;2020-05-01;yli 54;kaikki;315
Tartuntatautipäiväraha;2020;5;2020-05-01;18-24;miehet;85
Tartuntatautipäiväraha;2020;5;2020-05-01;25-34;miehet;193
Tartuntatautipäiväraha;2020;5;2020-05-01;35-44;miehet;186
Tartuntatautipäiväraha;2020;5;2020-05-01;45-54;miehet;159
Tartuntatautipäiväraha;2020;5;2020-05-01;yli 54;miehet;111
Tartuntatautipäiväraha;2020;5;2020-05-01;18-24;naiset;93
Tartuntatautipäiväraha;2020;5;2020-05-01;25-34;naiset;310
Tartuntatautipäiväraha;2020;5;2020-05-01;35-44;naiset;321
Tartuntatautipäiväraha;2020;5;2020-05-01;45-54;naiset;300
Tartuntatautipäiväraha;2020;5;2020-05-01;yli 54;naiset;204
Tartuntatautipäiväraha;2020;6;2020-06-01;18-24;kaikki;347
Tartuntatautipäiväraha;2020;6;2020-06-01;25-34;kaikki;932
Tartuntatautipäiväraha;2020;6;2020-06-01;35-44;kaikki;955
Tartuntatautipäiväraha;2020;6;2020-06-01;45-54;kaikki;812
Tartuntatautipäiväraha;2020;6;2020-06-01;yli 54;kaikki;663
Tartuntatautipäiväraha;2020;6;2020-06-01;18-24;miehet;143
Tartuntatautipäiväraha;2020;6;2020-06-01;25-34;miehet;388
Tartuntatautipäiväraha;2020;6;2020-06-01;35-44;miehet;368
Tartuntatautipäiväraha;2020;6;2020-06-01;45-54;miehet;286
Tartuntatautipäiväraha;2020;6;2020-06-01;yli 54;miehet;216
Tartuntatautipäiväraha;2020;6;2020-06-01;18-24;naiset;204
Tartuntatautipäiväraha;2020;6;2020-06-01;25-34;naiset;544
Tartuntatautipäiväraha;2020;6;2020-06-01;35-44;naiset;587
Tartuntatautipäiväraha;2020;6;2020-06-01;45-54;naiset;526
Tartuntatautipäiväraha;2020;6;2020-06-01;yli 54;naiset;447
Tartuntatautipäiväraha;2020;7;2020-07-01;18-24;kaikki;319
Tartuntatautipäiväraha;2020;7;2020-07-01;25-34;kaikki;891
Tartuntatautipäiväraha;2020;7;2020-07-01;35-44;kaikki;756
Tartuntatautipäiväraha;2020;7;2020-07-01;45-54;kaikki;666
Tartuntatautipäiväraha;2020;7;2020-07-01;yli 54;kaikki;567
Tartuntatautipäiväraha;2020;7;2020-07-01;18-24;miehet;147
Tartuntatautipäiväraha;2020;7;2020-07-01;25-34;miehet;391
Tartuntatautipäiväraha;2020;7;2020-07-01;35-44;miehet;309
Tartuntatautipäiväraha;2020;7;2020-07-01;45-54;miehet;257
Tartuntatautipäiväraha;2020;7;2020-07-01;yli 54;miehet;199
Tartuntatautipäiväraha;2020;7;2020-07-01;18-24;naiset;172
Tartuntatautipäiväraha;2020;7;2020-07-01;25-34;naiset;500
Tartuntatautipäiväraha;2020;7;2020-07-01;35-44;naiset;447
Tartuntatautipäiväraha;2020;7;2020-07-01;45-54;naiset;409
Tartuntatautipäiväraha;2020;7;2020-07-01;yli 54;naiset;368
Tartuntatautipäiväraha;2020;8;2020-08-01;18-24;kaikki;122
Tartuntatautipäiväraha;2020;8;2020-08-01;25-34;kaikki;303
Tartuntatautipäiväraha;2020;8;2020-08-01;35-44;kaikki;269
Tartuntatautipäiväraha;2020;8;2020-08-01;45-54;kaikki;199
Tartuntatautipäiväraha;2020;8;2020-08-01;yli 54;kaikki;165
Tartuntatautipäiväraha;2020;8;2020-08-01;18-24;miehet;52
Tartuntatautipäiväraha;2020;8;2020-08-01;25-34;miehet;141
Tartuntatautipäiväraha;2020;8;2020-08-01;35-44;miehet;137
Tartuntatautipäiväraha;2020;8;2020-08-01;45-54;miehet;82
Tartuntatautipäiväraha;2020;8;2020-08-01;yli 54;miehet;59
Tartuntatautipäiväraha;2020;8;2020-08-01;18-24;naiset;70
Tartuntatautipäiväraha;2020;8;2020-08-01;25-34;naiset;162
Tartuntatautipäiväraha;2020;8;2020-08-01;35-44;naiset;132
Tartuntatautipäiväraha;2020;8;2020-08-01;45-54;naiset;117
Tartuntatautipäiväraha;2020;8;2020-08-01;yli 54;naiset;106
Tartuntatautipäiväraha;2020;9;2020-09-01;18-24;kaikki;238
Tartuntatautipäiväraha;2020;9;2020-09-01;25-34;kaikki;509
Tartuntatautipäiväraha;2020;9;2020-09-01;35-44;kaikki;441
Tartuntatautipäiväraha;2020;9;2020-09-01;45-54;kaikki;285
Tartuntatautipäiväraha;2020;9;2020-09-01;yli 54;kaikki;177
Tartuntatautipäiväraha;2020;9;2020-09-01;18-24;miehet;107
Tartuntatautipäiväraha;2020;9;2020-09-01;25-34;miehet;255
Tartuntatautipäiväraha;2020;9;2020-09-01;35-44;miehet;239
Tartuntatautipäiväraha;2020;9;2020-09-01;45-54;miehet;128
Tartuntatautipäiväraha;2020;9;2020-09-01;yli 54;miehet;70
Tartuntatautipäiväraha;2020;9;2020-09-01;18-24;naiset;131
Tartuntatautipäiväraha;2020;9;2020-09-01;25-34;naiset;254
Tartuntatautipäiväraha;2020;9;2020-09-01;35-44;naiset;202
Tartuntatautipäiväraha;2020;9;2020-09-01;45-54;naiset;157
Tartuntatautipäiväraha;2020;9;2020-09-01;yli 54;naiset;107
Tartuntatautipäiväraha;2020;10;2020-10-01;18-24;kaikki;455
Tartuntatautipäiväraha;2020;10;2020-10-01;25-34;kaikki;858
Tartuntatautipäiväraha;2020;10;2020-10-01;35-44;kaikki;753
Tartuntatautipäiväraha;2020;10;2020-10-01;45-54;kaikki;567
Tartuntatautipäiväraha;2020;10;2020-10-01;yli 54;kaikki;376
Tartuntatautipäiväraha;2020;10;2020-10-01;18-24;miehet;224
Tartuntatautipäiväraha;2020;10;2020-10-01;25-34;miehet;426
Tartuntatautipäiväraha;2020;10;2020-10-01;35-44;miehet;346
Tartuntatautipäiväraha;2020;10;2020-10-01;45-54;miehet;271
Tartuntatautipäiväraha;2020;10;2020-10-01;yli 54;miehet;168
Tartuntatautipäiväraha;2020;10;2020-10-01;18-24;naiset;231
Tartuntatautipäiväraha;2020;10;2020-10-01;25-34;naiset;432
Tartuntatautipäiväraha;2020;10;2020-10-01;35-44;naiset;407
Tartuntatautipäiväraha;2020;10;2020-10-01;45-54;naiset;296
Tartuntatautipäiväraha;2020;10;2020-10-01;yli 54;naiset;208
Tartuntatautipäiväraha;2020;11;2020-11-01;18-24;kaikki;739
Tartuntatautipäiväraha;2020;11;2020-11-01;25-34;kaikki;1178
Tartuntatautipäiväraha;2020;11;2020-11-01;35-44;kaikki;1183
Tartuntatautipäiväraha;2020;11;2020-11-01;45-54;kaikki;903
Tartuntatautipäiväraha;2020;11;2020-11-01;yli 54;kaikki;597
Tartuntatautipäiväraha;2020;11;2020-11-01;18-24;miehet;372
Tartuntatautipäiväraha;2020;11;2020-11-01;25-34;miehet;591
Tartuntatautipäiväraha;2020;11;2020-11-01;35-44;miehet;507
Tartuntatautipäiväraha;2020;11;2020-11-01;45-54;miehet;426
Tartuntatautipäiväraha;2020;11;2020-11-01;yli 54;miehet;275
Tartuntatautipäiväraha;2020;11;2020-11-01;18-24;naiset;367
Tartuntatautipäiväraha;2020;11;2020-11-01;25-34;naiset;587
Tartuntatautipäiväraha;2020;11;2020-11-01;35-44;naiset;676
Tartuntatautipäiväraha;2020;11;2020-11-01;45-54;naiset;477
Tartuntatautipäiväraha;2020;11;2020-11-01;yli 54;naiset;322
Tartuntatautipäiväraha;2020;12;2020-12-01;18-24;kaikki;1186
Tartuntatautipäiväraha;2020;12;2020-12-01;25-34;kaikki;2256
Tartuntatautipäiväraha;2020;12;2020-12-01;35-44;kaikki;2250
Tartuntatautipäiväraha;2020;12;2020-12-01;45-54;kaikki;1631
Tartuntatautipäiväraha;2020;12;2020-12-01;yli 54;kaikki;1042
Tartuntatautipäiväraha;2020;12;2020-12-01;18-24;miehet;590
Tartuntatautipäiväraha;2020;12;2020-12-01;25-34;miehet;1041
Tartuntatautipäiväraha;2020;12;2020-12-01;35-44;miehet;1017
Tartuntatautipäiväraha;2020;12;2020-12-01;45-54;miehet;768
Tartuntatautipäiväraha;2020;12;2020-12-01;yli 54;miehet;494
Tartuntatautipäiväraha;2020;12;2020-12-01;18-24;naiset;596
Tartuntatautipäiväraha;2020;12;2020-12-01;25-34;naiset;1215
Tartuntatautipäiväraha;2020;12;2020-12-01;35-44;naiset;1233
Tartuntatautipäiväraha;2020;12;2020-12-01;45-54;naiset;863
Tartuntatautipäiväraha;2020;12;2020-12-01;yli 54;naiset;548
Tartuntatautipäiväraha;2021;1;2021-01-01;18-24;kaikki;1107
Tartuntatautipäiväraha;2021;1;2021-01-01;25-34;kaikki;2521
Tartuntatautipäiväraha;2021;1;2021-01-01;35-44;kaikki;2611
Tartuntatautipäiväraha;2021;1;2021-01-01;45-54;kaikki;1987
Tartuntatautipäiväraha;2021;1;2021-01-01;yli 54;kaikki;1327
Tartuntatautipäiväraha;2021;1;2021-01-01;18-24;miehet;538
Tartuntatautipäiväraha;2021;1;2021-01-01;25-34;miehet;1179
Tartuntatautipäiväraha;2021;1;2021-01-01;35-44;miehet;1189
Tartuntatautipäiväraha;2021;1;2021-01-01;45-54;miehet;927
Tartuntatautipäiväraha;2021;1;2021-01-01;yli 54;miehet;608
Tartuntatautipäiväraha;2021;1;2021-01-01;18-24;naiset;569
Tartuntatautipäiväraha;2021;1;2021-01-01;25-34;naiset;1342
Tartuntatautipäiväraha;2021;1;2021-01-01;35-44;naiset;1422
Tartuntatautipäiväraha;2021;1;2021-01-01;45-54;naiset;1060
Tartuntatautipäiväraha;2021;1;2021-01-01;yli 54;naiset;719
Tartuntatautipäiväraha;2021;2;2021-02-01;18-24;kaikki;1311
Tartuntatautipäiväraha;2021;2;2021-02-01;25-34;kaikki;3165
Tartuntatautipäiväraha;2021;2;2021-02-01;35-44;kaikki;3308
Tartuntatautipäiväraha;2021;2;2021-02-01;45-54;kaikki;2423
Tartuntatautipäiväraha;2021;2;2021-02-01;yli 54;kaikki;1607
Tartuntatautipäiväraha;2021;2;2021-02-01;18-24;miehet;591
Tartuntatautipäiväraha;2021;2;2021-02-01;25-34;miehet;1535
Tartuntatautipäiväraha;2021;2;2021-02-01;35-44;miehet;1542
Tartuntatautipäiväraha;2021;2;2021-02-01;45-54;miehet;1155
Tartuntatautipäiväraha;2021;2;2021-02-01;yli 54;miehet;732
Tartuntatautipäiväraha;2021;2;2021-02-01;18-24;naiset;720
Tartuntatautipäiväraha;2021;2;2021-02-01;25-34;naiset;1630
Tartuntatautipäiväraha;2021;2;2021-02-01;35-44;naiset;1766
Tartuntatautipäiväraha;2021;2;2021-02-01;45-54;naiset;1268
Tartuntatautipäiväraha;2021;2;2021-02-01;yli 54;naiset;875
Tartuntatautipäiväraha;2021;3;2021-03-01;18-24;kaikki;1841
Tartuntatautipäiväraha;2021;3;2021-03-01;25-34;kaikki;4570
Tartuntatautipäiväraha;2021;3;2021-03-01;35-44;kaikki;4826
Tartuntatautipäiväraha;2021;3;2021-03-01;45-54;kaikki;3241
Tartuntatautipäiväraha;2021;3;2021-03-01;yli 54;kaikki;2129
Tartuntatautipäiväraha;2021;3;2021-03-01;18-24;miehet;852
Tartuntatautipäiväraha;2021;3;2021-03-01;25-34;miehet;2223
Tartuntatautipäiväraha;2021;3;2021-03-01;35-44;miehet;2276
Tartuntatautipäiväraha;2021;3;2021-03-01;45-54;miehet;1562
Tartuntatautipäiväraha;2021;3;2021-03-01;yli 54;miehet;1045
Tartuntatautipäiväraha;2021;3;2021-03-01;18-24;naiset;989
Tartuntatautipäiväraha;2021;3;2021-03-01;25-34;naiset;2347
Tartuntatautipäiväraha;2021;3;2021-03-01;35-44;naiset;2550
Tartuntatautipäiväraha;2021;3;2021-03-01;45-54;naiset;1679
Tartuntatautipäiväraha;2021;3;2021-03-01;yli 54;naiset;1084
Tartuntatautipäiväraha;2021;4;2021-04-01;18-24;kaikki;1704
Tartuntatautipäiväraha;2021;4;2021-04-01;25-34;kaikki;3767
Tartuntatautipäiväraha;2021;4;2021-04-01;35-44;kaikki;4073
Tartuntatautipäiväraha;2021;4;2021-04-01;45-54;kaikki;2743
Tartuntatautipäiväraha;2021;4;2021-04-01;yli 54;kaikki;1773
Tartuntatautipäiväraha;2021;4;2021-04-01;18-24;miehet;884
Tartuntatautipäiväraha;2021;4;2021-04-01;25-34;miehet;1949
Tartuntatautipäiväraha;2021;4;2021-04-01;35-44;miehet;1938
Tartuntatautipäiväraha;2021;4;2021-04-01;45-54;miehet;1415
Tartuntatautipäiväraha;2021;4;2021-04-01;yli 54;miehet;912
Tartuntatautipäiväraha;2021;4;2021-04-01;18-24;naiset;820
Tartuntatautipäiväraha;2021;4;2021-04-01;25-34;naiset;1818
Tartuntatautipäiväraha;2021;4;2021-04-01;35-44;naiset;2135
Tartuntatautipäiväraha;2021;4;2021-04-01;45-54;naiset;1328
Tartuntatautipäiväraha;2021;4;2021-04-01;yli 54;naiset;861
Tartuntatautipäiväraha;2021;5;2021-05-01;18-24;kaikki;1767
Tartuntatautipäiväraha;2021;5;2021-05-01;25-34;kaikki;4251
Tartuntatautipäiväraha;2021;5;2021-05-01;35-44;kaikki;4632
Tartuntatautipäiväraha;2021;5;2021-05-01;45-54;kaikki;3141
Tartuntatautipäiväraha;2021;5;2021-05-01;yli 54;kaikki;1931
Tartuntatautipäiväraha;2021;5;2021-05-01;18-24;miehet;859
Tartuntatautipäiväraha;2021;5;2021-05-01;25-34;miehet;2044
Tartuntatautipäiväraha;2021;5;2021-05-01;35-44;miehet;2081
Tartuntatautipäiväraha;2021;5;2021-05-01;45-54;miehet;1457
Tartuntatautipäiväraha;2021;5;2021-05-01;yli 54;miehet;894
Tartuntatautipäiväraha;2021;5;2021-05-01;18-24;naiset;908
Tartuntatautipäiväraha;2021;5;2021-05-01;25-34;naiset;2207
Tartuntatautipäiväraha;2021;5;2021-05-01;35-44;naiset;2551
Tartuntatautipäiväraha;2021;5;2021-05-01;45-54;naiset;1684
Tartuntatautipäiväraha;2021;5;2021-05-01;yli 54;naiset;1037
Epidemiatuki;2019;1;2019-01-01;18-24;kaikki;0
Epidemiatuki;2019;1;2019-01-01;25-34;kaikki;0
Epidemiatuki;2019;1;2019-01-01;35-44;kaikki;0
Epidemiatuki;2019;1;2019-01-01;45-54;kaikki;0
Epidemiatuki;2019;1;2019-01-01;yli 54;kaikki;0
Epidemiatuki;2019;1;2019-01-01;18-24;miehet;0
Epidemiatuki;2019;1;2019-01-01;25-34;miehet;0
Epidemiatuki;2019;1;2019-01-01;35-44;miehet;0
Epidemiatuki;2019;1;2019-01-01;45-54;miehet;0
Epidemiatuki;2019;1;2019-01-01;yli 54;miehet;0
Epidemiatuki;2019;1;2019-01-01;18-24;naiset;0
Epidemiatuki;2019;1;2019-01-01;25-34;naiset;0
Epidemiatuki;2019;1;2019-01-01;35-44;naiset;0
Epidemiatuki;2019;1;2019-01-01;45-54;naiset;0
Epidemiatuki;2019;1;2019-01-01;yli 54;naiset;0
Epidemiatuki;2019;2;2019-02-01;18-24;kaikki;0
Epidemiatuki;2019;2;2019-02-01;25-34;kaikki;0
Epidemiatuki;2019;2;2019-02-01;35-44;kaikki;0
Epidemiatuki;2019;2;2019-02-01;45-54;kaikki;0
Epidemiatuki;2019;2;2019-02-01;yli 54;kaikki;0
Epidemiatuki;2019;2;2019-02-01;18-24;miehet;0
Epidemiatuki;2019;2;2019-02-01;25-34;miehet;0
Epidemiatuki;2019;2;2019-02-01;35-44;miehet;0
Epidemiatuki;2019;2;2019-02-01;45-54;miehet;0
Epidemiatuki;2019;2;2019-02-01;yli 54;miehet;0
Epidemiatuki;2019;2;2019-02-01;18-24;naiset;0
Epidemiatuki;2019;2;2019-02-01;25-34;naiset;0
Epidemiatuki;2019;2;2019-02-01;35-44;naiset;0
Epidemiatuki;2019;2;2019-02-01;45-54;naiset;0
Epidemiatuki;2019;2;2019-02-01;yli 54;naiset;0
Epidemiatuki;2019;3;2019-03-01;18-24;kaikki;0
Epidemiatuki;2019;3;2019-03-01;25-34;kaikki;0
Epidemiatuki;2019;3;2019-03-01;35-44;kaikki;0
Epidemiatuki;2019;3;2019-03-01;45-54;kaikki;0
Epidemiatuki;2019;3;2019-03-01;yli 54;kaikki;0
Epidemiatuki;2019;3;2019-03-01;18-24;miehet;0
Epidemiatuki;2019;3;2019-03-01;25-34;miehet;0
Epidemiatuki;2019;3;2019-03-01;35-44;miehet;0
Epidemiatuki;2019;3;2019-03-01;45-54;miehet;0
Epidemiatuki;2019;3;2019-03-01;yli 54;miehet;0
Epidemiatuki;2019;3;2019-03-01;18-24;naiset;0
Epidemiatuki;2019;3;2019-03-01;25-34;naiset;0
Epidemiatuki;2019;3;2019-03-01;35-44;naiset;0
Epidemiatuki;2019;3;2019-03-01;45-54;naiset;0
Epidemiatuki;2019;3;2019-03-01;yli 54;naiset;0
Epidemiatuki;2019;4;2019-04-01;18-24;kaikki;0
Epidemiatuki;2019;4;2019-04-01;25-34;kaikki;0
Epidemiatuki;2019;4;2019-04-01;35-44;kaikki;0
Epidemiatuki;2019;4;2019-04-01;45-54;kaikki;0
Epidemiatuki;2019;4;2019-04-01;yli 54;kaikki;0
Epidemiatuki;2019;4;2019-04-01;18-24;miehet;0
Epidemiatuki;2019;4;2019-04-01;25-34;miehet;0
Epidemiatuki;2019;4;2019-04-01;35-44;miehet;0
Epidemiatuki;2019;4;2019-04-01;45-54;miehet;0
Epidemiatuki;2019;4;2019-04-01;yli 54;miehet;0
Epidemiatuki;2019;4;2019-04-01;18-24;naiset;0
Epidemiatuki;2019;4;2019-04-01;25-34;naiset;0
Epidemiatuki;2019;4;2019-04-01;35-44;naiset;0
Epidemiatuki;2019;4;2019-04-01;45-54;naiset;0
Epidemiatuki;2019;4;2019-04-01;yli 54;naiset;0
Epidemiatuki;2019;5;2019-05-01;18-24;kaikki;0
Epidemiatuki;2019;5;2019-05-01;25-34;kaikki;0
Epidemiatuki;2019;5;2019-05-01;35-44;kaikki;0
Epidemiatuki;2019;5;2019-05-01;45-54;kaikki;0
Epidemiatuki;2019;5;2019-05-01;yli 54;kaikki;0
Epidemiatuki;2019;5;2019-05-01;18-24;miehet;0
Epidemiatuki;2019;5;2019-05-01;25-34;miehet;0
Epidemiatuki;2019;5;2019-05-01;35-44;miehet;0
Epidemiatuki;2019;5;2019-05-01;45-54;miehet;0
Epidemiatuki;2019;5;2019-05-01;yli 54;miehet;0
Epidemiatuki;2019;5;2019-05-01;18-24;naiset;0
Epidemiatuki;2019;5;2019-05-01;25-34;naiset;0
Epidemiatuki;2019;5;2019-05-01;35-44;naiset;0
Epidemiatuki;2019;5;2019-05-01;45-54;naiset;0
Epidemiatuki;2019;5;2019-05-01;yli 54;naiset;0
Epidemiatuki;2019;6;2019-06-01;18-24;kaikki;0
Epidemiatuki;2019;6;2019-06-01;25-34;kaikki;0
Epidemiatuki;2019;6;2019-06-01;35-44;kaikki;0
Epidemiatuki;2019;6;2019-06-01;45-54;kaikki;0
Epidemiatuki;2019;6;2019-06-01;yli 54;kaikki;0
Epidemiatuki;2019;6;2019-06-01;18-24;miehet;0
Epidemiatuki;2019;6;2019-06-01;25-34;miehet;0
Epidemiatuki;2019;6;2019-06-01;35-44;miehet;0
Epidemiatuki;2019;6;2019-06-01;45-54;miehet;0
Epidemiatuki;2019;6;2019-06-01;yli 54;miehet;0
Epidemiatuki;2019;6;2019-06-01;18-24;naiset;0
Epidemiatuki;2019;6;2019-06-01;25-34;naiset;0
Epidemiatuki;2019;6;2019-06-01;35-44;naiset;0
Epidemiatuki;2019;6;2019-06-01;45-54;naiset;0
Epidemiatuki;2019;6;2019-06-01;yli 54;naiset;0
Epidemiatuki;2019;7;2019-07-01;18-24;kaikki;0
Epidemiatuki;2019;7;2019-07-01;25-34;kaikki;0
Epidemiatuki;2019;7;2019-07-01;35-44;kaikki;0
Epidemiatuki;2019;7;2019-07-01;45-54;kaikki;0
Epidemiatuki;2019;7;2019-07-01;yli 54;kaikki;0
Epidemiatuki;2019;7;2019-07-01;18-24;miehet;0
Epidemiatuki;2019;7;2019-07-01;25-34;miehet;0
Epidemiatuki;2019;7;2019-07-01;35-44;miehet;0
Epidemiatuki;2019;7;2019-07-01;45-54;miehet;0
Epidemiatuki;2019;7;2019-07-01;yli 54;miehet;0
Epidemiatuki;2019;7;2019-07-01;18-24;naiset;0
Epidemiatuki;2019;7;2019-07-01;25-34;naiset;0
Epidemiatuki;2019;7;2019-07-01;35-44;naiset;0
Epidemiatuki;2019;7;2019-07-01;45-54;naiset;0
Epidemiatuki;2019;7;2019-07-01;yli 54;naiset;0
Epidemiatuki;2019;8;2019-08-01;18-24;kaikki;0
Epidemiatuki;2019;8;2019-08-01;25-34;kaikki;0
Epidemiatuki;2019;8;2019-08-01;35-44;kaikki;0
Epidemiatuki;2019;8;2019-08-01;45-54;kaikki;0
Epidemiatuki;2019;8;2019-08-01;yli 54;kaikki;0
Epidemiatuki;2019;8;2019-08-01;18-24;miehet;0
Epidemiatuki;2019;8;2019-08-01;25-34;miehet;0
Epidemiatuki;2019;8;2019-08-01;35-44;miehet;0
Epidemiatuki;2019;8;2019-08-01;45-54;miehet;0
Epidemiatuki;2019;8;2019-08-01;yli 54;miehet;0
Epidemiatuki;2019;8;2019-08-01;18-24;naiset;0
Epidemiatuki;2019;8;2019-08-01;25-34;naiset;0
Epidemiatuki;2019;8;2019-08-01;35-44;naiset;0
Epidemiatuki;2019;8;2019-08-01;45-54;naiset;0
Epidemiatuki;2019;8;2019-08-01;yli 54;naiset;0
Epidemiatuki;2019;9;2019-09-01;18-24;kaikki;0
Epidemiatuki;2019;9;2019-09-01;25-34;kaikki;0
Epidemiatuki;2019;9;2019-09-01;35-44;kaikki;0
Epidemiatuki;2019;9;2019-09-01;45-54;kaikki;0
Epidemiatuki;2019;9;2019-09-01;yli 54;kaikki;0
Epidemiatuki;2019;9;2019-09-01;18-24;miehet;0
Epidemiatuki;2019;9;2019-09-01;25-34;miehet;0
Epidemiatuki;2019;9;2019-09-01;35-44;miehet;0
Epidemiatuki;2019;9;2019-09-01;45-54;miehet;0
Epidemiatuki;2019;9;2019-09-01;yli 54;miehet;0
Epidemiatuki;2019;9;2019-09-01;18-24;naiset;0
Epidemiatuki;2019;9;2019-09-01;25-34;naiset;0
Epidemiatuki;2019;9;2019-09-01;35-44;naiset;0
Epidemiatuki;2019;9;2019-09-01;45-54;naiset;0
Epidemiatuki;2019;9;2019-09-01;yli 54;naiset;0
Epidemiatuki;2019;10;2019-10-01;18-24;kaikki;0
Epidemiatuki;2019;10;2019-10-01;25-34;kaikki;0
Epidemiatuki;2019;10;2019-10-01;35-44;kaikki;0
Epidemiatuki;2019;10;2019-10-01;45-54;kaikki;0
Epidemiatuki;2019;10;2019-10-01;yli 54;kaikki;0
Epidemiatuki;2019;10;2019-10-01;18-24;miehet;0
Epidemiatuki;2019;10;2019-10-01;25-34;miehet;0
Epidemiatuki;2019;10;2019-10-01;35-44;miehet;0
Epidemiatuki;2019;10;2019-10-01;45-54;miehet;0
Epidemiatuki;2019;10;2019-10-01;yli 54;miehet;0
Epidemiatuki;2019;10;2019-10-01;18-24;naiset;0
Epidemiatuki;2019;10;2019-10-01;25-34;naiset;0
Epidemiatuki;2019;10;2019-10-01;35-44;naiset;0
Epidemiatuki;2019;10;2019-10-01;45-54;naiset;0
Epidemiatuki;2019;10;2019-10-01;yli 54;naiset;0
Epidemiatuki;2019;11;2019-11-01;18-24;kaikki;0
Epidemiatuki;2019;11;2019-11-01;25-34;kaikki;0
Epidemiatuki;2019;11;2019-11-01;35-44;kaikki;0
Epidemiatuki;2019;11;2019-11-01;45-54;kaikki;0
Epidemiatuki;2019;11;2019-11-01;yli 54;kaikki;0
Epidemiatuki;2019;11;2019-11-01;18-24;miehet;0
Epidemiatuki;2019;11;2019-11-01;25-34;miehet;0
Epidemiatuki;2019;11;2019-11-01;35-44;miehet;0
Epidemiatuki;2019;11;2019-11-01;45-54;miehet;0
Epidemiatuki;2019;11;2019-11-01;yli 54;miehet;0
Epidemiatuki;2019;11;2019-11-01;18-24;naiset;0
Epidemiatuki;2019;11;2019-11-01;25-34;naiset;0
Epidemiatuki;2019;11;2019-11-01;35-44;naiset;0
Epidemiatuki;2019;11;2019-11-01;45-54;naiset;0
Epidemiatuki;2019;11;2019-11-01;yli 54;naiset;0
Epidemiatuki;2019;12;2019-12-01;18-24;kaikki;0
Epidemiatuki;2019;12;2019-12-01;25-34;kaikki;0
Epidemiatuki;2019;12;2019-12-01;35-44;kaikki;0
Epidemiatuki;2019;12;2019-12-01;45-54;kaikki;0
Epidemiatuki;2019;12;2019-12-01;yli 54;kaikki;0
Epidemiatuki;2019;12;2019-12-01;18-24;miehet;0
Epidemiatuki;2019;12;2019-12-01;25-34;miehet;0
Epidemiatuki;2019;12;2019-12-01;35-44;miehet;0
Epidemiatuki;2019;12;2019-12-01;45-54;miehet;0
Epidemiatuki;2019;12;2019-12-01;yli 54;miehet;0
Epidemiatuki;2019;12;2019-12-01;18-24;naiset;0
Epidemiatuki;2019;12;2019-12-01;25-34;naiset;0
Epidemiatuki;2019;12;2019-12-01;35-44;naiset;0
Epidemiatuki;2019;12;2019-12-01;45-54;naiset;0
Epidemiatuki;2019;12;2019-12-01;yli 54;naiset;0
Epidemiatuki;2020;1;2020-01-01;18-24;kaikki;0
Epidemiatuki;2020;1;2020-01-01;25-34;kaikki;0
Epidemiatuki;2020;1;2020-01-01;35-44;kaikki;0
Epidemiatuki;2020;1;2020-01-01;45-54;kaikki;0
Epidemiatuki;2020;1;2020-01-01;yli 54;kaikki;0
Epidemiatuki;2020;1;2020-01-01;18-24;miehet;0
Epidemiatuki;2020;1;2020-01-01;25-34;miehet;0
Epidemiatuki;2020;1;2020-01-01;35-44;miehet;0
Epidemiatuki;2020;1;2020-01-01;45-54;miehet;0
Epidemiatuki;2020;1;2020-01-01;yli 54;miehet;0
Epidemiatuki;2020;1;2020-01-01;18-24;naiset;0
Epidemiatuki;2020;1;2020-01-01;25-34;naiset;0
Epidemiatuki;2020;1;2020-01-01;35-44;naiset;0
Epidemiatuki;2020;1;2020-01-01;45-54;naiset;0
Epidemiatuki;2020;1;2020-01-01;yli 54;naiset;0
Epidemiatuki;2020;2;2020-02-01;18-24;kaikki;0
Epidemiatuki;2020;2;2020-02-01;25-34;kaikki;0
Epidemiatuki;2020;2;2020-02-01;35-44;kaikki;0
Epidemiatuki;2020;2;2020-02-01;45-54;kaikki;0
Epidemiatuki;2020;2;2020-02-01;yli 54;kaikki;0
Epidemiatuki;2020;2;2020-02-01;18-24;miehet;0
Epidemiatuki;2020;2;2020-02-01;25-34;miehet;0
Epidemiatuki;2020;2;2020-02-01;35-44;miehet;0
Epidemiatuki;2020;2;2020-02-01;45-54;miehet;0
Epidemiatuki;2020;2;2020-02-01;yli 54;miehet;0
Epidemiatuki;2020;2;2020-02-01;18-24;naiset;0
Epidemiatuki;2020;2;2020-02-01;25-34;naiset;0
Epidemiatuki;2020;2;2020-02-01;35-44;naiset;0
Epidemiatuki;2020;2;2020-02-01;45-54;naiset;0
Epidemiatuki;2020;2;2020-02-01;yli 54;naiset;0
Epidemiatuki;2020;3;2020-03-01;18-24;kaikki;0
Epidemiatuki;2020;3;2020-03-01;25-34;kaikki;0
Epidemiatuki;2020;3;2020-03-01;35-44;kaikki;0
Epidemiatuki;2020;3;2020-03-01;45-54;kaikki;0
Epidemiatuki;2020;3;2020-03-01;yli 54;kaikki;0
Epidemiatuki;2020;3;2020-03-01;18-24;miehet;0
Epidemiatuki;2020;3;2020-03-01;25-34;miehet;0
Epidemiatuki;2020;3;2020-03-01;35-44;miehet;0
Epidemiatuki;2020;3;2020-03-01;45-54;miehet;0
Epidemiatuki;2020;3;2020-03-01;yli 54;miehet;0
Epidemiatuki;2020;3;2020-03-01;18-24;naiset;0
Epidemiatuki;2020;3;2020-03-01;25-34;naiset;0
Epidemiatuki;2020;3;2020-03-01;35-44;naiset;0
Epidemiatuki;2020;3;2020-03-01;45-54;naiset;0
Epidemiatuki;2020;3;2020-03-01;yli 54;naiset;0
Epidemiatuki;2020;4;2020-04-01;18-24;kaikki;0
Epidemiatuki;2020;4;2020-04-01;25-34;kaikki;0
Epidemiatuki;2020;4;2020-04-01;35-44;kaikki;0
Epidemiatuki;2020;4;2020-04-01;45-54;kaikki;0
Epidemiatuki;2020;4;2020-04-01;yli 54;kaikki;0
Epidemiatuki;2020;4;2020-04-01;18-24;miehet;0
Epidemiatuki;2020;4;2020-04-01;25-34;miehet;0
Epidemiatuki;2020;4;2020-04-01;35-44;miehet;0
Epidemiatuki;2020;4;2020-04-01;45-54;miehet;0
Epidemiatuki;2020;4;2020-04-01;yli 54;miehet;0
Epidemiatuki;2020;4;2020-04-01;18-24;naiset;0
Epidemiatuki;2020;4;2020-04-01;25-34;naiset;0
Epidemiatuki;2020;4;2020-04-01;35-44;naiset;0
Epidemiatuki;2020;4;2020-04-01;45-54;naiset;0
Epidemiatuki;2020;4;2020-04-01;yli 54;naiset;0
Epidemiatuki;2020;5;2020-05-01;18-24;kaikki;64
Epidemiatuki;2020;5;2020-05-01;25-34;kaikki;555
Epidemiatuki;2020;5;2020-05-01;35-44;kaikki;922
Epidemiatuki;2020;5;2020-05-01;45-54;kaikki;275
Epidemiatuki;2020;5;2020-05-01;yli 54;kaikki;97
Epidemiatuki;2020;5;2020-05-01;18-24;miehet;27
Epidemiatuki;2020;5;2020-05-01;25-34;miehet;130
Epidemiatuki;2020;5;2020-05-01;35-44;miehet;198
Epidemiatuki;2020;5;2020-05-01;45-54;miehet;111
Epidemiatuki;2020;5;2020-05-01;yli 54;miehet;49
Epidemiatuki;2020;5;2020-05-01;18-24;naiset;37
Epidemiatuki;2020;5;2020-05-01;25-34;naiset;425
Epidemiatuki;2020;5;2020-05-01;35-44;naiset;724
Epidemiatuki;2020;5;2020-05-01;45-54;naiset;164
Epidemiatuki;2020;5;2020-05-01;yli 54;naiset;48
Epidemiatuki;2020;6;2020-06-01;18-24;kaikki;16
Epidemiatuki;2020;6;2020-06-01;25-34;kaikki;159
Epidemiatuki;2020;6;2020-06-01;35-44;kaikki;363
Epidemiatuki;2020;6;2020-06-01;45-54;kaikki;119
Epidemiatuki;2020;6;2020-06-01;yli 54;kaikki;36
Epidemiatuki;2020;6;2020-06-01;18-24;miehet;6
Epidemiatuki;2020;6;2020-06-01;25-34;miehet;41
Epidemiatuki;2020;6;2020-06-01;35-44;miehet;91
Epidemiatuki;2020;6;2020-06-01;45-54;miehet;49
Epidemiatuki;2020;6;2020-06-01;yli 54;miehet;21
Epidemiatuki;2020;6;2020-06-01;18-24;naiset;10
Epidemiatuki;2020;6;2020-06-01;25-34;naiset;118
Epidemiatuki;2020;6;2020-06-01;35-44;naiset;272
Epidemiatuki;2020;6;2020-06-01;45-54;naiset;70
Epidemiatuki;2020;6;2020-06-01;yli 54;naiset;15
Epidemiatuki;2020;7;2020-07-01;18-24;kaikki;9
Epidemiatuki;2020;7;2020-07-01;25-34;kaikki;71
Epidemiatuki;2020;7;2020-07-01;35-44;kaikki;125
Epidemiatuki;2020;7;2020-07-01;45-54;kaikki;32
Epidemiatuki;2020;7;2020-07-01;yli 54;kaikki;5
Epidemiatuki;2020;7;2020-07-01;18-24;miehet;5
Epidemiatuki;2020;7;2020-07-01;25-34;miehet;29
Epidemiatuki;2020;7;2020-07-01;35-44;miehet;36
Epidemiatuki;2020;7;2020-07-01;45-54;miehet;14
Epidemiatuki;2020;7;2020-07-01;yli 54;miehet;4
Epidemiatuki;2020;7;2020-07-01;18-24;naiset;4
Epidemiatuki;2020;7;2020-07-01;25-34;naiset;42
Epidemiatuki;2020;7;2020-07-01;35-44;naiset;89
Epidemiatuki;2020;7;2020-07-01;45-54;naiset;18
Epidemiatuki;2020;7;2020-07-01;yli 54;naiset;1
Epidemiatuki;2020;8;2020-08-01;18-24;kaikki;5
Epidemiatuki;2020;8;2020-08-01;25-34;kaikki;19
Epidemiatuki;2020;8;2020-08-01;35-44;kaikki;29
Epidemiatuki;2020;8;2020-08-01;45-54;kaikki;14
Epidemiatuki;2020;8;2020-08-01;yli 54;kaikki;3
Epidemiatuki;2020;8;2020-08-01;18-24;miehet;3
Epidemiatuki;2020;8;2020-08-01;25-34;miehet;11
Epidemiatuki;2020;8;2020-08-01;35-44;miehet;7
Epidemiatuki;2020;8;2020-08-01;45-54;miehet;2
Epidemiatuki;2020;8;2020-08-01;yli 54;miehet;2
Epidemiatuki;2020;8;2020-08-01;18-24;naiset;2
Epidemiatuki;2020;8;2020-08-01;25-34;naiset;8
Epidemiatuki;2020;8;2020-08-01;35-44;naiset;22
Epidemiatuki;2020;8;2020-08-01;45-54;naiset;12
Epidemiatuki;2020;8;2020-08-01;yli 54;naiset;1
Epidemiatuki;2020;9;2020-09-01;18-24;kaikki;0
Epidemiatuki;2020;9;2020-09-01;25-34;kaikki;7
Epidemiatuki;2020;9;2020-09-01;35-44;kaikki;13
Epidemiatuki;2020;9;2020-09-01;45-54;kaikki;9
Epidemiatuki;2020;9;2020-09-01;yli 54;kaikki;1
Epidemiatuki;2020;9;2020-09-01;18-24;miehet;0
Epidemiatuki;2020;9;2020-09-01;25-34;miehet;5
Epidemiatuki;2020;9;2020-09-01;35-44;miehet;7
Epidemiatuki;2020;9;2020-09-01;45-54;miehet;6
Epidemiatuki;2020;9;2020-09-01;yli 54;miehet;1
Epidemiatuki;2020;9;2020-09-01;18-24;naiset;0
Epidemiatuki;2020;9;2020-09-01;25-34;naiset;2
Epidemiatuki;2020;9;2020-09-01;35-44;naiset;6
Epidemiatuki;2020;9;2020-09-01;45-54;naiset;3
Epidemiatuki;2020;9;2020-09-01;yli 54;naiset;0
Epidemiatuki;2020;10;2020-10-01;18-24;kaikki;0
Epidemiatuki;2020;10;2020-10-01;25-34;kaikki;6
Epidemiatuki;2020;10;2020-10-01;35-44;kaikki;2
Epidemiatuki;2020;10;2020-10-01;45-54;kaikki;1
Epidemiatuki;2020;10;2020-10-01;yli 54;kaikki;0
Epidemiatuki;2020;10;2020-10-01;18-24;miehet;0
Epidemiatuki;2020;10;2020-10-01;25-34;miehet;3
Epidemiatuki;2020;10;2020-10-01;35-44;miehet;0
Epidemiatuki;2020;10;2020-10-01;45-54;miehet;1
Epidemiatuki;2020;10;2020-10-01;yli 54;miehet;0
Epidemiatuki;2020;10;2020-10-01;18-24;naiset;0
Epidemiatuki;2020;10;2020-10-01;25-34;naiset;3
Epidemiatuki;2020;10;2020-10-01;35-44;naiset;2
Epidemiatuki;2020;10;2020-10-01;45-54;naiset;0
Epidemiatuki;2020;10;2020-10-01;yli 54;naiset;0
Epidemiatuki;2020;11;2020-11-01;18-24;kaikki;0
Epidemiatuki;2020;11;2020-11-01;25-34;kaikki;1
Epidemiatuki;2020;11;2020-11-01;35-44;kaikki;1
Epidemiatuki;2020;11;2020-11-01;45-54;kaikki;0
Epidemiatuki;2020;11;2020-11-01;yli 54;kaikki;0
Epidemiatuki;2020;11;2020-11-01;18-24;miehet;0
Epidemiatuki;2020;11;2020-11-01;25-34;miehet;0
Epidemiatuki;2020;11;2020-11-01;35-44;miehet;1
Epidemiatuki;2020;11;2020-11-01;45-54;miehet;0
Epidemiatuki;2020;11;2020-11-01;yli 54;miehet;0
Epidemiatuki;2020;11;2020-11-01;18-24;naiset;0
Epidemiatuki;2020;11;2020-11-01;25-34;naiset;1
Epidemiatuki;2020;11;2020-11-01;35-44;naiset;0
Epidemiatuki;2020;11;2020-11-01;45-54;naiset;0
Epidemiatuki;2020;11;2020-11-01;yli 54;naiset;0
Epidemiatuki;2020;12;2020-12-01;18-24;kaikki;0
Epidemiatuki;2020;12;2020-12-01;25-34;kaikki;0
Epidemiatuki;2020;12;2020-12-01;35-44;kaikki;0
Epidemiatuki;2020;12;2020-12-01;45-54;kaikki;0
Epidemiatuki;2020;12;2020-12-01;yli 54;kaikki;1
Epidemiatuki;2020;12;2020-12-01;18-24;miehet;0
Epidemiatuki;2020;12;2020-12-01;25-34;miehet;0
Epidemiatuki;2020;12;2020-12-01;35-44;miehet;0
Epidemiatuki;2020;12;2020-12-01;45-54;miehet;0
Epidemiatuki;2020;12;2020-12-01;yli 54;miehet;1
Epidemiatuki;2020;12;2020-12-01;18-24;naiset;0
Epidemiatuki;2020;12;2020-12-01;25-34;naiset;0
Epidemiatuki;2020;12;2020-12-01;35-44;naiset;0
Epidemiatuki;2020;12;2020-12-01;45-54;naiset;0
Epidemiatuki;2020;12;2020-12-01;yli 54;naiset;0
Epidemiatuki;2021;1;2021-01-01;18-24;kaikki;0
Epidemiatuki;2021;1;2021-01-01;25-34;kaikki;0
Epidemiatuki;2021;1;2021-01-01;35-44;kaikki;0
Epidemiatuki;2021;1;2021-01-01;45-54;kaikki;0
Epidemiatuki;2021;1;2021-01-01;yli 54;kaikki;0
Epidemiatuki;2021;1;2021-01-01;18-24;miehet;0
Epidemiatuki;2021;1;2021-01-01;25-34;miehet;0
Epidemiatuki;2021;1;2021-01-01;35-44;miehet;0
Epidemiatuki;2021;1;2021-01-01;45-54;miehet;0
Epidemiatuki;2021;1;2021-01-01;yli 54;miehet;0
Epidemiatuki;2021;1;2021-01-01;18-24;naiset;0
Epidemiatuki;2021;1;2021-01-01;25-34;naiset;0
Epidemiatuki;2021;1;2021-01-01;35-44;naiset;0
Epidemiatuki;2021;1;2021-01-01;45-54;naiset;0
Epidemiatuki;2021;1;2021-01-01;yli 54;naiset;0
Epidemiatuki;2021;2;2021-02-01;18-24;kaikki;0
Epidemiatuki;2021;2;2021-02-01;25-34;kaikki;0
Epidemiatuki;2021;2;2021-02-01;35-44;kaikki;0
Epidemiatuki;2021;2;2021-02-01;45-54;kaikki;0
Epidemiatuki;2021;2;2021-02-01;yli 54;kaikki;0
Epidemiatuki;2021;2;2021-02-01;18-24;miehet;0
Epidemiatuki;2021;2;2021-02-01;25-34;miehet;0
Epidemiatuki;2021;2;2021-02-01;35-44;miehet;0
Epidemiatuki;2021;2;2021-02-01;45-54;miehet;0
Epidemiatuki;2021;2;2021-02-01;yli 54;miehet;0
Epidemiatuki;2021;2;2021-02-01;18-24;naiset;0
Epidemiatuki;2021;2;2021-02-01;25-34;naiset;0
Epidemiatuki;2021;2;2021-02-01;35-44;naiset;0
Epidemiatuki;2021;2;2021-02-01;45-54;naiset;0
Epidemiatuki;2021;2;2021-02-01;yli 54;naiset;0
Epidemiatuki;2021;3;2021-03-01;18-24;kaikki;0
Epidemiatuki;2021;3;2021-03-01;25-34;kaikki;0
Epidemiatuki;2021;3;2021-03-01;35-44;kaikki;0
Epidemiatuki;2021;3;2021-03-01;45-54;kaikki;0
Epidemiatuki;2021;3;2021-03-01;yli 54;kaikki;1
Epidemiatuki;2021;3;2021-03-01;18-24;miehet;0
Epidemiatuki;2021;3;2021-03-01;25-34;miehet;0
Epidemiatuki;2021;3;2021-03-01;35-44;miehet;0
Epidemiatuki;2021;3;2021-03-01;45-54;miehet;0
Epidemiatuki;2021;3;2021-03-01;yli 54;miehet;1
Epidemiatuki;2021;3;2021-03-01;18-24;naiset;0
Epidemiatuki;2021;3;2021-03-01;25-34;naiset;0
Epidemiatuki;2021;3;2021-03-01;35-44;naiset;0
Epidemiatuki;2021;3;2021-03-01;45-54;naiset;0
Epidemiatuki;2021;3;2021-03-01;yli 54;naiset;0
Epidemiatuki;2021;4;2021-04-01;18-24;kaikki;0
Epidemiatuki;2021;4;2021-04-01;25-34;kaikki;0
Epidemiatuki;2021;4;2021-04-01;35-44;kaikki;0
Epidemiatuki;2021;4;2021-04-01;45-54;kaikki;0
Epidemiatuki;2021;4;2021-04-01;yli 54;kaikki;0
Epidemiatuki;2021;4;2021-04-01;18-24;miehet;0
Epidemiatuki;2021;4;2021-04-01;25-34;miehet;0
Epidemiatuki;2021;4;2021-04-01;35-44;miehet;0
Epidemiatuki;2021;4;2021-04-01;45-54;miehet;0
Epidemiatuki;2021;4;2021-04-01;yli 54;miehet;0
Epidemiatuki;2021;4;2021-04-01;18-24;naiset;0
Epidemiatuki;2021;4;2021-04-01;25-34;naiset;0
Epidemiatuki;2021;4;2021-04-01;35-44;naiset;0
Epidemiatuki;2021;4;2021-04-01;45-54;naiset;0
Epidemiatuki;2021;4;2021-04-01;yli 54;naiset;0
Epidemiatuki;2021;5;2021-05-01;18-24;kaikki;0
Epidemiatuki;2021;5;2021-05-01;25-34;kaikki;0
Epidemiatuki;2021;5;2021-05-01;35-44;kaikki;0
Epidemiatuki;2021;5;2021-05-01;45-54;kaikki;0
Epidemiatuki;2021;5;2021-05-01;yli 54;kaikki;0
Epidemiatuki;2021;5;2021-05-01;18-24;miehet;0
Epidemiatuki;2021;5;2021-05-01;25-34;miehet;0
Epidemiatuki;2021;5;2021-05-01;35-44;miehet;0
Epidemiatuki;2021;5;2021-05-01;45-54;miehet;0
Epidemiatuki;2021;5;2021-05-01;yli 54;miehet;0
Epidemiatuki;2021;5;2021-05-01;18-24;naiset;0
Epidemiatuki;2021;5;2021-05-01;25-34;naiset;0
Epidemiatuki;2021;5;2021-05-01;35-44;naiset;0
Epidemiatuki;2021;5;2021-05-01;45-54;naiset;0
Epidemiatuki;2021;5;2021-05-01;yli 54;naiset;0
