toimenpideluokka,alue,korvatut_testit_lkm,viikko,vuosi,aikatyyppi,updated
Antigeenitutkimus,Koko Suomi,238,53,2020,viikko,2021-01-28 10:04:21
Antigeenitutkimus,Etelä-Pohjanmaa,1,53,2020,viikko,2021-01-28 10:04:21
Antigeenitutkimus,Kanta-Häme,5,53,2020,viikko,2021-01-28 10:04:21
Antigeenitutkimus,Keski-Suomi,20,53,2020,viikko,2021-01-28 10:04:21
Antigeenitutkimus,Lappi,4,53,2020,viikko,2021-01-28 10:04:21
Antigeenitutkimus,Pirkanmaa,26,53,2020,viikko,2021-01-28 10:04:21
Antigeenitutkimus,Pohjanmaa,4,53,2020,viikko,2021-01-28 10:04:21
Antigeenitutkimus,Pohjois-Pohjanmaa,13,53,2020,viikko,2021-01-28 10:04:21
Antigeenitutkimus,Pohjois-Savo,3,53,2020,viikko,2021-01-28 10:04:21
Antigeenitutkimus,Päijät-Häme,9,53,2020,viikko,2021-01-28 10:04:21
Antigeenitutkimus,Satakunta,7,53,2020,viikko,2021-01-28 10:04:21
Antigeenitutkimus,Uusimaa,95,53,2020,viikko,2021-01-28 10:04:21
Antigeenitutkimus,Varsinais-Suomi,44,53,2020,viikko,2021-01-28 10:04:21
Nukleiinihappotutkimus,Koko Suomi,2516,53,2020,viikko,2021-01-28 10:04:21
Nukleiinihappotutkimus,Etelä-Karjala,11,53,2020,viikko,2021-01-28 10:04:21
Nukleiinihappotutkimus,Etelä-Pohjanmaa,13,53,2020,viikko,2021-01-28 10:04:21
Nukleiinihappotutkimus,Etelä-Savo,2,53,2020,viikko,2021-01-28 10:04:21
Nukleiinihappotutkimus,Kainuu,2,53,2020,viikko,2021-01-28 10:04:21
Nukleiinihappotutkimus,Kanta-Häme,46,53,2020,viikko,2021-01-28 10:04:21
Nukleiinihappotutkimus,Keski-Pohjanmaa,2,53,2020,viikko,2021-01-28 10:04:21
Nukleiinihappotutkimus,Keski-Suomi,57,53,2020,viikko,2021-01-28 10:04:21
Nukleiinihappotutkimus,Kymenlaakso,75,53,2020,viikko,2021-01-28 10:04:21
Nukleiinihappotutkimus,Lappi,9,53,2020,viikko,2021-01-28 10:04:21
Nukleiinihappotutkimus,Pirkanmaa,238,53,2020,viikko,2021-01-28 10:04:21
Nukleiinihappotutkimus,Pohjanmaa,7,53,2020,viikko,2021-01-28 10:04:21
Nukleiinihappotutkimus,Pohjois-Karjala,12,53,2020,viikko,2021-01-28 10:04:21
Nukleiinihappotutkimus,Pohjois-Pohjanmaa,112,53,2020,viikko,2021-01-28 10:04:21
Nukleiinihappotutkimus,Pohjois-Savo,16,53,2020,viikko,2021-01-28 10:04:21
Nukleiinihappotutkimus,Päijät-Häme,86,53,2020,viikko,2021-01-28 10:04:21
Nukleiinihappotutkimus,Satakunta,63,53,2020,viikko,2021-01-28 10:04:21
Nukleiinihappotutkimus,Uusimaa,1508,53,2020,viikko,2021-01-28 10:04:21
Nukleiinihappotutkimus,Varsinais-Suomi,228,53,2020,viikko,2021-01-28 10:04:21
Vasta-ainetesti,Koko Suomi,54,53,2020,viikko,2021-01-28 10:04:21
Vasta-ainetesti,Kanta-Häme,1,53,2020,viikko,2021-01-28 10:04:21
Vasta-ainetesti,Kymenlaakso,1,53,2020,viikko,2021-01-28 10:04:21
Vasta-ainetesti,Pirkanmaa,4,53,2020,viikko,2021-01-28 10:04:21
Vasta-ainetesti,Pohjanmaa,2,53,2020,viikko,2021-01-28 10:04:21
Vasta-ainetesti,Pohjois-Pohjanmaa,1,53,2020,viikko,2021-01-28 10:04:21
Vasta-ainetesti,Päijät-Häme,1,53,2020,viikko,2021-01-28 10:04:21
Vasta-ainetesti,Satakunta,1,53,2020,viikko,2021-01-28 10:04:21
Vasta-ainetesti,Uusimaa,38,53,2020,viikko,2021-01-28 10:04:21
Vasta-ainetesti,Varsinais-Suomi,3,53,2020,viikko,2021-01-28 10:04:21
Antigeenitutkimus,Koko Suomi,123,52,2020,viikko,2021-01-28 10:04:21
Antigeenitutkimus,Etelä-Pohjanmaa,2,52,2020,viikko,2021-01-28 10:04:21
Antigeenitutkimus,Etelä-Savo,1,52,2020,viikko,2021-01-28 10:04:21
Antigeenitutkimus,Kanta-Häme,1,52,2020,viikko,2021-01-28 10:04:21
Antigeenitutkimus,Keski-Suomi,10,52,2020,viikko,2021-01-28 10:04:21
Antigeenitutkimus,Lappi,1,52,2020,viikko,2021-01-28 10:04:21
Antigeenitutkimus,Pirkanmaa,10,52,2020,viikko,2021-01-28 10:04:21
Antigeenitutkimus,Pohjois-Karjala,2,52,2020,viikko,2021-01-28 10:04:21
Antigeenitutkimus,Pohjois-Pohjanmaa,14,52,2020,viikko,2021-01-28 10:04:21
Antigeenitutkimus,Pohjois-Savo,7,52,2020,viikko,2021-01-28 10:04:21
Antigeenitutkimus,Päijät-Häme,5,52,2020,viikko,2021-01-28 10:04:21
Antigeenitutkimus,Uusimaa,44,52,2020,viikko,2021-01-28 10:04:21
Antigeenitutkimus,Varsinais-Suomi,26,52,2020,viikko,2021-01-28 10:04:21
Nukleiinihappotutkimus,Koko Suomi,2282,52,2020,viikko,2021-01-28 10:04:21
Nukleiinihappotutkimus,Etelä-Karjala,9,52,2020,viikko,2021-01-28 10:04:21
Nukleiinihappotutkimus,Etelä-Pohjanmaa,13,52,2020,viikko,2021-01-28 10:04:21
Nukleiinihappotutkimus,Etelä-Savo,3,52,2020,viikko,2021-01-28 10:04:21
Nukleiinihappotutkimus,Kanta-Häme,47,52,2020,viikko,2021-01-28 10:04:21
Nukleiinihappotutkimus,Keski-Suomi,73,52,2020,viikko,2021-01-28 10:04:21
Nukleiinihappotutkimus,Kymenlaakso,34,52,2020,viikko,2021-01-28 10:04:21
Nukleiinihappotutkimus,Lappi,5,52,2020,viikko,2021-01-28 10:04:21
Nukleiinihappotutkimus,Pirkanmaa,188,52,2020,viikko,2021-01-28 10:04:21
Nukleiinihappotutkimus,Pohjanmaa,4,52,2020,viikko,2021-01-28 10:04:21
Nukleiinihappotutkimus,Pohjois-Karjala,14,52,2020,viikko,2021-01-28 10:04:21
Nukleiinihappotutkimus,Pohjois-Pohjanmaa,93,52,2020,viikko,2021-01-28 10:04:21
Nukleiinihappotutkimus,Pohjois-Savo,34,52,2020,viikko,2021-01-28 10:04:21
Nukleiinihappotutkimus,Päijät-Häme,141,52,2020,viikko,2021-01-28 10:04:21
Nukleiinihappotutkimus,Satakunta,22,52,2020,viikko,2021-01-28 10:04:21
Nukleiinihappotutkimus,Uusimaa,1321,52,2020,viikko,2021-01-28 10:04:21
Nukleiinihappotutkimus,Varsinais-Suomi,254,52,2020,viikko,2021-01-28 10:04:21
Vasta-ainetesti,Koko Suomi,38,52,2020,viikko,2021-01-28 10:04:21
Vasta-ainetesti,Etelä-Savo,1,52,2020,viikko,2021-01-28 10:04:21
Vasta-ainetesti,Keski-Pohjanmaa,2,52,2020,viikko,2021-01-28 10:04:21
Vasta-ainetesti,Keski-Suomi,2,52,2020,viikko,2021-01-28 10:04:21
Vasta-ainetesti,Kymenlaakso,2,52,2020,viikko,2021-01-28 10:04:21
Vasta-ainetesti,Pirkanmaa,1,52,2020,viikko,2021-01-28 10:04:21
Vasta-ainetesti,Pohjois-Pohjanmaa,3,52,2020,viikko,2021-01-28 10:04:21
Vasta-ainetesti,Pohjois-Savo,1,52,2020,viikko,2021-01-28 10:04:21
Vasta-ainetesti,Päijät-Häme,1,52,2020,viikko,2021-01-28 10:04:21
Vasta-ainetesti,Satakunta,1,52,2020,viikko,2021-01-28 10:04:21
Vasta-ainetesti,Uusimaa,22,52,2020,viikko,2021-01-28 10:04:21
Vasta-ainetesti,Varsinais-Suomi,1,52,2020,viikko,2021-01-28 10:04:21
Antigeenitutkimus,Koko Suomi,114,51,2020,viikko,2021-01-28 10:04:21
Antigeenitutkimus,Etelä-Pohjanmaa,4,51,2020,viikko,2021-01-28 10:04:21
Antigeenitutkimus,Etelä-Savo,1,51,2020,viikko,2021-01-28 10:04:21
Antigeenitutkimus,Kanta-Häme,1,51,2020,viikko,2021-01-28 10:04:21
Antigeenitutkimus,Keski-Suomi,13,51,2020,viikko,2021-01-28 10:04:21
Antigeenitutkimus,Lappi,3,51,2020,viikko,2021-01-28 10:04:21
Antigeenitutkimus,Pirkanmaa,9,51,2020,viikko,2021-01-28 10:04:21
Antigeenitutkimus,Pohjanmaa,3,51,2020,viikko,2021-01-28 10:04:21
Antigeenitutkimus,Pohjois-Karjala,2,51,2020,viikko,2021-01-28 10:04:21
Antigeenitutkimus,Pohjois-Pohjanmaa,23,51,2020,viikko,2021-01-28 10:04:21
Antigeenitutkimus,Pohjois-Savo,2,51,2020,viikko,2021-01-28 10:04:21
Antigeenitutkimus,Päijät-Häme,3,51,2020,viikko,2021-01-28 10:04:21
Antigeenitutkimus,Uusimaa,30,51,2020,viikko,2021-01-28 10:04:21
Antigeenitutkimus,Varsinais-Suomi,20,51,2020,viikko,2021-01-28 10:04:21
Nukleiinihappotutkimus,Koko Suomi,1421,51,2020,viikko,2021-01-28 10:04:21
Nukleiinihappotutkimus,Etelä-Karjala,5,51,2020,viikko,2021-01-28 10:04:21
Nukleiinihappotutkimus,Etelä-Pohjanmaa,19,51,2020,viikko,2021-01-28 10:04:21
Nukleiinihappotutkimus,Etelä-Savo,7,51,2020,viikko,2021-01-28 10:04:21
Nukleiinihappotutkimus,Kainuu,2,51,2020,viikko,2021-01-28 10:04:21
Nukleiinihappotutkimus,Kanta-Häme,54,51,2020,viikko,2021-01-28 10:04:21
Nukleiinihappotutkimus,Keski-Pohjanmaa,3,51,2020,viikko,2021-01-28 10:04:21
Nukleiinihappotutkimus,Keski-Suomi,104,51,2020,viikko,2021-01-28 10:04:21
Nukleiinihappotutkimus,Kymenlaakso,24,51,2020,viikko,2021-01-28 10:04:21
Nukleiinihappotutkimus,Lappi,8,51,2020,viikko,2021-01-28 10:04:21
Nukleiinihappotutkimus,Pirkanmaa,174,51,2020,viikko,2021-01-28 10:04:21
Nukleiinihappotutkimus,Pohjanmaa,4,51,2020,viikko,2021-01-28 10:04:21
Nukleiinihappotutkimus,Pohjois-Karjala,13,51,2020,viikko,2021-01-28 10:04:21
Nukleiinihappotutkimus,Pohjois-Pohjanmaa,107,51,2020,viikko,2021-01-28 10:04:21
Nukleiinihappotutkimus,Pohjois-Savo,30,51,2020,viikko,2021-01-28 10:04:21
Nukleiinihappotutkimus,Päijät-Häme,26,51,2020,viikko,2021-01-28 10:04:21
Nukleiinihappotutkimus,Satakunta,27,51,2020,viikko,2021-01-28 10:04:21
Nukleiinihappotutkimus,Uusimaa,606,51,2020,viikko,2021-01-28 10:04:21
Nukleiinihappotutkimus,Varsinais-Suomi,206,51,2020,viikko,2021-01-28 10:04:21
Vasta-ainetesti,Koko Suomi,38,51,2020,viikko,2021-01-28 10:04:21
Vasta-ainetesti,Etelä-Pohjanmaa,1,51,2020,viikko,2021-01-28 10:04:21
Vasta-ainetesti,Kanta-Häme,3,51,2020,viikko,2021-01-28 10:04:21
Vasta-ainetesti,Pirkanmaa,4,51,2020,viikko,2021-01-28 10:04:21
Vasta-ainetesti,Pohjois-Pohjanmaa,1,51,2020,viikko,2021-01-28 10:04:21
Vasta-ainetesti,Uusimaa,26,51,2020,viikko,2021-01-28 10:04:21
Vasta-ainetesti,Varsinais-Suomi,3,51,2020,viikko,2021-01-28 10:04:21
Antigeenitutkimus,Koko Suomi,142,50,2020,viikko,2021-01-28 10:04:21
Antigeenitutkimus,Etelä-Pohjanmaa,1,50,2020,viikko,2021-01-28 10:04:21
Antigeenitutkimus,Kanta-Häme,3,50,2020,viikko,2021-01-28 10:04:21
Antigeenitutkimus,Keski-Suomi,6,50,2020,viikko,2021-01-28 10:04:21
Antigeenitutkimus,Pirkanmaa,4,50,2020,viikko,2021-01-28 10:04:21
Antigeenitutkimus,Pohjois-Pohjanmaa,24,50,2020,viikko,2021-01-28 10:04:21
Antigeenitutkimus,Pohjois-Savo,1,50,2020,viikko,2021-01-28 10:04:21
Antigeenitutkimus,Satakunta,3,50,2020,viikko,2021-01-28 10:04:21
Antigeenitutkimus,Uusimaa,46,50,2020,viikko,2021-01-28 10:04:21
Antigeenitutkimus,Varsinais-Suomi,53,50,2020,viikko,2021-01-28 10:04:21
Nukleiinihappotutkimus,Koko Suomi,1453,50,2020,viikko,2021-01-28 10:04:21
Nukleiinihappotutkimus,Etelä-Karjala,5,50,2020,viikko,2021-01-28 10:04:21
Nukleiinihappotutkimus,Etelä-Pohjanmaa,4,50,2020,viikko,2021-01-28 10:04:21
Nukleiinihappotutkimus,Etelä-Savo,4,50,2020,viikko,2021-01-28 10:04:21
Nukleiinihappotutkimus,Kainuu,3,50,2020,viikko,2021-01-28 10:04:21
Nukleiinihappotutkimus,Kanta-Häme,55,50,2020,viikko,2021-01-28 10:04:21
Nukleiinihappotutkimus,Keski-Pohjanmaa,2,50,2020,viikko,2021-01-28 10:04:21
Nukleiinihappotutkimus,Keski-Suomi,46,50,2020,viikko,2021-01-28 10:04:21
Nukleiinihappotutkimus,Kymenlaakso,10,50,2020,viikko,2021-01-28 10:04:21
Nukleiinihappotutkimus,Lappi,27,50,2020,viikko,2021-01-28 10:04:21
Nukleiinihappotutkimus,Pirkanmaa,167,50,2020,viikko,2021-01-28 10:04:21
Nukleiinihappotutkimus,Pohjanmaa,8,50,2020,viikko,2021-01-28 10:04:21
Nukleiinihappotutkimus,Pohjois-Karjala,31,50,2020,viikko,2021-01-28 10:04:21
Nukleiinihappotutkimus,Pohjois-Pohjanmaa,98,50,2020,viikko,2021-01-28 10:04:21
Nukleiinihappotutkimus,Pohjois-Savo,26,50,2020,viikko,2021-01-28 10:04:21
Nukleiinihappotutkimus,Päijät-Häme,29,50,2020,viikko,2021-01-28 10:04:21
Nukleiinihappotutkimus,Satakunta,24,50,2020,viikko,2021-01-28 10:04:21
Nukleiinihappotutkimus,Uusimaa,619,50,2020,viikko,2021-01-28 10:04:21
Nukleiinihappotutkimus,Varsinais-Suomi,283,50,2020,viikko,2021-01-28 10:04:21
Vasta-ainetesti,Koko Suomi,51,50,2020,viikko,2021-01-28 10:04:21
Vasta-ainetesti,Kanta-Häme,1,50,2020,viikko,2021-01-28 10:04:21
Vasta-ainetesti,Kymenlaakso,1,50,2020,viikko,2021-01-28 10:04:21
Vasta-ainetesti,Pirkanmaa,1,50,2020,viikko,2021-01-28 10:04:21
Vasta-ainetesti,Pohjanmaa,3,50,2020,viikko,2021-01-28 10:04:21
Vasta-ainetesti,Pohjois-Pohjanmaa,2,50,2020,viikko,2021-01-28 10:04:21
Vasta-ainetesti,Päijät-Häme,2,50,2020,viikko,2021-01-28 10:04:21
Vasta-ainetesti,Satakunta,2,50,2020,viikko,2021-01-28 10:04:21
Vasta-ainetesti,Uusimaa,34,50,2020,viikko,2021-01-28 10:04:21
Vasta-ainetesti,Varsinais-Suomi,4,50,2020,viikko,2021-01-28 10:04:21
Antigeenitutkimus,Koko Suomi,124,49,2020,viikko,2021-01-28 10:04:21
Antigeenitutkimus,Etelä-Karjala,1,49,2020,viikko,2021-01-28 10:04:21
Antigeenitutkimus,Etelä-Pohjanmaa,3,49,2020,viikko,2021-01-28 10:04:21
Antigeenitutkimus,Keski-Suomi,11,49,2020,viikko,2021-01-28 10:04:21
Antigeenitutkimus,Kymenlaakso,1,49,2020,viikko,2021-01-28 10:04:21
Antigeenitutkimus,Lappi,3,49,2020,viikko,2021-01-28 10:04:21
Antigeenitutkimus,Pirkanmaa,15,49,2020,viikko,2021-01-28 10:04:21
Antigeenitutkimus,Pohjois-Pohjanmaa,13,49,2020,viikko,2021-01-28 10:04:21
Antigeenitutkimus,Pohjois-Savo,1,49,2020,viikko,2021-01-28 10:04:21
Antigeenitutkimus,Päijät-Häme,1,49,2020,viikko,2021-01-28 10:04:21
Antigeenitutkimus,Satakunta,2,49,2020,viikko,2021-01-28 10:04:21
Antigeenitutkimus,Uusimaa,31,49,2020,viikko,2021-01-28 10:04:21
Antigeenitutkimus,Varsinais-Suomi,40,49,2020,viikko,2021-01-28 10:04:21
Nukleiinihappotutkimus,Koko Suomi,3499,49,2020,viikko,2021-01-28 10:04:21
Nukleiinihappotutkimus,Etelä-Karjala,15,49,2020,viikko,2021-01-28 10:04:21
Nukleiinihappotutkimus,Etelä-Pohjanmaa,35,49,2020,viikko,2021-01-28 10:04:21
Nukleiinihappotutkimus,Etelä-Savo,2,49,2020,viikko,2021-01-28 10:04:21
Nukleiinihappotutkimus,Kainuu,3,49,2020,viikko,2021-01-28 10:04:21
Nukleiinihappotutkimus,Kanta-Häme,61,49,2020,viikko,2021-01-28 10:04:21
Nukleiinihappotutkimus,Keski-Pohjanmaa,4,49,2020,viikko,2021-01-28 10:04:21
Nukleiinihappotutkimus,Keski-Suomi,116,49,2020,viikko,2021-01-28 10:04:21
Nukleiinihappotutkimus,Kymenlaakso,33,49,2020,viikko,2021-01-28 10:04:21
Nukleiinihappotutkimus,Lappi,26,49,2020,viikko,2021-01-28 10:04:21
Nukleiinihappotutkimus,Pirkanmaa,395,49,2020,viikko,2021-01-28 10:04:21
Nukleiinihappotutkimus,Pohjanmaa,29,49,2020,viikko,2021-01-28 10:04:21
Nukleiinihappotutkimus,Pohjois-Karjala,35,49,2020,viikko,2021-01-28 10:04:21
Nukleiinihappotutkimus,Pohjois-Pohjanmaa,99,49,2020,viikko,2021-01-28 10:04:21
Nukleiinihappotutkimus,Pohjois-Savo,63,49,2020,viikko,2021-01-28 10:04:21
Nukleiinihappotutkimus,Päijät-Häme,47,49,2020,viikko,2021-01-28 10:04:21
Nukleiinihappotutkimus,Satakunta,102,49,2020,viikko,2021-01-28 10:04:21
Nukleiinihappotutkimus,Uusimaa,1856,49,2020,viikko,2021-01-28 10:04:21
Nukleiinihappotutkimus,Varsinais-Suomi,549,49,2020,viikko,2021-01-28 10:04:21
Vasta-ainetesti,Koko Suomi,41,49,2020,viikko,2021-01-28 10:04:21
Vasta-ainetesti,Etelä-Pohjanmaa,1,49,2020,viikko,2021-01-28 10:04:21
Vasta-ainetesti,Etelä-Savo,1,49,2020,viikko,2021-01-28 10:04:21
Vasta-ainetesti,Kanta-Häme,3,49,2020,viikko,2021-01-28 10:04:21
Vasta-ainetesti,Keski-Pohjanmaa,1,49,2020,viikko,2021-01-28 10:04:21
Vasta-ainetesti,Keski-Suomi,1,49,2020,viikko,2021-01-28 10:04:21
Vasta-ainetesti,Pirkanmaa,6,49,2020,viikko,2021-01-28 10:04:21
Vasta-ainetesti,Pohjanmaa,2,49,2020,viikko,2021-01-28 10:04:21
Vasta-ainetesti,Pohjois-Pohjanmaa,3,49,2020,viikko,2021-01-28 10:04:21
Vasta-ainetesti,Päijät-Häme,2,49,2020,viikko,2021-01-28 10:04:21
Vasta-ainetesti,Satakunta,4,49,2020,viikko,2021-01-28 10:04:21
Vasta-ainetesti,Uusimaa,12,49,2020,viikko,2021-01-28 10:04:21
Vasta-ainetesti,Varsinais-Suomi,4,49,2020,viikko,2021-01-28 10:04:21
Antigeenitutkimus,Koko Suomi,62,48,2020,viikko,2021-01-28 10:04:21
Antigeenitutkimus,Etelä-Pohjanmaa,1,48,2020,viikko,2021-01-28 10:04:21
Antigeenitutkimus,Keski-Suomi,3,48,2020,viikko,2021-01-28 10:04:21
Antigeenitutkimus,Lappi,2,48,2020,viikko,2021-01-28 10:04:21
Antigeenitutkimus,Pirkanmaa,8,48,2020,viikko,2021-01-28 10:04:21
Antigeenitutkimus,Pohjois-Pohjanmaa,13,48,2020,viikko,2021-01-28 10:04:21
Antigeenitutkimus,Pohjois-Savo,3,48,2020,viikko,2021-01-28 10:04:21
Antigeenitutkimus,Päijät-Häme,3,48,2020,viikko,2021-01-28 10:04:21
Antigeenitutkimus,Satakunta,2,48,2020,viikko,2021-01-28 10:04:21
Antigeenitutkimus,Uusimaa,20,48,2020,viikko,2021-01-28 10:04:21
Antigeenitutkimus,Varsinais-Suomi,7,48,2020,viikko,2021-01-28 10:04:21
Nukleiinihappotutkimus,Koko Suomi,1770,48,2020,viikko,2021-01-28 10:04:21
Nukleiinihappotutkimus,Etelä-Karjala,12,48,2020,viikko,2021-01-28 10:04:21
Nukleiinihappotutkimus,Etelä-Pohjanmaa,3,48,2020,viikko,2021-01-28 10:04:21
Nukleiinihappotutkimus,Etelä-Savo,5,48,2020,viikko,2021-01-28 10:04:21
Nukleiinihappotutkimus,Kainuu,2,48,2020,viikko,2021-01-28 10:04:21
Nukleiinihappotutkimus,Kanta-Häme,43,48,2020,viikko,2021-01-28 10:04:21
Nukleiinihappotutkimus,Keski-Suomi,25,48,2020,viikko,2021-01-28 10:04:21
Nukleiinihappotutkimus,Kymenlaakso,11,48,2020,viikko,2021-01-28 10:04:21
Nukleiinihappotutkimus,Lappi,8,48,2020,viikko,2021-01-28 10:04:21
Nukleiinihappotutkimus,Pirkanmaa,121,48,2020,viikko,2021-01-28 10:04:21
Nukleiinihappotutkimus,Pohjanmaa,6,48,2020,viikko,2021-01-28 10:04:21
Nukleiinihappotutkimus,Pohjois-Karjala,1,48,2020,viikko,2021-01-28 10:04:21
Nukleiinihappotutkimus,Pohjois-Pohjanmaa,133,48,2020,viikko,2021-01-28 10:04:21
Nukleiinihappotutkimus,Pohjois-Savo,19,48,2020,viikko,2021-01-28 10:04:21
Nukleiinihappotutkimus,Päijät-Häme,25,48,2020,viikko,2021-01-28 10:04:21
Nukleiinihappotutkimus,Satakunta,40,48,2020,viikko,2021-01-28 10:04:21
Nukleiinihappotutkimus,Uusimaa,1112,48,2020,viikko,2021-01-28 10:04:21
Nukleiinihappotutkimus,Varsinais-Suomi,188,48,2020,viikko,2021-01-28 10:04:21
Vasta-ainetesti,Koko Suomi,33,48,2020,viikko,2021-01-28 10:04:21
Vasta-ainetesti,Etelä-Savo,1,48,2020,viikko,2021-01-28 10:04:21
Vasta-ainetesti,Kymenlaakso,1,48,2020,viikko,2021-01-28 10:04:21
Vasta-ainetesti,Pirkanmaa,5,48,2020,viikko,2021-01-28 10:04:21
Vasta-ainetesti,Pohjois-Karjala,1,48,2020,viikko,2021-01-28 10:04:21
Vasta-ainetesti,Pohjois-Pohjanmaa,3,48,2020,viikko,2021-01-28 10:04:21
Vasta-ainetesti,Satakunta,2,48,2020,viikko,2021-01-28 10:04:21
Vasta-ainetesti,Uusimaa,15,48,2020,viikko,2021-01-28 10:04:21
Vasta-ainetesti,Varsinais-Suomi,2,48,2020,viikko,2021-01-28 10:04:21
Antigeenitutkimus,Koko Suomi,106,47,2020,viikko,2021-01-28 10:04:21
Antigeenitutkimus,Etelä-Pohjanmaa,3,47,2020,viikko,2021-01-28 10:04:21
Antigeenitutkimus,Etelä-Savo,1,47,2020,viikko,2021-01-28 10:04:21
Antigeenitutkimus,Kanta-Häme,1,47,2020,viikko,2021-01-28 10:04:21
Antigeenitutkimus,Keski-Suomi,4,47,2020,viikko,2021-01-28 10:04:21
Antigeenitutkimus,Lappi,8,47,2020,viikko,2021-01-28 10:04:21
Antigeenitutkimus,Pirkanmaa,8,47,2020,viikko,2021-01-28 10:04:21
Antigeenitutkimus,Pohjanmaa,1,47,2020,viikko,2021-01-28 10:04:21
Antigeenitutkimus,Pohjois-Pohjanmaa,9,47,2020,viikko,2021-01-28 10:04:21
Antigeenitutkimus,Pohjois-Savo,2,47,2020,viikko,2021-01-28 10:04:21
Antigeenitutkimus,Päijät-Häme,3,47,2020,viikko,2021-01-28 10:04:21
Antigeenitutkimus,Uusimaa,37,47,2020,viikko,2021-01-28 10:04:21
Antigeenitutkimus,Varsinais-Suomi,26,47,2020,viikko,2021-01-28 10:04:21
Nukleiinihappotutkimus,Koko Suomi,2005,47,2020,viikko,2021-01-28 10:04:21
Nukleiinihappotutkimus,Etelä-Karjala,7,47,2020,viikko,2021-01-28 10:04:21
Nukleiinihappotutkimus,Etelä-Pohjanmaa,14,47,2020,viikko,2021-01-28 10:04:21
Nukleiinihappotutkimus,Etelä-Savo,9,47,2020,viikko,2021-01-28 10:04:21
Nukleiinihappotutkimus,Kanta-Häme,78,47,2020,viikko,2021-01-28 10:04:21
Nukleiinihappotutkimus,Keski-Pohjanmaa,1,47,2020,viikko,2021-01-28 10:04:21
Nukleiinihappotutkimus,Keski-Suomi,69,47,2020,viikko,2021-01-28 10:04:21
Nukleiinihappotutkimus,Kymenlaakso,48,47,2020,viikko,2021-01-28 10:04:21
Nukleiinihappotutkimus,Lappi,21,47,2020,viikko,2021-01-28 10:04:21
Nukleiinihappotutkimus,Pirkanmaa,190,47,2020,viikko,2021-01-28 10:04:21
Nukleiinihappotutkimus,Pohjanmaa,52,47,2020,viikko,2021-01-28 10:04:21
Nukleiinihappotutkimus,Pohjois-Karjala,10,47,2020,viikko,2021-01-28 10:04:21
Nukleiinihappotutkimus,Pohjois-Pohjanmaa,105,47,2020,viikko,2021-01-28 10:04:21
Nukleiinihappotutkimus,Pohjois-Savo,41,47,2020,viikko,2021-01-28 10:04:21
Nukleiinihappotutkimus,Päijät-Häme,77,47,2020,viikko,2021-01-28 10:04:21
Nukleiinihappotutkimus,Satakunta,20,47,2020,viikko,2021-01-28 10:04:21
Nukleiinihappotutkimus,Uusimaa,1056,47,2020,viikko,2021-01-28 10:04:21
Nukleiinihappotutkimus,Varsinais-Suomi,194,47,2020,viikko,2021-01-28 10:04:21
Vasta-ainetesti,Koko Suomi,48,47,2020,viikko,2021-01-28 10:04:21
Vasta-ainetesti,Etelä-Karjala,1,47,2020,viikko,2021-01-28 10:04:21
Vasta-ainetesti,Kanta-Häme,1,47,2020,viikko,2021-01-28 10:04:21
Vasta-ainetesti,Keski-Suomi,1,47,2020,viikko,2021-01-28 10:04:21
Vasta-ainetesti,Lappi,1,47,2020,viikko,2021-01-28 10:04:21
Vasta-ainetesti,Pohjois-Karjala,1,47,2020,viikko,2021-01-28 10:04:21
Vasta-ainetesti,Pohjois-Pohjanmaa,3,47,2020,viikko,2021-01-28 10:04:21
Vasta-ainetesti,Päijät-Häme,3,47,2020,viikko,2021-01-28 10:04:21
Vasta-ainetesti,Uusimaa,36,47,2020,viikko,2021-01-28 10:04:21
Vasta-ainetesti,Varsinais-Suomi,1,47,2020,viikko,2021-01-28 10:04:21
Antigeenitutkimus,Koko Suomi,114,46,2020,viikko,2021-01-28 10:04:21
Antigeenitutkimus,Etelä-Pohjanmaa,1,46,2020,viikko,2021-01-28 10:04:21
Antigeenitutkimus,Kanta-Häme,1,46,2020,viikko,2021-01-28 10:04:21
Antigeenitutkimus,Keski-Suomi,10,46,2020,viikko,2021-01-28 10:04:21
Antigeenitutkimus,Pirkanmaa,13,46,2020,viikko,2021-01-28 10:04:21
Antigeenitutkimus,Pohjois-Karjala,1,46,2020,viikko,2021-01-28 10:04:21
Antigeenitutkimus,Pohjois-Pohjanmaa,11,46,2020,viikko,2021-01-28 10:04:21
Antigeenitutkimus,Päijät-Häme,1,46,2020,viikko,2021-01-28 10:04:21
Antigeenitutkimus,Satakunta,1,46,2020,viikko,2021-01-28 10:04:21
Antigeenitutkimus,Uusimaa,33,46,2020,viikko,2021-01-28 10:04:21
Antigeenitutkimus,Varsinais-Suomi,39,46,2020,viikko,2021-01-28 10:04:21
Nukleiinihappotutkimus,Koko Suomi,1797,46,2020,viikko,2021-01-28 10:04:21
Nukleiinihappotutkimus,Etelä-Karjala,11,46,2020,viikko,2021-01-28 10:04:21
Nukleiinihappotutkimus,Etelä-Pohjanmaa,28,46,2020,viikko,2021-01-28 10:04:21
Nukleiinihappotutkimus,Kainuu,4,46,2020,viikko,2021-01-28 10:04:21
Nukleiinihappotutkimus,Kanta-Häme,29,46,2020,viikko,2021-01-28 10:04:21
Nukleiinihappotutkimus,Keski-Pohjanmaa,3,46,2020,viikko,2021-01-28 10:04:21
Nukleiinihappotutkimus,Keski-Suomi,68,46,2020,viikko,2021-01-28 10:04:21
Nukleiinihappotutkimus,Kymenlaakso,65,46,2020,viikko,2021-01-28 10:04:21
Nukleiinihappotutkimus,Lappi,35,46,2020,viikko,2021-01-28 10:04:21
Nukleiinihappotutkimus,Pirkanmaa,252,46,2020,viikko,2021-01-28 10:04:21
Nukleiinihappotutkimus,Pohjanmaa,6,46,2020,viikko,2021-01-28 10:04:21
Nukleiinihappotutkimus,Pohjois-Karjala,25,46,2020,viikko,2021-01-28 10:04:21
Nukleiinihappotutkimus,Pohjois-Pohjanmaa,86,46,2020,viikko,2021-01-28 10:04:21
Nukleiinihappotutkimus,Pohjois-Savo,23,46,2020,viikko,2021-01-28 10:04:21
Nukleiinihappotutkimus,Päijät-Häme,15,46,2020,viikko,2021-01-28 10:04:21
Nukleiinihappotutkimus,Satakunta,70,46,2020,viikko,2021-01-28 10:04:21
Nukleiinihappotutkimus,Uusimaa,801,46,2020,viikko,2021-01-28 10:04:21
Nukleiinihappotutkimus,Varsinais-Suomi,268,46,2020,viikko,2021-01-28 10:04:21
Vasta-ainetesti,Koko Suomi,39,46,2020,viikko,2021-01-28 10:04:21
Vasta-ainetesti,Etelä-Pohjanmaa,1,46,2020,viikko,2021-01-28 10:04:21
Vasta-ainetesti,Kanta-Häme,2,46,2020,viikko,2021-01-28 10:04:21
Vasta-ainetesti,Keski-Suomi,1,46,2020,viikko,2021-01-28 10:04:21
Vasta-ainetesti,Kymenlaakso,1,46,2020,viikko,2021-01-28 10:04:21
Vasta-ainetesti,Lappi,1,46,2020,viikko,2021-01-28 10:04:21
Vasta-ainetesti,Pirkanmaa,4,46,2020,viikko,2021-01-28 10:04:21
Vasta-ainetesti,Pohjois-Pohjanmaa,2,46,2020,viikko,2021-01-28 10:04:21
Vasta-ainetesti,Satakunta,1,46,2020,viikko,2021-01-28 10:04:21
Vasta-ainetesti,Uusimaa,22,46,2020,viikko,2021-01-28 10:04:21
Vasta-ainetesti,Varsinais-Suomi,4,46,2020,viikko,2021-01-28 10:04:21
Antigeenitutkimus,Koko Suomi,162,45,2020,viikko,2021-01-28 10:04:21
Antigeenitutkimus,Etelä-Pohjanmaa,2,45,2020,viikko,2021-01-28 10:04:21
Antigeenitutkimus,Kanta-Häme,1,45,2020,viikko,2021-01-28 10:04:21
Antigeenitutkimus,Keski-Suomi,7,45,2020,viikko,2021-01-28 10:04:21
Antigeenitutkimus,Lappi,6,45,2020,viikko,2021-01-28 10:04:21
Antigeenitutkimus,Pirkanmaa,13,45,2020,viikko,2021-01-28 10:04:21
Antigeenitutkimus,Pohjanmaa,1,45,2020,viikko,2021-01-28 10:04:21
Antigeenitutkimus,Pohjois-Pohjanmaa,10,45,2020,viikko,2021-01-28 10:04:21
Antigeenitutkimus,Päijät-Häme,11,45,2020,viikko,2021-01-28 10:04:21
Antigeenitutkimus,Satakunta,3,45,2020,viikko,2021-01-28 10:04:21
Antigeenitutkimus,Uusimaa,70,45,2020,viikko,2021-01-28 10:04:21
Antigeenitutkimus,Varsinais-Suomi,38,45,2020,viikko,2021-01-28 10:04:21
Nukleiinihappotutkimus,Koko Suomi,3150,45,2020,viikko,2021-01-28 10:04:21
Nukleiinihappotutkimus,Etelä-Karjala,11,45,2020,viikko,2021-01-28 10:04:21
Nukleiinihappotutkimus,Etelä-Pohjanmaa,19,45,2020,viikko,2021-01-28 10:04:21
Nukleiinihappotutkimus,Etelä-Savo,6,45,2020,viikko,2021-01-28 10:04:21
Nukleiinihappotutkimus,Kainuu,1,45,2020,viikko,2021-01-28 10:04:21
Nukleiinihappotutkimus,Kanta-Häme,69,45,2020,viikko,2021-01-28 10:04:21
Nukleiinihappotutkimus,Keski-Pohjanmaa,7,45,2020,viikko,2021-01-28 10:04:21
Nukleiinihappotutkimus,Keski-Suomi,59,45,2020,viikko,2021-01-28 10:04:21
Nukleiinihappotutkimus,Kymenlaakso,43,45,2020,viikko,2021-01-28 10:04:21
Nukleiinihappotutkimus,Lappi,13,45,2020,viikko,2021-01-28 10:04:21
Nukleiinihappotutkimus,Pirkanmaa,268,45,2020,viikko,2021-01-28 10:04:21
Nukleiinihappotutkimus,Pohjanmaa,30,45,2020,viikko,2021-01-28 10:04:21
Nukleiinihappotutkimus,Pohjois-Karjala,19,45,2020,viikko,2021-01-28 10:04:21
Nukleiinihappotutkimus,Pohjois-Pohjanmaa,83,45,2020,viikko,2021-01-28 10:04:21
Nukleiinihappotutkimus,Pohjois-Savo,49,45,2020,viikko,2021-01-28 10:04:21
Nukleiinihappotutkimus,Päijät-Häme,58,45,2020,viikko,2021-01-28 10:04:21
Nukleiinihappotutkimus,Satakunta,25,45,2020,viikko,2021-01-28 10:04:21
Nukleiinihappotutkimus,Uusimaa,1925,45,2020,viikko,2021-01-28 10:04:21
Nukleiinihappotutkimus,Varsinais-Suomi,445,45,2020,viikko,2021-01-28 10:04:21
Vasta-ainetesti,Koko Suomi,67,45,2020,viikko,2021-01-28 10:04:21
Vasta-ainetesti,Etelä-Karjala,1,45,2020,viikko,2021-01-28 10:04:21
Vasta-ainetesti,Etelä-Savo,3,45,2020,viikko,2021-01-28 10:04:21
Vasta-ainetesti,Kanta-Häme,1,45,2020,viikko,2021-01-28 10:04:21
Vasta-ainetesti,Keski-Pohjanmaa,1,45,2020,viikko,2021-01-28 10:04:21
Vasta-ainetesti,Keski-Suomi,3,45,2020,viikko,2021-01-28 10:04:21
Vasta-ainetesti,Lappi,3,45,2020,viikko,2021-01-28 10:04:21
Vasta-ainetesti,Pirkanmaa,2,45,2020,viikko,2021-01-28 10:04:21
Vasta-ainetesti,Pohjois-Pohjanmaa,2,45,2020,viikko,2021-01-28 10:04:21
Vasta-ainetesti,Pohjois-Savo,2,45,2020,viikko,2021-01-28 10:04:21
Vasta-ainetesti,Päijät-Häme,2,45,2020,viikko,2021-01-28 10:04:21
Vasta-ainetesti,Satakunta,1,45,2020,viikko,2021-01-28 10:04:21
Vasta-ainetesti,Uusimaa,39,45,2020,viikko,2021-01-28 10:04:21
Vasta-ainetesti,Varsinais-Suomi,5,45,2020,viikko,2021-01-28 10:04:21
Antigeenitutkimus,Koko Suomi,80,44,2020,viikko,2021-01-28 10:04:21
Antigeenitutkimus,Etelä-Pohjanmaa,4,44,2020,viikko,2021-01-28 10:04:21
Antigeenitutkimus,Kainuu,1,44,2020,viikko,2021-01-28 10:04:21
Antigeenitutkimus,Kanta-Häme,2,44,2020,viikko,2021-01-28 10:04:21
Antigeenitutkimus,Keski-Suomi,9,44,2020,viikko,2021-01-28 10:04:21
Antigeenitutkimus,Lappi,4,44,2020,viikko,2021-01-28 10:04:21
Antigeenitutkimus,Pirkanmaa,10,44,2020,viikko,2021-01-28 10:04:21
Antigeenitutkimus,Pohjanmaa,1,44,2020,viikko,2021-01-28 10:04:21
Antigeenitutkimus,Pohjois-Pohjanmaa,15,44,2020,viikko,2021-01-28 10:04:21
Antigeenitutkimus,Satakunta,1,44,2020,viikko,2021-01-28 10:04:21
Antigeenitutkimus,Uusimaa,11,44,2020,viikko,2021-01-28 10:04:21
Antigeenitutkimus,Varsinais-Suomi,22,44,2020,viikko,2021-01-28 10:04:21
Nukleiinihappotutkimus,Koko Suomi,2870,44,2020,viikko,2021-01-28 10:04:21
Nukleiinihappotutkimus,Etelä-Karjala,9,44,2020,viikko,2021-01-28 10:04:21
Nukleiinihappotutkimus,Etelä-Pohjanmaa,48,44,2020,viikko,2021-01-28 10:04:21
Nukleiinihappotutkimus,Etelä-Savo,11,44,2020,viikko,2021-01-28 10:04:21
Nukleiinihappotutkimus,Kainuu,2,44,2020,viikko,2021-01-28 10:04:21
Nukleiinihappotutkimus,Kanta-Häme,56,44,2020,viikko,2021-01-28 10:04:21
Nukleiinihappotutkimus,Keski-Pohjanmaa,3,44,2020,viikko,2021-01-28 10:04:21
Nukleiinihappotutkimus,Keski-Suomi,62,44,2020,viikko,2021-01-28 10:04:21
Nukleiinihappotutkimus,Kymenlaakso,31,44,2020,viikko,2021-01-28 10:04:21
Nukleiinihappotutkimus,Lappi,15,44,2020,viikko,2021-01-28 10:04:21
Nukleiinihappotutkimus,Pirkanmaa,224,44,2020,viikko,2021-01-28 10:04:21
Nukleiinihappotutkimus,Pohjanmaa,27,44,2020,viikko,2021-01-28 10:04:21
Nukleiinihappotutkimus,Pohjois-Karjala,36,44,2020,viikko,2021-01-28 10:04:21
Nukleiinihappotutkimus,Pohjois-Pohjanmaa,159,44,2020,viikko,2021-01-28 10:04:21
Nukleiinihappotutkimus,Pohjois-Savo,34,44,2020,viikko,2021-01-28 10:04:21
Nukleiinihappotutkimus,Päijät-Häme,31,44,2020,viikko,2021-01-28 10:04:21
Nukleiinihappotutkimus,Satakunta,38,44,2020,viikko,2021-01-28 10:04:21
Nukleiinihappotutkimus,Uusimaa,1852,44,2020,viikko,2021-01-28 10:04:21
Nukleiinihappotutkimus,Varsinais-Suomi,207,44,2020,viikko,2021-01-28 10:04:21
Vasta-ainetesti,Koko Suomi,62,44,2020,viikko,2021-01-28 10:04:21
Vasta-ainetesti,Keski-Suomi,3,44,2020,viikko,2021-01-28 10:04:21
Vasta-ainetesti,Kymenlaakso,1,44,2020,viikko,2021-01-28 10:04:21
Vasta-ainetesti,Pirkanmaa,2,44,2020,viikko,2021-01-28 10:04:21
Vasta-ainetesti,Pohjois-Karjala,3,44,2020,viikko,2021-01-28 10:04:21
Vasta-ainetesti,Pohjois-Pohjanmaa,1,44,2020,viikko,2021-01-28 10:04:21
Vasta-ainetesti,Pohjois-Savo,1,44,2020,viikko,2021-01-28 10:04:21
Vasta-ainetesti,Satakunta,1,44,2020,viikko,2021-01-28 10:04:21
Vasta-ainetesti,Uusimaa,41,44,2020,viikko,2021-01-28 10:04:21
Vasta-ainetesti,Varsinais-Suomi,9,44,2020,viikko,2021-01-28 10:04:21
Antigeenitutkimus,Koko Suomi,155,43,2020,viikko,2021-01-28 10:04:21
Antigeenitutkimus,Etelä-Karjala,1,43,2020,viikko,2021-01-28 10:04:21
Antigeenitutkimus,Kanta-Häme,3,43,2020,viikko,2021-01-28 10:04:21
Antigeenitutkimus,Keski-Suomi,20,43,2020,viikko,2021-01-28 10:04:21
Antigeenitutkimus,Lappi,3,43,2020,viikko,2021-01-28 10:04:21
Antigeenitutkimus,Pirkanmaa,12,43,2020,viikko,2021-01-28 10:04:21
Antigeenitutkimus,Pohjois-Pohjanmaa,25,43,2020,viikko,2021-01-28 10:04:21
Antigeenitutkimus,Satakunta,2,43,2020,viikko,2021-01-28 10:04:21
Antigeenitutkimus,Uusimaa,37,43,2020,viikko,2021-01-28 10:04:21
Antigeenitutkimus,Varsinais-Suomi,52,43,2020,viikko,2021-01-28 10:04:21
Nukleiinihappotutkimus,Koko Suomi,2588,43,2020,viikko,2021-01-28 10:04:21
Nukleiinihappotutkimus,Etelä-Karjala,9,43,2020,viikko,2021-01-28 10:04:21
Nukleiinihappotutkimus,Etelä-Pohjanmaa,22,43,2020,viikko,2021-01-28 10:04:21
Nukleiinihappotutkimus,Etelä-Savo,7,43,2020,viikko,2021-01-28 10:04:21
Nukleiinihappotutkimus,Kainuu,8,43,2020,viikko,2021-01-28 10:04:21
Nukleiinihappotutkimus,Kanta-Häme,61,43,2020,viikko,2021-01-28 10:04:21
Nukleiinihappotutkimus,Keski-Pohjanmaa,1,43,2020,viikko,2021-01-28 10:04:21
Nukleiinihappotutkimus,Keski-Suomi,148,43,2020,viikko,2021-01-28 10:04:21
Nukleiinihappotutkimus,Kymenlaakso,48,43,2020,viikko,2021-01-28 10:04:21
Nukleiinihappotutkimus,Lappi,25,43,2020,viikko,2021-01-28 10:04:21
Nukleiinihappotutkimus,Pirkanmaa,425,43,2020,viikko,2021-01-28 10:04:21
Nukleiinihappotutkimus,Pohjanmaa,20,43,2020,viikko,2021-01-28 10:04:21
Nukleiinihappotutkimus,Pohjois-Karjala,24,43,2020,viikko,2021-01-28 10:04:21
Nukleiinihappotutkimus,Pohjois-Pohjanmaa,125,43,2020,viikko,2021-01-28 10:04:21
Nukleiinihappotutkimus,Pohjois-Savo,89,43,2020,viikko,2021-01-28 10:04:21
Nukleiinihappotutkimus,Päijät-Häme,20,43,2020,viikko,2021-01-28 10:04:21
Nukleiinihappotutkimus,Satakunta,60,43,2020,viikko,2021-01-28 10:04:21
Nukleiinihappotutkimus,Uusimaa,1177,43,2020,viikko,2021-01-28 10:04:21
Nukleiinihappotutkimus,Varsinais-Suomi,301,43,2020,viikko,2021-01-28 10:04:21
Vasta-ainetesti,Koko Suomi,58,43,2020,viikko,2021-01-28 10:04:21
Vasta-ainetesti,Etelä-Karjala,3,43,2020,viikko,2021-01-28 10:04:21
Vasta-ainetesti,Etelä-Savo,1,43,2020,viikko,2021-01-28 10:04:21
Vasta-ainetesti,Kanta-Häme,3,43,2020,viikko,2021-01-28 10:04:21
Vasta-ainetesti,Keski-Suomi,2,43,2020,viikko,2021-01-28 10:04:21
Vasta-ainetesti,Lappi,1,43,2020,viikko,2021-01-28 10:04:21
Vasta-ainetesti,Pirkanmaa,7,43,2020,viikko,2021-01-28 10:04:21
Vasta-ainetesti,Pohjanmaa,1,43,2020,viikko,2021-01-28 10:04:21
Vasta-ainetesti,Pohjois-Karjala,1,43,2020,viikko,2021-01-28 10:04:21
Vasta-ainetesti,Pohjois-Pohjanmaa,1,43,2020,viikko,2021-01-28 10:04:21
Vasta-ainetesti,Pohjois-Savo,1,43,2020,viikko,2021-01-28 10:04:21
Vasta-ainetesti,Satakunta,1,43,2020,viikko,2021-01-28 10:04:21
Vasta-ainetesti,Uusimaa,32,43,2020,viikko,2021-01-28 10:04:21
Vasta-ainetesti,Varsinais-Suomi,3,43,2020,viikko,2021-01-28 10:04:21
Antigeenitutkimus,Koko Suomi,110,42,2020,viikko,2021-01-28 10:04:21
Antigeenitutkimus,Kanta-Häme,2,42,2020,viikko,2021-01-28 10:04:21
Antigeenitutkimus,Lappi,3,42,2020,viikko,2021-01-28 10:04:21
Antigeenitutkimus,Pirkanmaa,9,42,2020,viikko,2021-01-28 10:04:21
Antigeenitutkimus,Pohjanmaa,2,42,2020,viikko,2021-01-28 10:04:21
Antigeenitutkimus,Pohjois-Pohjanmaa,17,42,2020,viikko,2021-01-28 10:04:21
Antigeenitutkimus,Pohjois-Savo,1,42,2020,viikko,2021-01-28 10:04:21
Antigeenitutkimus,Päijät-Häme,3,42,2020,viikko,2021-01-28 10:04:21
Antigeenitutkimus,Satakunta,1,42,2020,viikko,2021-01-28 10:04:21
Antigeenitutkimus,Uusimaa,51,42,2020,viikko,2021-01-28 10:04:21
Antigeenitutkimus,Varsinais-Suomi,19,42,2020,viikko,2021-01-28 10:04:21
Nukleiinihappotutkimus,Koko Suomi,2362,42,2020,viikko,2021-01-28 10:04:21
Nukleiinihappotutkimus,Etelä-Karjala,11,42,2020,viikko,2021-01-28 10:04:21
Nukleiinihappotutkimus,Etelä-Pohjanmaa,3,42,2020,viikko,2021-01-28 10:04:21
Nukleiinihappotutkimus,Etelä-Savo,4,42,2020,viikko,2021-01-28 10:04:21
Nukleiinihappotutkimus,Kanta-Häme,99,42,2020,viikko,2021-01-28 10:04:21
Nukleiinihappotutkimus,Keski-Pohjanmaa,1,42,2020,viikko,2021-01-28 10:04:21
Nukleiinihappotutkimus,Keski-Suomi,36,42,2020,viikko,2021-01-28 10:04:21
Nukleiinihappotutkimus,Kymenlaakso,26,42,2020,viikko,2021-01-28 10:04:21
Nukleiinihappotutkimus,Lappi,10,42,2020,viikko,2021-01-28 10:04:21
Nukleiinihappotutkimus,Pirkanmaa,254,42,2020,viikko,2021-01-28 10:04:21
Nukleiinihappotutkimus,Pohjanmaa,25,42,2020,viikko,2021-01-28 10:04:21
Nukleiinihappotutkimus,Pohjois-Karjala,25,42,2020,viikko,2021-01-28 10:04:21
Nukleiinihappotutkimus,Pohjois-Pohjanmaa,175,42,2020,viikko,2021-01-28 10:04:21
Nukleiinihappotutkimus,Pohjois-Savo,6,42,2020,viikko,2021-01-28 10:04:21
Nukleiinihappotutkimus,Päijät-Häme,97,42,2020,viikko,2021-01-28 10:04:21
Nukleiinihappotutkimus,Satakunta,69,42,2020,viikko,2021-01-28 10:04:21
Nukleiinihappotutkimus,Uusimaa,1193,42,2020,viikko,2021-01-28 10:04:21
Nukleiinihappotutkimus,Varsinais-Suomi,313,42,2020,viikko,2021-01-28 10:04:21
Vasta-ainetesti,Koko Suomi,64,42,2020,viikko,2021-01-28 10:04:21
Vasta-ainetesti,Keski-Suomi,1,42,2020,viikko,2021-01-28 10:04:21
Vasta-ainetesti,Kymenlaakso,2,42,2020,viikko,2021-01-28 10:04:21
Vasta-ainetesti,Pirkanmaa,4,42,2020,viikko,2021-01-28 10:04:21
Vasta-ainetesti,Pohjanmaa,1,42,2020,viikko,2021-01-28 10:04:21
Vasta-ainetesti,Pohjois-Pohjanmaa,1,42,2020,viikko,2021-01-28 10:04:21
Vasta-ainetesti,Pohjois-Savo,1,42,2020,viikko,2021-01-28 10:04:21
Vasta-ainetesti,Päijät-Häme,2,42,2020,viikko,2021-01-28 10:04:21
Vasta-ainetesti,Satakunta,2,42,2020,viikko,2021-01-28 10:04:21
Vasta-ainetesti,Uusimaa,42,42,2020,viikko,2021-01-28 10:04:21
Vasta-ainetesti,Varsinais-Suomi,8,42,2020,viikko,2021-01-28 10:04:21
Antigeenitutkimus,Koko Suomi,110,41,2020,viikko,2021-01-28 10:04:21
Antigeenitutkimus,Kanta-Häme,2,41,2020,viikko,2021-01-28 10:04:21
Antigeenitutkimus,Keski-Suomi,16,41,2020,viikko,2021-01-28 10:04:21
Antigeenitutkimus,Lappi,5,41,2020,viikko,2021-01-28 10:04:21
Antigeenitutkimus,Pirkanmaa,8,41,2020,viikko,2021-01-28 10:04:21
Antigeenitutkimus,Pohjanmaa,1,41,2020,viikko,2021-01-28 10:04:21
Antigeenitutkimus,Pohjois-Pohjanmaa,16,41,2020,viikko,2021-01-28 10:04:21
Antigeenitutkimus,Päijät-Häme,2,41,2020,viikko,2021-01-28 10:04:21
Antigeenitutkimus,Satakunta,3,41,2020,viikko,2021-01-28 10:04:21
Antigeenitutkimus,Uusimaa,42,41,2020,viikko,2021-01-28 10:04:21
Antigeenitutkimus,Varsinais-Suomi,15,41,2020,viikko,2021-01-28 10:04:21
Nukleiinihappotutkimus,Koko Suomi,6977,41,2020,viikko,2021-01-28 10:04:21
Nukleiinihappotutkimus,Etelä-Karjala,35,41,2020,viikko,2021-01-28 10:04:21
Nukleiinihappotutkimus,Etelä-Pohjanmaa,7,41,2020,viikko,2021-01-28 10:04:21
Nukleiinihappotutkimus,Etelä-Savo,5,41,2020,viikko,2021-01-28 10:04:21
Nukleiinihappotutkimus,Kainuu,9,41,2020,viikko,2021-01-28 10:04:21
Nukleiinihappotutkimus,Kanta-Häme,92,41,2020,viikko,2021-01-28 10:04:21
Nukleiinihappotutkimus,Keski-Pohjanmaa,4,41,2020,viikko,2021-01-28 10:04:21
Nukleiinihappotutkimus,Keski-Suomi,167,41,2020,viikko,2021-01-28 10:04:21
Nukleiinihappotutkimus,Kymenlaakso,101,41,2020,viikko,2021-01-28 10:04:21
Nukleiinihappotutkimus,Lappi,59,41,2020,viikko,2021-01-28 10:04:21
Nukleiinihappotutkimus,Pirkanmaa,579,41,2020,viikko,2021-01-28 10:04:21
Nukleiinihappotutkimus,Pohjanmaa,49,41,2020,viikko,2021-01-28 10:04:21
Nukleiinihappotutkimus,Pohjois-Karjala,32,41,2020,viikko,2021-01-28 10:04:21
Nukleiinihappotutkimus,Pohjois-Pohjanmaa,192,41,2020,viikko,2021-01-28 10:04:21
Nukleiinihappotutkimus,Pohjois-Savo,49,41,2020,viikko,2021-01-28 10:04:21
Nukleiinihappotutkimus,Päijät-Häme,125,41,2020,viikko,2021-01-28 10:04:21
Nukleiinihappotutkimus,Satakunta,57,41,2020,viikko,2021-01-28 10:04:21
Nukleiinihappotutkimus,Uusimaa,4547,41,2020,viikko,2021-01-28 10:04:21
Nukleiinihappotutkimus,Varsinais-Suomi,813,41,2020,viikko,2021-01-28 10:04:21
Vasta-ainetesti,Koko Suomi,74,41,2020,viikko,2021-01-28 10:04:21
Vasta-ainetesti,Etelä-Karjala,1,41,2020,viikko,2021-01-28 10:04:21
Vasta-ainetesti,Etelä-Pohjanmaa,1,41,2020,viikko,2021-01-28 10:04:21
Vasta-ainetesti,Etelä-Savo,1,41,2020,viikko,2021-01-28 10:04:21
Vasta-ainetesti,Kanta-Häme,2,41,2020,viikko,2021-01-28 10:04:21
Vasta-ainetesti,Keski-Pohjanmaa,1,41,2020,viikko,2021-01-28 10:04:21
Vasta-ainetesti,Keski-Suomi,3,41,2020,viikko,2021-01-28 10:04:21
Vasta-ainetesti,Lappi,1,41,2020,viikko,2021-01-28 10:04:21
Vasta-ainetesti,Pirkanmaa,8,41,2020,viikko,2021-01-28 10:04:21
Vasta-ainetesti,Pohjois-Karjala,1,41,2020,viikko,2021-01-28 10:04:21
Vasta-ainetesti,Pohjois-Pohjanmaa,4,41,2020,viikko,2021-01-28 10:04:21
Vasta-ainetesti,Päijät-Häme,3,41,2020,viikko,2021-01-28 10:04:21
Vasta-ainetesti,Satakunta,2,41,2020,viikko,2021-01-28 10:04:21
Vasta-ainetesti,Uusimaa,42,41,2020,viikko,2021-01-28 10:04:21
Vasta-ainetesti,Varsinais-Suomi,2,41,2020,viikko,2021-01-28 10:04:21
Antigeenitutkimus,Koko Suomi,66,40,2020,viikko,2021-01-28 10:04:21
Antigeenitutkimus,Kanta-Häme,3,40,2020,viikko,2021-01-28 10:04:21
Antigeenitutkimus,Keski-Suomi,6,40,2020,viikko,2021-01-28 10:04:21
Antigeenitutkimus,Lappi,2,40,2020,viikko,2021-01-28 10:04:21
Antigeenitutkimus,Pirkanmaa,8,40,2020,viikko,2021-01-28 10:04:21
Antigeenitutkimus,Pohjois-Pohjanmaa,6,40,2020,viikko,2021-01-28 10:04:21
Antigeenitutkimus,Päijät-Häme,1,40,2020,viikko,2021-01-28 10:04:21
Antigeenitutkimus,Uusimaa,33,40,2020,viikko,2021-01-28 10:04:21
Antigeenitutkimus,Varsinais-Suomi,7,40,2020,viikko,2021-01-28 10:04:21
Nukleiinihappotutkimus,Koko Suomi,2856,40,2020,viikko,2021-01-28 10:04:21
Nukleiinihappotutkimus,Etelä-Karjala,11,40,2020,viikko,2021-01-28 10:04:21
Nukleiinihappotutkimus,Etelä-Pohjanmaa,11,40,2020,viikko,2021-01-28 10:04:21
Nukleiinihappotutkimus,Etelä-Savo,6,40,2020,viikko,2021-01-28 10:04:21
Nukleiinihappotutkimus,Kainuu,1,40,2020,viikko,2021-01-28 10:04:21
Nukleiinihappotutkimus,Kanta-Häme,32,40,2020,viikko,2021-01-28 10:04:21
Nukleiinihappotutkimus,Keski-Suomi,120,40,2020,viikko,2021-01-28 10:04:21
Nukleiinihappotutkimus,Kymenlaakso,42,40,2020,viikko,2021-01-28 10:04:21
Nukleiinihappotutkimus,Lappi,39,40,2020,viikko,2021-01-28 10:04:21
Nukleiinihappotutkimus,Pirkanmaa,337,40,2020,viikko,2021-01-28 10:04:21
Nukleiinihappotutkimus,Pohjanmaa,8,40,2020,viikko,2021-01-28 10:04:21
Nukleiinihappotutkimus,Pohjois-Karjala,6,40,2020,viikko,2021-01-28 10:04:21
Nukleiinihappotutkimus,Pohjois-Pohjanmaa,150,40,2020,viikko,2021-01-28 10:04:21
Nukleiinihappotutkimus,Pohjois-Savo,51,40,2020,viikko,2021-01-28 10:04:21
Nukleiinihappotutkimus,Päijät-Häme,51,40,2020,viikko,2021-01-28 10:04:21
Nukleiinihappotutkimus,Satakunta,54,40,2020,viikko,2021-01-28 10:04:21
Nukleiinihappotutkimus,Uusimaa,1481,40,2020,viikko,2021-01-28 10:04:21
Nukleiinihappotutkimus,Varsinais-Suomi,442,40,2020,viikko,2021-01-28 10:04:21
Vasta-ainetesti,Koko Suomi,50,40,2020,viikko,2021-01-28 10:04:21
Vasta-ainetesti,Etelä-Karjala,1,40,2020,viikko,2021-01-28 10:04:21
Vasta-ainetesti,Etelä-Savo,1,40,2020,viikko,2021-01-28 10:04:21
Vasta-ainetesti,Kanta-Häme,3,40,2020,viikko,2021-01-28 10:04:21
Vasta-ainetesti,Keski-Suomi,3,40,2020,viikko,2021-01-28 10:04:21
Vasta-ainetesti,Pirkanmaa,3,40,2020,viikko,2021-01-28 10:04:21
Vasta-ainetesti,Pohjanmaa,3,40,2020,viikko,2021-01-28 10:04:21
Vasta-ainetesti,Pohjois-Pohjanmaa,1,40,2020,viikko,2021-01-28 10:04:21
Vasta-ainetesti,Pohjois-Savo,3,40,2020,viikko,2021-01-28 10:04:21
Vasta-ainetesti,Uusimaa,29,40,2020,viikko,2021-01-28 10:04:21
Vasta-ainetesti,Varsinais-Suomi,2,40,2020,viikko,2021-01-28 10:04:21
Antigeenitutkimus,Koko Suomi,2,39,2020,viikko,2021-01-28 10:04:21
Antigeenitutkimus,Varsinais-Suomi,2,39,2020,viikko,2021-01-28 10:04:21
Nukleiinihappotutkimus,Koko Suomi,4223,39,2020,viikko,2021-01-28 10:04:21
Nukleiinihappotutkimus,Etelä-Karjala,10,39,2020,viikko,2021-01-28 10:04:21
Nukleiinihappotutkimus,Etelä-Pohjanmaa,8,39,2020,viikko,2021-01-28 10:04:21
Nukleiinihappotutkimus,Etelä-Savo,7,39,2020,viikko,2021-01-28 10:04:21
Nukleiinihappotutkimus,Kainuu,2,39,2020,viikko,2021-01-28 10:04:21
Nukleiinihappotutkimus,Kanta-Häme,42,39,2020,viikko,2021-01-28 10:04:21
Nukleiinihappotutkimus,Keski-Pohjanmaa,4,39,2020,viikko,2021-01-28 10:04:21
Nukleiinihappotutkimus,Keski-Suomi,98,39,2020,viikko,2021-01-28 10:04:21
Nukleiinihappotutkimus,Kymenlaakso,69,39,2020,viikko,2021-01-28 10:04:21
Nukleiinihappotutkimus,Lappi,24,39,2020,viikko,2021-01-28 10:04:21
Nukleiinihappotutkimus,Pirkanmaa,470,39,2020,viikko,2021-01-28 10:04:21
Nukleiinihappotutkimus,Pohjanmaa,10,39,2020,viikko,2021-01-28 10:04:21
Nukleiinihappotutkimus,Pohjois-Karjala,20,39,2020,viikko,2021-01-28 10:04:21
Nukleiinihappotutkimus,Pohjois-Pohjanmaa,246,39,2020,viikko,2021-01-28 10:04:21
Nukleiinihappotutkimus,Pohjois-Savo,56,39,2020,viikko,2021-01-28 10:04:21
Nukleiinihappotutkimus,Päijät-Häme,119,39,2020,viikko,2021-01-28 10:04:21
Nukleiinihappotutkimus,Satakunta,51,39,2020,viikko,2021-01-28 10:04:21
Nukleiinihappotutkimus,Uusimaa,2387,39,2020,viikko,2021-01-28 10:04:21
Nukleiinihappotutkimus,Varsinais-Suomi,578,39,2020,viikko,2021-01-28 10:04:21
Vasta-ainetesti,Koko Suomi,65,39,2020,viikko,2021-01-28 10:04:21
Vasta-ainetesti,Keski-Suomi,3,39,2020,viikko,2021-01-28 10:04:21
Vasta-ainetesti,Kymenlaakso,2,39,2020,viikko,2021-01-28 10:04:21
Vasta-ainetesti,Pirkanmaa,2,39,2020,viikko,2021-01-28 10:04:21
Vasta-ainetesti,Pohjois-Pohjanmaa,1,39,2020,viikko,2021-01-28 10:04:21
Vasta-ainetesti,Päijät-Häme,3,39,2020,viikko,2021-01-28 10:04:21
Vasta-ainetesti,Satakunta,1,39,2020,viikko,2021-01-28 10:04:21
Vasta-ainetesti,Uusimaa,45,39,2020,viikko,2021-01-28 10:04:21
Vasta-ainetesti,Varsinais-Suomi,6,39,2020,viikko,2021-01-28 10:04:21
Nukleiinihappotutkimus,Koko Suomi,4819,38,2020,viikko,2021-01-28 10:04:21
Nukleiinihappotutkimus,Etelä-Karjala,22,38,2020,viikko,2021-01-28 10:04:21
Nukleiinihappotutkimus,Etelä-Pohjanmaa,27,38,2020,viikko,2021-01-28 10:04:21
Nukleiinihappotutkimus,Etelä-Savo,9,38,2020,viikko,2021-01-28 10:04:21
Nukleiinihappotutkimus,Kainuu,2,38,2020,viikko,2021-01-28 10:04:21
Nukleiinihappotutkimus,Kanta-Häme,52,38,2020,viikko,2021-01-28 10:04:21
Nukleiinihappotutkimus,Keski-Pohjanmaa,4,38,2020,viikko,2021-01-28 10:04:21
Nukleiinihappotutkimus,Keski-Suomi,124,38,2020,viikko,2021-01-28 10:04:21
Nukleiinihappotutkimus,Kymenlaakso,32,38,2020,viikko,2021-01-28 10:04:21
Nukleiinihappotutkimus,Lappi,102,38,2020,viikko,2021-01-28 10:04:21
Nukleiinihappotutkimus,Pirkanmaa,512,38,2020,viikko,2021-01-28 10:04:21
Nukleiinihappotutkimus,Pohjanmaa,19,38,2020,viikko,2021-01-28 10:04:21
Nukleiinihappotutkimus,Pohjois-Karjala,9,38,2020,viikko,2021-01-28 10:04:21
Nukleiinihappotutkimus,Pohjois-Pohjanmaa,89,38,2020,viikko,2021-01-28 10:04:21
Nukleiinihappotutkimus,Pohjois-Savo,56,38,2020,viikko,2021-01-28 10:04:21
Nukleiinihappotutkimus,Päijät-Häme,129,38,2020,viikko,2021-01-28 10:04:21
Nukleiinihappotutkimus,Satakunta,104,38,2020,viikko,2021-01-28 10:04:21
Nukleiinihappotutkimus,Uusimaa,3015,38,2020,viikko,2021-01-28 10:04:21
Nukleiinihappotutkimus,Varsinais-Suomi,463,38,2020,viikko,2021-01-28 10:04:21
Vasta-ainetesti,Koko Suomi,94,38,2020,viikko,2021-01-28 10:04:21
Vasta-ainetesti,Etelä-Karjala,1,38,2020,viikko,2021-01-28 10:04:21
Vasta-ainetesti,Kanta-Häme,3,38,2020,viikko,2021-01-28 10:04:21
Vasta-ainetesti,Keski-Suomi,4,38,2020,viikko,2021-01-28 10:04:21
Vasta-ainetesti,Kymenlaakso,1,38,2020,viikko,2021-01-28 10:04:21
Vasta-ainetesti,Pirkanmaa,1,38,2020,viikko,2021-01-28 10:04:21
Vasta-ainetesti,Pohjanmaa,2,38,2020,viikko,2021-01-28 10:04:21
Vasta-ainetesti,Pohjois-Pohjanmaa,2,38,2020,viikko,2021-01-28 10:04:21
Vasta-ainetesti,Pohjois-Savo,1,38,2020,viikko,2021-01-28 10:04:21
Vasta-ainetesti,Päijät-Häme,5,38,2020,viikko,2021-01-28 10:04:21
Vasta-ainetesti,Satakunta,1,38,2020,viikko,2021-01-28 10:04:21
Vasta-ainetesti,Uusimaa,53,38,2020,viikko,2021-01-28 10:04:21
Vasta-ainetesti,Varsinais-Suomi,13,38,2020,viikko,2021-01-28 10:04:21
Nukleiinihappotutkimus,Koko Suomi,3358,37,2020,viikko,2021-01-28 10:04:21
Nukleiinihappotutkimus,Etelä-Karjala,18,37,2020,viikko,2021-01-28 10:04:21
Nukleiinihappotutkimus,Etelä-Pohjanmaa,25,37,2020,viikko,2021-01-28 10:04:21
Nukleiinihappotutkimus,Etelä-Savo,6,37,2020,viikko,2021-01-28 10:04:21
Nukleiinihappotutkimus,Kainuu,5,37,2020,viikko,2021-01-28 10:04:21
Nukleiinihappotutkimus,Kanta-Häme,56,37,2020,viikko,2021-01-28 10:04:21
Nukleiinihappotutkimus,Keski-Suomi,127,37,2020,viikko,2021-01-28 10:04:21
Nukleiinihappotutkimus,Kymenlaakso,180,37,2020,viikko,2021-01-28 10:04:21
Nukleiinihappotutkimus,Lappi,48,37,2020,viikko,2021-01-28 10:04:21
Nukleiinihappotutkimus,Pirkanmaa,445,37,2020,viikko,2021-01-28 10:04:21
Nukleiinihappotutkimus,Pohjanmaa,16,37,2020,viikko,2021-01-28 10:04:21
Nukleiinihappotutkimus,Pohjois-Karjala,19,37,2020,viikko,2021-01-28 10:04:21
Nukleiinihappotutkimus,Pohjois-Pohjanmaa,127,37,2020,viikko,2021-01-28 10:04:21
Nukleiinihappotutkimus,Pohjois-Savo,49,37,2020,viikko,2021-01-28 10:04:21
Nukleiinihappotutkimus,Päijät-Häme,127,37,2020,viikko,2021-01-28 10:04:21
Nukleiinihappotutkimus,Satakunta,48,37,2020,viikko,2021-01-28 10:04:21
Nukleiinihappotutkimus,Uusimaa,1847,37,2020,viikko,2021-01-28 10:04:21
Nukleiinihappotutkimus,Varsinais-Suomi,192,37,2020,viikko,2021-01-28 10:04:21
Vasta-ainetesti,Koko Suomi,87,37,2020,viikko,2021-01-28 10:04:21
Vasta-ainetesti,Etelä-Karjala,1,37,2020,viikko,2021-01-28 10:04:21
Vasta-ainetesti,Kanta-Häme,3,37,2020,viikko,2021-01-28 10:04:21
Vasta-ainetesti,Keski-Suomi,4,37,2020,viikko,2021-01-28 10:04:21
Vasta-ainetesti,Kymenlaakso,1,37,2020,viikko,2021-01-28 10:04:21
Vasta-ainetesti,Lappi,1,37,2020,viikko,2021-01-28 10:04:21
Vasta-ainetesti,Pirkanmaa,7,37,2020,viikko,2021-01-28 10:04:21
Vasta-ainetesti,Pohjanmaa,1,37,2020,viikko,2021-01-28 10:04:21
Vasta-ainetesti,Pohjois-Pohjanmaa,1,37,2020,viikko,2021-01-28 10:04:21
Vasta-ainetesti,Uusimaa,61,37,2020,viikko,2021-01-28 10:04:21
Vasta-ainetesti,Varsinais-Suomi,6,37,2020,viikko,2021-01-28 10:04:21
Nukleiinihappotutkimus,Koko Suomi,3738,36,2020,viikko,2021-01-28 10:04:21
Nukleiinihappotutkimus,Etelä-Karjala,10,36,2020,viikko,2021-01-28 10:04:21
Nukleiinihappotutkimus,Etelä-Pohjanmaa,18,36,2020,viikko,2021-01-28 10:04:21
Nukleiinihappotutkimus,Etelä-Savo,2,36,2020,viikko,2021-01-28 10:04:21
Nukleiinihappotutkimus,Kainuu,1,36,2020,viikko,2021-01-28 10:04:21
Nukleiinihappotutkimus,Kanta-Häme,36,36,2020,viikko,2021-01-28 10:04:21
Nukleiinihappotutkimus,Keski-Pohjanmaa,3,36,2020,viikko,2021-01-28 10:04:21
Nukleiinihappotutkimus,Keski-Suomi,61,36,2020,viikko,2021-01-28 10:04:21
Nukleiinihappotutkimus,Kymenlaakso,76,36,2020,viikko,2021-01-28 10:04:21
Nukleiinihappotutkimus,Lappi,39,36,2020,viikko,2021-01-28 10:04:21
Nukleiinihappotutkimus,Pirkanmaa,254,36,2020,viikko,2021-01-28 10:04:21
Nukleiinihappotutkimus,Pohjanmaa,32,36,2020,viikko,2021-01-28 10:04:21
Nukleiinihappotutkimus,Pohjois-Karjala,31,36,2020,viikko,2021-01-28 10:04:21
Nukleiinihappotutkimus,Pohjois-Pohjanmaa,105,36,2020,viikko,2021-01-28 10:04:21
Nukleiinihappotutkimus,Pohjois-Savo,68,36,2020,viikko,2021-01-28 10:04:21
Nukleiinihappotutkimus,Päijät-Häme,72,36,2020,viikko,2021-01-28 10:04:21
Nukleiinihappotutkimus,Satakunta,53,36,2020,viikko,2021-01-28 10:04:21
Nukleiinihappotutkimus,Uusimaa,2639,36,2020,viikko,2021-01-28 10:04:21
Nukleiinihappotutkimus,Varsinais-Suomi,207,36,2020,viikko,2021-01-28 10:04:21
Vasta-ainetesti,Koko Suomi,90,36,2020,viikko,2021-01-28 10:04:21
Vasta-ainetesti,Etelä-Karjala,1,36,2020,viikko,2021-01-28 10:04:21
Vasta-ainetesti,Kanta-Häme,2,36,2020,viikko,2021-01-28 10:04:21
Vasta-ainetesti,Kymenlaakso,1,36,2020,viikko,2021-01-28 10:04:21
Vasta-ainetesti,Pirkanmaa,4,36,2020,viikko,2021-01-28 10:04:21
Vasta-ainetesti,Pohjanmaa,4,36,2020,viikko,2021-01-28 10:04:21
Vasta-ainetesti,Pohjois-Karjala,2,36,2020,viikko,2021-01-28 10:04:21
Vasta-ainetesti,Pohjois-Pohjanmaa,3,36,2020,viikko,2021-01-28 10:04:21
Vasta-ainetesti,Pohjois-Savo,5,36,2020,viikko,2021-01-28 10:04:21
Vasta-ainetesti,Päijät-Häme,1,36,2020,viikko,2021-01-28 10:04:21
Vasta-ainetesti,Satakunta,2,36,2020,viikko,2021-01-28 10:04:21
Vasta-ainetesti,Uusimaa,57,36,2020,viikko,2021-01-28 10:04:21
Vasta-ainetesti,Varsinais-Suomi,5,36,2020,viikko,2021-01-28 10:04:21
Nukleiinihappotutkimus,Koko Suomi,2778,35,2020,viikko,2021-01-28 10:04:21
Nukleiinihappotutkimus,Etelä-Karjala,6,35,2020,viikko,2021-01-28 10:04:21
Nukleiinihappotutkimus,Etelä-Pohjanmaa,40,35,2020,viikko,2021-01-28 10:04:21
Nukleiinihappotutkimus,Etelä-Savo,4,35,2020,viikko,2021-01-28 10:04:21
Nukleiinihappotutkimus,Kanta-Häme,42,35,2020,viikko,2021-01-28 10:04:21
Nukleiinihappotutkimus,Keski-Pohjanmaa,1,35,2020,viikko,2021-01-28 10:04:21
Nukleiinihappotutkimus,Keski-Suomi,85,35,2020,viikko,2021-01-28 10:04:21
Nukleiinihappotutkimus,Kymenlaakso,26,35,2020,viikko,2021-01-28 10:04:21
Nukleiinihappotutkimus,Lappi,67,35,2020,viikko,2021-01-28 10:04:21
Nukleiinihappotutkimus,Pirkanmaa,371,35,2020,viikko,2021-01-28 10:04:21
Nukleiinihappotutkimus,Pohjanmaa,24,35,2020,viikko,2021-01-28 10:04:21
Nukleiinihappotutkimus,Pohjois-Karjala,23,35,2020,viikko,2021-01-28 10:04:21
Nukleiinihappotutkimus,Pohjois-Pohjanmaa,83,35,2020,viikko,2021-01-28 10:04:21
Nukleiinihappotutkimus,Pohjois-Savo,55,35,2020,viikko,2021-01-28 10:04:21
Nukleiinihappotutkimus,Päijät-Häme,79,35,2020,viikko,2021-01-28 10:04:21
Nukleiinihappotutkimus,Satakunta,46,35,2020,viikko,2021-01-28 10:04:21
Nukleiinihappotutkimus,Uusimaa,1544,35,2020,viikko,2021-01-28 10:04:21
Nukleiinihappotutkimus,Varsinais-Suomi,260,35,2020,viikko,2021-01-28 10:04:21
Vasta-ainetesti,Koko Suomi,92,35,2020,viikko,2021-01-28 10:04:21
Vasta-ainetesti,Kanta-Häme,3,35,2020,viikko,2021-01-28 10:04:21
Vasta-ainetesti,Keski-Suomi,2,35,2020,viikko,2021-01-28 10:04:21
Vasta-ainetesti,Kymenlaakso,2,35,2020,viikko,2021-01-28 10:04:21
Vasta-ainetesti,Lappi,1,35,2020,viikko,2021-01-28 10:04:21
Vasta-ainetesti,Pirkanmaa,7,35,2020,viikko,2021-01-28 10:04:21
Vasta-ainetesti,Pohjanmaa,1,35,2020,viikko,2021-01-28 10:04:21
Vasta-ainetesti,Pohjois-Karjala,2,35,2020,viikko,2021-01-28 10:04:21
Vasta-ainetesti,Pohjois-Pohjanmaa,2,35,2020,viikko,2021-01-28 10:04:21
Vasta-ainetesti,Pohjois-Savo,2,35,2020,viikko,2021-01-28 10:04:21
Vasta-ainetesti,Päijät-Häme,5,35,2020,viikko,2021-01-28 10:04:21
Vasta-ainetesti,Uusimaa,60,35,2020,viikko,2021-01-28 10:04:21
Vasta-ainetesti,Varsinais-Suomi,2,35,2020,viikko,2021-01-28 10:04:21
Nukleiinihappotutkimus,Koko Suomi,1569,34,2020,viikko,2021-01-28 10:04:21
Nukleiinihappotutkimus,Etelä-Karjala,4,34,2020,viikko,2021-01-28 10:04:21
Nukleiinihappotutkimus,Etelä-Pohjanmaa,7,34,2020,viikko,2021-01-28 10:04:21
Nukleiinihappotutkimus,Etelä-Savo,1,34,2020,viikko,2021-01-28 10:04:21
Nukleiinihappotutkimus,Kainuu,4,34,2020,viikko,2021-01-28 10:04:21
Nukleiinihappotutkimus,Kanta-Häme,20,34,2020,viikko,2021-01-28 10:04:21
Nukleiinihappotutkimus,Keski-Pohjanmaa,2,34,2020,viikko,2021-01-28 10:04:21
Nukleiinihappotutkimus,Keski-Suomi,139,34,2020,viikko,2021-01-28 10:04:21
Nukleiinihappotutkimus,Kymenlaakso,8,34,2020,viikko,2021-01-28 10:04:21
Nukleiinihappotutkimus,Lappi,40,34,2020,viikko,2021-01-28 10:04:21
Nukleiinihappotutkimus,Pirkanmaa,190,34,2020,viikko,2021-01-28 10:04:21
Nukleiinihappotutkimus,Pohjanmaa,6,34,2020,viikko,2021-01-28 10:04:21
Nukleiinihappotutkimus,Pohjois-Karjala,5,34,2020,viikko,2021-01-28 10:04:21
Nukleiinihappotutkimus,Pohjois-Pohjanmaa,88,34,2020,viikko,2021-01-28 10:04:21
Nukleiinihappotutkimus,Pohjois-Savo,11,34,2020,viikko,2021-01-28 10:04:21
Nukleiinihappotutkimus,Päijät-Häme,16,34,2020,viikko,2021-01-28 10:04:21
Nukleiinihappotutkimus,Satakunta,28,34,2020,viikko,2021-01-28 10:04:21
Nukleiinihappotutkimus,Uusimaa,775,34,2020,viikko,2021-01-28 10:04:21
Nukleiinihappotutkimus,Varsinais-Suomi,209,34,2020,viikko,2021-01-28 10:04:21
Vasta-ainetesti,Koko Suomi,89,34,2020,viikko,2021-01-28 10:04:21
Vasta-ainetesti,Etelä-Pohjanmaa,2,34,2020,viikko,2021-01-28 10:04:21
Vasta-ainetesti,Kainuu,1,34,2020,viikko,2021-01-28 10:04:21
Vasta-ainetesti,Kanta-Häme,1,34,2020,viikko,2021-01-28 10:04:21
Vasta-ainetesti,Keski-Pohjanmaa,1,34,2020,viikko,2021-01-28 10:04:21
Vasta-ainetesti,Keski-Suomi,2,34,2020,viikko,2021-01-28 10:04:21
Vasta-ainetesti,Kymenlaakso,1,34,2020,viikko,2021-01-28 10:04:21
Vasta-ainetesti,Pirkanmaa,5,34,2020,viikko,2021-01-28 10:04:21
Vasta-ainetesti,Pohjanmaa,1,34,2020,viikko,2021-01-28 10:04:21
Vasta-ainetesti,Pohjois-Pohjanmaa,5,34,2020,viikko,2021-01-28 10:04:21
Vasta-ainetesti,Pohjois-Savo,1,34,2020,viikko,2021-01-28 10:04:21
Vasta-ainetesti,Satakunta,2,34,2020,viikko,2021-01-28 10:04:21
Vasta-ainetesti,Uusimaa,60,34,2020,viikko,2021-01-28 10:04:21
Vasta-ainetesti,Varsinais-Suomi,2,34,2020,viikko,2021-01-28 10:04:21
Nukleiinihappotutkimus,Koko Suomi,1037,33,2020,viikko,2021-01-28 10:04:21
Nukleiinihappotutkimus,Etelä-Karjala,4,33,2020,viikko,2021-01-28 10:04:21
Nukleiinihappotutkimus,Etelä-Pohjanmaa,6,33,2020,viikko,2021-01-28 10:04:21
Nukleiinihappotutkimus,Etelä-Savo,3,33,2020,viikko,2021-01-28 10:04:21
Nukleiinihappotutkimus,Kainuu,5,33,2020,viikko,2021-01-28 10:04:21
Nukleiinihappotutkimus,Kanta-Häme,18,33,2020,viikko,2021-01-28 10:04:21
Nukleiinihappotutkimus,Keski-Suomi,50,33,2020,viikko,2021-01-28 10:04:21
Nukleiinihappotutkimus,Kymenlaakso,19,33,2020,viikko,2021-01-28 10:04:21
Nukleiinihappotutkimus,Lappi,7,33,2020,viikko,2021-01-28 10:04:21
Nukleiinihappotutkimus,Pirkanmaa,155,33,2020,viikko,2021-01-28 10:04:21
Nukleiinihappotutkimus,Pohjanmaa,10,33,2020,viikko,2021-01-28 10:04:21
Nukleiinihappotutkimus,Pohjois-Karjala,5,33,2020,viikko,2021-01-28 10:04:21
Nukleiinihappotutkimus,Pohjois-Pohjanmaa,44,33,2020,viikko,2021-01-28 10:04:21
Nukleiinihappotutkimus,Pohjois-Savo,48,33,2020,viikko,2021-01-28 10:04:21
Nukleiinihappotutkimus,Päijät-Häme,25,33,2020,viikko,2021-01-28 10:04:21
Nukleiinihappotutkimus,Satakunta,28,33,2020,viikko,2021-01-28 10:04:21
Nukleiinihappotutkimus,Uusimaa,456,33,2020,viikko,2021-01-28 10:04:21
Nukleiinihappotutkimus,Varsinais-Suomi,125,33,2020,viikko,2021-01-28 10:04:21
Vasta-ainetesti,Koko Suomi,113,33,2020,viikko,2021-01-28 10:04:21
Vasta-ainetesti,Etelä-Karjala,1,33,2020,viikko,2021-01-28 10:04:21
Vasta-ainetesti,Kainuu,1,33,2020,viikko,2021-01-28 10:04:21
Vasta-ainetesti,Keski-Suomi,3,33,2020,viikko,2021-01-28 10:04:21
Vasta-ainetesti,Kymenlaakso,2,33,2020,viikko,2021-01-28 10:04:21
Vasta-ainetesti,Lappi,2,33,2020,viikko,2021-01-28 10:04:21
Vasta-ainetesti,Pirkanmaa,5,33,2020,viikko,2021-01-28 10:04:21
Vasta-ainetesti,Pohjanmaa,3,33,2020,viikko,2021-01-28 10:04:21
Vasta-ainetesti,Pohjois-Pohjanmaa,3,33,2020,viikko,2021-01-28 10:04:21
Vasta-ainetesti,Pohjois-Savo,1,33,2020,viikko,2021-01-28 10:04:21
Vasta-ainetesti,Päijät-Häme,4,33,2020,viikko,2021-01-28 10:04:21
Vasta-ainetesti,Uusimaa,75,33,2020,viikko,2021-01-28 10:04:21
Vasta-ainetesti,Varsinais-Suomi,7,33,2020,viikko,2021-01-28 10:04:21
Nukleiinihappotutkimus,Koko Suomi,429,32,2020,viikko,2021-01-28 10:04:21
Nukleiinihappotutkimus,Etelä-Karjala,2,32,2020,viikko,2021-01-28 10:04:21
Nukleiinihappotutkimus,Etelä-Pohjanmaa,3,32,2020,viikko,2021-01-28 10:04:21
Nukleiinihappotutkimus,Kainuu,2,32,2020,viikko,2021-01-28 10:04:21
Nukleiinihappotutkimus,Kanta-Häme,10,32,2020,viikko,2021-01-28 10:04:21
Nukleiinihappotutkimus,Keski-Suomi,17,32,2020,viikko,2021-01-28 10:04:21
Nukleiinihappotutkimus,Kymenlaakso,11,32,2020,viikko,2021-01-28 10:04:21
Nukleiinihappotutkimus,Lappi,3,32,2020,viikko,2021-01-28 10:04:21
Nukleiinihappotutkimus,Pirkanmaa,38,32,2020,viikko,2021-01-28 10:04:21
Nukleiinihappotutkimus,Pohjanmaa,1,32,2020,viikko,2021-01-28 10:04:21
Nukleiinihappotutkimus,Pohjois-Karjala,2,32,2020,viikko,2021-01-28 10:04:21
Nukleiinihappotutkimus,Pohjois-Pohjanmaa,15,32,2020,viikko,2021-01-28 10:04:21
Nukleiinihappotutkimus,Pohjois-Savo,13,32,2020,viikko,2021-01-28 10:04:21
Nukleiinihappotutkimus,Päijät-Häme,9,32,2020,viikko,2021-01-28 10:04:21
Nukleiinihappotutkimus,Satakunta,4,32,2020,viikko,2021-01-28 10:04:21
Nukleiinihappotutkimus,Uusimaa,242,32,2020,viikko,2021-01-28 10:04:21
Nukleiinihappotutkimus,Varsinais-Suomi,43,32,2020,viikko,2021-01-28 10:04:21
Vasta-ainetesti,Koko Suomi,102,32,2020,viikko,2021-01-28 10:04:21
Vasta-ainetesti,Etelä-Karjala,4,32,2020,viikko,2021-01-28 10:04:21
Vasta-ainetesti,Etelä-Pohjanmaa,2,32,2020,viikko,2021-01-28 10:04:21
Vasta-ainetesti,Kanta-Häme,3,32,2020,viikko,2021-01-28 10:04:21
Vasta-ainetesti,Keski-Suomi,4,32,2020,viikko,2021-01-28 10:04:21
Vasta-ainetesti,Kymenlaakso,3,32,2020,viikko,2021-01-28 10:04:21
Vasta-ainetesti,Pirkanmaa,6,32,2020,viikko,2021-01-28 10:04:21
Vasta-ainetesti,Pohjanmaa,1,32,2020,viikko,2021-01-28 10:04:21
Vasta-ainetesti,Pohjois-Pohjanmaa,5,32,2020,viikko,2021-01-28 10:04:21
Vasta-ainetesti,Pohjois-Savo,1,32,2020,viikko,2021-01-28 10:04:21
Vasta-ainetesti,Satakunta,2,32,2020,viikko,2021-01-28 10:04:21
Vasta-ainetesti,Uusimaa,68,32,2020,viikko,2021-01-28 10:04:21
Vasta-ainetesti,Varsinais-Suomi,2,32,2020,viikko,2021-01-28 10:04:21
Nukleiinihappotutkimus,Koko Suomi,539,31,2020,viikko,2021-01-28 10:04:21
Nukleiinihappotutkimus,Etelä-Karjala,2,31,2020,viikko,2021-01-28 10:04:21
Nukleiinihappotutkimus,Etelä-Pohjanmaa,4,31,2020,viikko,2021-01-28 10:04:21
Nukleiinihappotutkimus,Etelä-Savo,1,31,2020,viikko,2021-01-28 10:04:21
Nukleiinihappotutkimus,Kainuu,1,31,2020,viikko,2021-01-28 10:04:21
Nukleiinihappotutkimus,Kanta-Häme,6,31,2020,viikko,2021-01-28 10:04:21
Nukleiinihappotutkimus,Keski-Suomi,5,31,2020,viikko,2021-01-28 10:04:21
Nukleiinihappotutkimus,Kymenlaakso,12,31,2020,viikko,2021-01-28 10:04:21
Nukleiinihappotutkimus,Lappi,5,31,2020,viikko,2021-01-28 10:04:21
Nukleiinihappotutkimus,Pirkanmaa,39,31,2020,viikko,2021-01-28 10:04:21
Nukleiinihappotutkimus,Pohjanmaa,8,31,2020,viikko,2021-01-28 10:04:21
Nukleiinihappotutkimus,Pohjois-Karjala,5,31,2020,viikko,2021-01-28 10:04:21
Nukleiinihappotutkimus,Pohjois-Pohjanmaa,18,31,2020,viikko,2021-01-28 10:04:21
Nukleiinihappotutkimus,Pohjois-Savo,11,31,2020,viikko,2021-01-28 10:04:21
Nukleiinihappotutkimus,Päijät-Häme,17,31,2020,viikko,2021-01-28 10:04:21
Nukleiinihappotutkimus,Satakunta,9,31,2020,viikko,2021-01-28 10:04:21
Nukleiinihappotutkimus,Uusimaa,322,31,2020,viikko,2021-01-28 10:04:21
Nukleiinihappotutkimus,Varsinais-Suomi,55,31,2020,viikko,2021-01-28 10:04:21
Vasta-ainetesti,Koko Suomi,94,31,2020,viikko,2021-01-28 10:04:21
Vasta-ainetesti,Etelä-Karjala,1,31,2020,viikko,2021-01-28 10:04:21
Vasta-ainetesti,Etelä-Pohjanmaa,1,31,2020,viikko,2021-01-28 10:04:21
Vasta-ainetesti,Etelä-Savo,1,31,2020,viikko,2021-01-28 10:04:21
Vasta-ainetesti,Kanta-Häme,2,31,2020,viikko,2021-01-28 10:04:21
Vasta-ainetesti,Kymenlaakso,2,31,2020,viikko,2021-01-28 10:04:21
Vasta-ainetesti,Lappi,1,31,2020,viikko,2021-01-28 10:04:21
Vasta-ainetesti,Pirkanmaa,6,31,2020,viikko,2021-01-28 10:04:21
Vasta-ainetesti,Pohjanmaa,1,31,2020,viikko,2021-01-28 10:04:21
Vasta-ainetesti,Pohjois-Karjala,1,31,2020,viikko,2021-01-28 10:04:21
Vasta-ainetesti,Pohjois-Pohjanmaa,1,31,2020,viikko,2021-01-28 10:04:21
Vasta-ainetesti,Pohjois-Savo,1,31,2020,viikko,2021-01-28 10:04:21
Vasta-ainetesti,Uusimaa,63,31,2020,viikko,2021-01-28 10:04:21
Vasta-ainetesti,Varsinais-Suomi,9,31,2020,viikko,2021-01-28 10:04:21
Nukleiinihappotutkimus,Koko Suomi,524,30,2020,viikko,2021-01-28 10:04:21
Nukleiinihappotutkimus,Etelä-Karjala,2,30,2020,viikko,2021-01-28 10:04:21
Nukleiinihappotutkimus,Etelä-Pohjanmaa,6,30,2020,viikko,2021-01-28 10:04:21
Nukleiinihappotutkimus,Kainuu,1,30,2020,viikko,2021-01-28 10:04:21
Nukleiinihappotutkimus,Kanta-Häme,12,30,2020,viikko,2021-01-28 10:04:21
Nukleiinihappotutkimus,Keski-Suomi,23,30,2020,viikko,2021-01-28 10:04:21
Nukleiinihappotutkimus,Kymenlaakso,6,30,2020,viikko,2021-01-28 10:04:21
Nukleiinihappotutkimus,Lappi,4,30,2020,viikko,2021-01-28 10:04:21
Nukleiinihappotutkimus,Pirkanmaa,33,30,2020,viikko,2021-01-28 10:04:21
Nukleiinihappotutkimus,Pohjanmaa,5,30,2020,viikko,2021-01-28 10:04:21
Nukleiinihappotutkimus,Pohjois-Karjala,3,30,2020,viikko,2021-01-28 10:04:21
Nukleiinihappotutkimus,Pohjois-Pohjanmaa,10,30,2020,viikko,2021-01-28 10:04:21
Nukleiinihappotutkimus,Pohjois-Savo,6,30,2020,viikko,2021-01-28 10:04:21
Nukleiinihappotutkimus,Päijät-Häme,18,30,2020,viikko,2021-01-28 10:04:21
Nukleiinihappotutkimus,Satakunta,9,30,2020,viikko,2021-01-28 10:04:21
Nukleiinihappotutkimus,Uusimaa,327,30,2020,viikko,2021-01-28 10:04:21
Nukleiinihappotutkimus,Varsinais-Suomi,51,30,2020,viikko,2021-01-28 10:04:21
Vasta-ainetesti,Koko Suomi,384,30,2020,viikko,2021-01-28 10:04:21
Vasta-ainetesti,Etelä-Karjala,1,30,2020,viikko,2021-01-28 10:04:21
Vasta-ainetesti,Etelä-Pohjanmaa,2,30,2020,viikko,2021-01-28 10:04:21
Vasta-ainetesti,Kanta-Häme,10,30,2020,viikko,2021-01-28 10:04:21
Vasta-ainetesti,Keski-Suomi,12,30,2020,viikko,2021-01-28 10:04:21
Vasta-ainetesti,Kymenlaakso,4,30,2020,viikko,2021-01-28 10:04:21
Vasta-ainetesti,Lappi,3,30,2020,viikko,2021-01-28 10:04:21
Vasta-ainetesti,Pirkanmaa,26,30,2020,viikko,2021-01-28 10:04:21
Vasta-ainetesti,Pohjanmaa,6,30,2020,viikko,2021-01-28 10:04:21
Vasta-ainetesti,Pohjois-Karjala,1,30,2020,viikko,2021-01-28 10:04:21
Vasta-ainetesti,Pohjois-Pohjanmaa,26,30,2020,viikko,2021-01-28 10:04:21
Vasta-ainetesti,Pohjois-Savo,10,30,2020,viikko,2021-01-28 10:04:21
Vasta-ainetesti,Päijät-Häme,7,30,2020,viikko,2021-01-28 10:04:21
Vasta-ainetesti,Satakunta,7,30,2020,viikko,2021-01-28 10:04:21
Vasta-ainetesti,Uusimaa,240,30,2020,viikko,2021-01-28 10:04:21
Vasta-ainetesti,Varsinais-Suomi,23,30,2020,viikko,2021-01-28 10:04:21
Nukleiinihappotutkimus,Koko Suomi,397,29,2020,viikko,2021-01-28 10:04:21
Nukleiinihappotutkimus,Etelä-Karjala,3,29,2020,viikko,2021-01-28 10:04:21
Nukleiinihappotutkimus,Etelä-Pohjanmaa,7,29,2020,viikko,2021-01-28 10:04:21
Nukleiinihappotutkimus,Etelä-Savo,2,29,2020,viikko,2021-01-28 10:04:21
Nukleiinihappotutkimus,Kanta-Häme,8,29,2020,viikko,2021-01-28 10:04:21
Nukleiinihappotutkimus,Keski-Pohjanmaa,1,29,2020,viikko,2021-01-28 10:04:21
Nukleiinihappotutkimus,Keski-Suomi,4,29,2020,viikko,2021-01-28 10:04:21
Nukleiinihappotutkimus,Kymenlaakso,3,29,2020,viikko,2021-01-28 10:04:21
Nukleiinihappotutkimus,Lappi,4,29,2020,viikko,2021-01-28 10:04:21
Nukleiinihappotutkimus,Pirkanmaa,38,29,2020,viikko,2021-01-28 10:04:21
Nukleiinihappotutkimus,Pohjanmaa,4,29,2020,viikko,2021-01-28 10:04:21
Nukleiinihappotutkimus,Pohjois-Karjala,1,29,2020,viikko,2021-01-28 10:04:21
Nukleiinihappotutkimus,Pohjois-Pohjanmaa,21,29,2020,viikko,2021-01-28 10:04:21
Nukleiinihappotutkimus,Pohjois-Savo,4,29,2020,viikko,2021-01-28 10:04:21
Nukleiinihappotutkimus,Päijät-Häme,11,29,2020,viikko,2021-01-28 10:04:21
Nukleiinihappotutkimus,Satakunta,15,29,2020,viikko,2021-01-28 10:04:21
Nukleiinihappotutkimus,Uusimaa,224,29,2020,viikko,2021-01-28 10:04:21
Nukleiinihappotutkimus,Varsinais-Suomi,42,29,2020,viikko,2021-01-28 10:04:21
Vasta-ainetesti,Koko Suomi,119,29,2020,viikko,2021-01-28 10:04:21
Vasta-ainetesti,Etelä-Pohjanmaa,1,29,2020,viikko,2021-01-28 10:04:21
Vasta-ainetesti,Kainuu,1,29,2020,viikko,2021-01-28 10:04:21
Vasta-ainetesti,Kanta-Häme,2,29,2020,viikko,2021-01-28 10:04:21
Vasta-ainetesti,Keski-Suomi,4,29,2020,viikko,2021-01-28 10:04:21
Vasta-ainetesti,Kymenlaakso,2,29,2020,viikko,2021-01-28 10:04:21
Vasta-ainetesti,Pirkanmaa,5,29,2020,viikko,2021-01-28 10:04:21
Vasta-ainetesti,Pohjois-Karjala,2,29,2020,viikko,2021-01-28 10:04:21
Vasta-ainetesti,Pohjois-Pohjanmaa,1,29,2020,viikko,2021-01-28 10:04:21
Vasta-ainetesti,Päijät-Häme,4,29,2020,viikko,2021-01-28 10:04:21
Vasta-ainetesti,Satakunta,3,29,2020,viikko,2021-01-28 10:04:21
Vasta-ainetesti,Uusimaa,83,29,2020,viikko,2021-01-28 10:04:21
Vasta-ainetesti,Varsinais-Suomi,7,29,2020,viikko,2021-01-28 10:04:21
Nukleiinihappotutkimus,Koko Suomi,422,28,2020,viikko,2021-01-28 10:04:21
Nukleiinihappotutkimus,Etelä-Karjala,3,28,2020,viikko,2021-01-28 10:04:21
Nukleiinihappotutkimus,Etelä-Pohjanmaa,7,28,2020,viikko,2021-01-28 10:04:21
Nukleiinihappotutkimus,Etelä-Savo,1,28,2020,viikko,2021-01-28 10:04:21
Nukleiinihappotutkimus,Kainuu,1,28,2020,viikko,2021-01-28 10:04:21
Nukleiinihappotutkimus,Kanta-Häme,5,28,2020,viikko,2021-01-28 10:04:21
Nukleiinihappotutkimus,Keski-Pohjanmaa,2,28,2020,viikko,2021-01-28 10:04:21
Nukleiinihappotutkimus,Keski-Suomi,8,28,2020,viikko,2021-01-28 10:04:21
Nukleiinihappotutkimus,Kymenlaakso,9,28,2020,viikko,2021-01-28 10:04:21
Nukleiinihappotutkimus,Lappi,4,28,2020,viikko,2021-01-28 10:04:21
Nukleiinihappotutkimus,Pirkanmaa,36,28,2020,viikko,2021-01-28 10:04:21
Nukleiinihappotutkimus,Pohjanmaa,3,28,2020,viikko,2021-01-28 10:04:21
Nukleiinihappotutkimus,Pohjois-Karjala,4,28,2020,viikko,2021-01-28 10:04:21
Nukleiinihappotutkimus,Pohjois-Pohjanmaa,16,28,2020,viikko,2021-01-28 10:04:21
Nukleiinihappotutkimus,Pohjois-Savo,2,28,2020,viikko,2021-01-28 10:04:21
Nukleiinihappotutkimus,Päijät-Häme,28,28,2020,viikko,2021-01-28 10:04:21
Nukleiinihappotutkimus,Satakunta,3,28,2020,viikko,2021-01-28 10:04:21
Nukleiinihappotutkimus,Uusimaa,248,28,2020,viikko,2021-01-28 10:04:21
Nukleiinihappotutkimus,Varsinais-Suomi,35,28,2020,viikko,2021-01-28 10:04:21
Vasta-ainetesti,Koko Suomi,316,28,2020,viikko,2021-01-28 10:04:21
Vasta-ainetesti,Etelä-Karjala,2,28,2020,viikko,2021-01-28 10:04:21
Vasta-ainetesti,Etelä-Pohjanmaa,2,28,2020,viikko,2021-01-28 10:04:21
Vasta-ainetesti,Etelä-Savo,3,28,2020,viikko,2021-01-28 10:04:21
Vasta-ainetesti,Kainuu,1,28,2020,viikko,2021-01-28 10:04:21
Vasta-ainetesti,Kanta-Häme,3,28,2020,viikko,2021-01-28 10:04:21
Vasta-ainetesti,Keski-Suomi,5,28,2020,viikko,2021-01-28 10:04:21
Vasta-ainetesti,Kymenlaakso,1,28,2020,viikko,2021-01-28 10:04:21
Vasta-ainetesti,Lappi,3,28,2020,viikko,2021-01-28 10:04:21
Vasta-ainetesti,Pirkanmaa,12,28,2020,viikko,2021-01-28 10:04:21
Vasta-ainetesti,Pohjanmaa,6,28,2020,viikko,2021-01-28 10:04:21
Vasta-ainetesti,Pohjois-Karjala,3,28,2020,viikko,2021-01-28 10:04:21
Vasta-ainetesti,Pohjois-Pohjanmaa,7,28,2020,viikko,2021-01-28 10:04:21
Vasta-ainetesti,Pohjois-Savo,1,28,2020,viikko,2021-01-28 10:04:21
Vasta-ainetesti,Päijät-Häme,5,28,2020,viikko,2021-01-28 10:04:21
Vasta-ainetesti,Satakunta,2,28,2020,viikko,2021-01-28 10:04:21
Vasta-ainetesti,Uusimaa,238,28,2020,viikko,2021-01-28 10:04:21
Vasta-ainetesti,Varsinais-Suomi,10,28,2020,viikko,2021-01-28 10:04:21
Nukleiinihappotutkimus,Koko Suomi,221,27,2020,viikko,2021-01-28 10:04:21
Nukleiinihappotutkimus,Etelä-Karjala,2,27,2020,viikko,2021-01-28 10:04:21
Nukleiinihappotutkimus,Etelä-Pohjanmaa,3,27,2020,viikko,2021-01-28 10:04:21
Nukleiinihappotutkimus,Kanta-Häme,5,27,2020,viikko,2021-01-28 10:04:21
Nukleiinihappotutkimus,Keski-Suomi,2,27,2020,viikko,2021-01-28 10:04:21
Nukleiinihappotutkimus,Kymenlaakso,3,27,2020,viikko,2021-01-28 10:04:21
Nukleiinihappotutkimus,Lappi,2,27,2020,viikko,2021-01-28 10:04:21
Nukleiinihappotutkimus,Pirkanmaa,18,27,2020,viikko,2021-01-28 10:04:21
Nukleiinihappotutkimus,Pohjanmaa,3,27,2020,viikko,2021-01-28 10:04:21
Nukleiinihappotutkimus,Pohjois-Karjala,2,27,2020,viikko,2021-01-28 10:04:21
Nukleiinihappotutkimus,Pohjois-Pohjanmaa,10,27,2020,viikko,2021-01-28 10:04:21
Nukleiinihappotutkimus,Pohjois-Savo,6,27,2020,viikko,2021-01-28 10:04:21
Nukleiinihappotutkimus,Päijät-Häme,6,27,2020,viikko,2021-01-28 10:04:21
Nukleiinihappotutkimus,Satakunta,4,27,2020,viikko,2021-01-28 10:04:21
Nukleiinihappotutkimus,Uusimaa,116,27,2020,viikko,2021-01-28 10:04:21
Nukleiinihappotutkimus,Varsinais-Suomi,37,27,2020,viikko,2021-01-28 10:04:21
Vasta-ainetesti,Koko Suomi,278,27,2020,viikko,2021-01-28 10:04:21
Vasta-ainetesti,Etelä-Karjala,1,27,2020,viikko,2021-01-28 10:04:21
Vasta-ainetesti,Etelä-Savo,2,27,2020,viikko,2021-01-28 10:04:21
Vasta-ainetesti,Kanta-Häme,4,27,2020,viikko,2021-01-28 10:04:21
Vasta-ainetesti,Keski-Pohjanmaa,1,27,2020,viikko,2021-01-28 10:04:21
Vasta-ainetesti,Keski-Suomi,3,27,2020,viikko,2021-01-28 10:04:21
Vasta-ainetesti,Kymenlaakso,2,27,2020,viikko,2021-01-28 10:04:21
Vasta-ainetesti,Lappi,1,27,2020,viikko,2021-01-28 10:04:21
Vasta-ainetesti,Pirkanmaa,5,27,2020,viikko,2021-01-28 10:04:21
Vasta-ainetesti,Pohjanmaa,6,27,2020,viikko,2021-01-28 10:04:21
Vasta-ainetesti,Pohjois-Karjala,1,27,2020,viikko,2021-01-28 10:04:21
Vasta-ainetesti,Pohjois-Pohjanmaa,4,27,2020,viikko,2021-01-28 10:04:21
Vasta-ainetesti,Pohjois-Savo,5,27,2020,viikko,2021-01-28 10:04:21
Vasta-ainetesti,Päijät-Häme,6,27,2020,viikko,2021-01-28 10:04:21
Vasta-ainetesti,Satakunta,6,27,2020,viikko,2021-01-28 10:04:21
Vasta-ainetesti,Uusimaa,213,27,2020,viikko,2021-01-28 10:04:21
Vasta-ainetesti,Varsinais-Suomi,13,27,2020,viikko,2021-01-28 10:04:21
Nukleiinihappotutkimus,Koko Suomi,283,26,2020,viikko,2021-01-28 10:04:21
Nukleiinihappotutkimus,Etelä-Karjala,5,26,2020,viikko,2021-01-28 10:04:21
Nukleiinihappotutkimus,Etelä-Pohjanmaa,4,26,2020,viikko,2021-01-28 10:04:21
Nukleiinihappotutkimus,Kanta-Häme,3,26,2020,viikko,2021-01-28 10:04:21
Nukleiinihappotutkimus,Keski-Pohjanmaa,1,26,2020,viikko,2021-01-28 10:04:21
Nukleiinihappotutkimus,Keski-Suomi,12,26,2020,viikko,2021-01-28 10:04:21
Nukleiinihappotutkimus,Kymenlaakso,4,26,2020,viikko,2021-01-28 10:04:21
Nukleiinihappotutkimus,Lappi,2,26,2020,viikko,2021-01-28 10:04:21
Nukleiinihappotutkimus,Pirkanmaa,31,26,2020,viikko,2021-01-28 10:04:21
Nukleiinihappotutkimus,Pohjois-Karjala,2,26,2020,viikko,2021-01-28 10:04:21
Nukleiinihappotutkimus,Pohjois-Pohjanmaa,20,26,2020,viikko,2021-01-28 10:04:21
Nukleiinihappotutkimus,Pohjois-Savo,5,26,2020,viikko,2021-01-28 10:04:21
Nukleiinihappotutkimus,Päijät-Häme,3,26,2020,viikko,2021-01-28 10:04:21
Nukleiinihappotutkimus,Satakunta,10,26,2020,viikko,2021-01-28 10:04:21
Nukleiinihappotutkimus,Uusimaa,151,26,2020,viikko,2021-01-28 10:04:21
Nukleiinihappotutkimus,Varsinais-Suomi,27,26,2020,viikko,2021-01-28 10:04:21
Vasta-ainetesti,Koko Suomi,212,26,2020,viikko,2021-01-28 10:04:21
Vasta-ainetesti,Etelä-Karjala,2,26,2020,viikko,2021-01-28 10:04:21
Vasta-ainetesti,Etelä-Pohjanmaa,2,26,2020,viikko,2021-01-28 10:04:21
Vasta-ainetesti,Etelä-Savo,1,26,2020,viikko,2021-01-28 10:04:21
Vasta-ainetesti,Kainuu,2,26,2020,viikko,2021-01-28 10:04:21
Vasta-ainetesti,Kanta-Häme,4,26,2020,viikko,2021-01-28 10:04:21
Vasta-ainetesti,Keski-Suomi,2,26,2020,viikko,2021-01-28 10:04:21
Vasta-ainetesti,Kymenlaakso,1,26,2020,viikko,2021-01-28 10:04:21
Vasta-ainetesti,Lappi,1,26,2020,viikko,2021-01-28 10:04:21
Vasta-ainetesti,Pirkanmaa,9,26,2020,viikko,2021-01-28 10:04:21
Vasta-ainetesti,Pohjanmaa,5,26,2020,viikko,2021-01-28 10:04:21
Vasta-ainetesti,Pohjois-Pohjanmaa,7,26,2020,viikko,2021-01-28 10:04:21
Vasta-ainetesti,Pohjois-Savo,4,26,2020,viikko,2021-01-28 10:04:21
Vasta-ainetesti,Päijät-Häme,6,26,2020,viikko,2021-01-28 10:04:21
Vasta-ainetesti,Satakunta,3,26,2020,viikko,2021-01-28 10:04:21
Vasta-ainetesti,Uusimaa,146,26,2020,viikko,2021-01-28 10:04:21
Vasta-ainetesti,Varsinais-Suomi,10,26,2020,viikko,2021-01-28 10:04:21
Nukleiinihappotutkimus,Koko Suomi,253,25,2020,viikko,2021-01-28 10:04:21
Nukleiinihappotutkimus,Etelä-Karjala,1,25,2020,viikko,2021-01-28 10:04:21
Nukleiinihappotutkimus,Etelä-Pohjanmaa,1,25,2020,viikko,2021-01-28 10:04:21
Nukleiinihappotutkimus,Etelä-Savo,1,25,2020,viikko,2021-01-28 10:04:21
Nukleiinihappotutkimus,Kainuu,4,25,2020,viikko,2021-01-28 10:04:21
Nukleiinihappotutkimus,Kanta-Häme,11,25,2020,viikko,2021-01-28 10:04:21
Nukleiinihappotutkimus,Keski-Suomi,1,25,2020,viikko,2021-01-28 10:04:21
Nukleiinihappotutkimus,Kymenlaakso,11,25,2020,viikko,2021-01-28 10:04:21
Nukleiinihappotutkimus,Lappi,3,25,2020,viikko,2021-01-28 10:04:21
Nukleiinihappotutkimus,Pirkanmaa,30,25,2020,viikko,2021-01-28 10:04:21
Nukleiinihappotutkimus,Pohjanmaa,1,25,2020,viikko,2021-01-28 10:04:21
Nukleiinihappotutkimus,Pohjois-Karjala,2,25,2020,viikko,2021-01-28 10:04:21
Nukleiinihappotutkimus,Pohjois-Pohjanmaa,13,25,2020,viikko,2021-01-28 10:04:21
Nukleiinihappotutkimus,Pohjois-Savo,7,25,2020,viikko,2021-01-28 10:04:21
Nukleiinihappotutkimus,Päijät-Häme,2,25,2020,viikko,2021-01-28 10:04:21
Nukleiinihappotutkimus,Satakunta,16,25,2020,viikko,2021-01-28 10:04:21
Nukleiinihappotutkimus,Uusimaa,110,25,2020,viikko,2021-01-28 10:04:21
Nukleiinihappotutkimus,Varsinais-Suomi,36,25,2020,viikko,2021-01-28 10:04:21
Vasta-ainetesti,Koko Suomi,155,25,2020,viikko,2021-01-28 10:04:21
Vasta-ainetesti,Etelä-Karjala,4,25,2020,viikko,2021-01-28 10:04:21
Vasta-ainetesti,Etelä-Pohjanmaa,1,25,2020,viikko,2021-01-28 10:04:21
Vasta-ainetesti,Etelä-Savo,1,25,2020,viikko,2021-01-28 10:04:21
Vasta-ainetesti,Kanta-Häme,3,25,2020,viikko,2021-01-28 10:04:21
Vasta-ainetesti,Keski-Suomi,2,25,2020,viikko,2021-01-28 10:04:21
Vasta-ainetesti,Kymenlaakso,6,25,2020,viikko,2021-01-28 10:04:21
Vasta-ainetesti,Lappi,8,25,2020,viikko,2021-01-28 10:04:21
Vasta-ainetesti,Pirkanmaa,11,25,2020,viikko,2021-01-28 10:04:21
Vasta-ainetesti,Pohjanmaa,2,25,2020,viikko,2021-01-28 10:04:21
Vasta-ainetesti,Pohjois-Pohjanmaa,8,25,2020,viikko,2021-01-28 10:04:21
Vasta-ainetesti,Pohjois-Savo,4,25,2020,viikko,2021-01-28 10:04:21
Vasta-ainetesti,Satakunta,4,25,2020,viikko,2021-01-28 10:04:21
Vasta-ainetesti,Uusimaa,80,25,2020,viikko,2021-01-28 10:04:21
Vasta-ainetesti,Varsinais-Suomi,18,25,2020,viikko,2021-01-28 10:04:21
Nukleiinihappotutkimus,Koko Suomi,233,24,2020,viikko,2021-01-28 10:04:21
Nukleiinihappotutkimus,Etelä-Pohjanmaa,2,24,2020,viikko,2021-01-28 10:04:21
Nukleiinihappotutkimus,Kainuu,1,24,2020,viikko,2021-01-28 10:04:21
Nukleiinihappotutkimus,Kanta-Häme,7,24,2020,viikko,2021-01-28 10:04:21
Nukleiinihappotutkimus,Keski-Suomi,12,24,2020,viikko,2021-01-28 10:04:21
Nukleiinihappotutkimus,Kymenlaakso,3,24,2020,viikko,2021-01-28 10:04:21
Nukleiinihappotutkimus,Lappi,2,24,2020,viikko,2021-01-28 10:04:21
Nukleiinihappotutkimus,Pirkanmaa,24,24,2020,viikko,2021-01-28 10:04:21
Nukleiinihappotutkimus,Pohjanmaa,2,24,2020,viikko,2021-01-28 10:04:21
Nukleiinihappotutkimus,Pohjois-Karjala,1,24,2020,viikko,2021-01-28 10:04:21
Nukleiinihappotutkimus,Pohjois-Pohjanmaa,20,24,2020,viikko,2021-01-28 10:04:21
Nukleiinihappotutkimus,Pohjois-Savo,4,24,2020,viikko,2021-01-28 10:04:21
Nukleiinihappotutkimus,Päijät-Häme,5,24,2020,viikko,2021-01-28 10:04:21
Nukleiinihappotutkimus,Satakunta,3,24,2020,viikko,2021-01-28 10:04:21
Nukleiinihappotutkimus,Uusimaa,108,24,2020,viikko,2021-01-28 10:04:21
Nukleiinihappotutkimus,Varsinais-Suomi,37,24,2020,viikko,2021-01-28 10:04:21
Vasta-ainetesti,Koko Suomi,277,24,2020,viikko,2021-01-28 10:04:21
Vasta-ainetesti,Etelä-Karjala,2,24,2020,viikko,2021-01-28 10:04:21
Vasta-ainetesti,Etelä-Pohjanmaa,1,24,2020,viikko,2021-01-28 10:04:21
Vasta-ainetesti,Etelä-Savo,1,24,2020,viikko,2021-01-28 10:04:21
Vasta-ainetesti,Kainuu,1,24,2020,viikko,2021-01-28 10:04:21
Vasta-ainetesti,Kanta-Häme,17,24,2020,viikko,2021-01-28 10:04:21
Vasta-ainetesti,Keski-Suomi,4,24,2020,viikko,2021-01-28 10:04:21
Vasta-ainetesti,Kymenlaakso,1,24,2020,viikko,2021-01-28 10:04:21
Vasta-ainetesti,Lappi,3,24,2020,viikko,2021-01-28 10:04:21
Vasta-ainetesti,Pirkanmaa,20,24,2020,viikko,2021-01-28 10:04:21
Vasta-ainetesti,Pohjois-Karjala,1,24,2020,viikko,2021-01-28 10:04:21
Vasta-ainetesti,Pohjois-Pohjanmaa,22,24,2020,viikko,2021-01-28 10:04:21
Vasta-ainetesti,Pohjois-Savo,4,24,2020,viikko,2021-01-28 10:04:21
Vasta-ainetesti,Päijät-Häme,13,24,2020,viikko,2021-01-28 10:04:21
Vasta-ainetesti,Satakunta,6,24,2020,viikko,2021-01-28 10:04:21
Vasta-ainetesti,Uusimaa,132,24,2020,viikko,2021-01-28 10:04:21
Vasta-ainetesti,Varsinais-Suomi,47,24,2020,viikko,2021-01-28 10:04:21
Nukleiinihappotutkimus,Koko Suomi,312,23,2020,viikko,2021-01-28 10:04:21
Nukleiinihappotutkimus,Etelä-Karjala,3,23,2020,viikko,2021-01-28 10:04:21
Nukleiinihappotutkimus,Etelä-Pohjanmaa,1,23,2020,viikko,2021-01-28 10:04:21
Nukleiinihappotutkimus,Kainuu,2,23,2020,viikko,2021-01-28 10:04:21
Nukleiinihappotutkimus,Kanta-Häme,6,23,2020,viikko,2021-01-28 10:04:21
Nukleiinihappotutkimus,Keski-Suomi,6,23,2020,viikko,2021-01-28 10:04:21
Nukleiinihappotutkimus,Kymenlaakso,6,23,2020,viikko,2021-01-28 10:04:21
Nukleiinihappotutkimus,Lappi,5,23,2020,viikko,2021-01-28 10:04:21
Nukleiinihappotutkimus,Pirkanmaa,21,23,2020,viikko,2021-01-28 10:04:21
Nukleiinihappotutkimus,Pohjanmaa,5,23,2020,viikko,2021-01-28 10:04:21
Nukleiinihappotutkimus,Pohjois-Karjala,9,23,2020,viikko,2021-01-28 10:04:21
Nukleiinihappotutkimus,Pohjois-Pohjanmaa,11,23,2020,viikko,2021-01-28 10:04:21
Nukleiinihappotutkimus,Pohjois-Savo,4,23,2020,viikko,2021-01-28 10:04:21
Nukleiinihappotutkimus,Päijät-Häme,11,23,2020,viikko,2021-01-28 10:04:21
Nukleiinihappotutkimus,Satakunta,8,23,2020,viikko,2021-01-28 10:04:21
Nukleiinihappotutkimus,Uusimaa,187,23,2020,viikko,2021-01-28 10:04:21
Nukleiinihappotutkimus,Varsinais-Suomi,23,23,2020,viikko,2021-01-28 10:04:21
Vasta-ainetesti,Koko Suomi,630,23,2020,viikko,2021-01-28 10:04:21
Vasta-ainetesti,Etelä-Karjala,8,23,2020,viikko,2021-01-28 10:04:21
Vasta-ainetesti,Etelä-Pohjanmaa,4,23,2020,viikko,2021-01-28 10:04:21
Vasta-ainetesti,Etelä-Savo,2,23,2020,viikko,2021-01-28 10:04:21
Vasta-ainetesti,Kainuu,7,23,2020,viikko,2021-01-28 10:04:21
Vasta-ainetesti,Kanta-Häme,10,23,2020,viikko,2021-01-28 10:04:21
Vasta-ainetesti,Keski-Suomi,12,23,2020,viikko,2021-01-28 10:04:21
Vasta-ainetesti,Kymenlaakso,5,23,2020,viikko,2021-01-28 10:04:21
Vasta-ainetesti,Lappi,6,23,2020,viikko,2021-01-28 10:04:21
Vasta-ainetesti,Pirkanmaa,32,23,2020,viikko,2021-01-28 10:04:21
Vasta-ainetesti,Pohjanmaa,2,23,2020,viikko,2021-01-28 10:04:21
Vasta-ainetesti,Pohjois-Karjala,2,23,2020,viikko,2021-01-28 10:04:21
Vasta-ainetesti,Pohjois-Pohjanmaa,17,23,2020,viikko,2021-01-28 10:04:21
Vasta-ainetesti,Pohjois-Savo,6,23,2020,viikko,2021-01-28 10:04:21
Vasta-ainetesti,Päijät-Häme,14,23,2020,viikko,2021-01-28 10:04:21
Vasta-ainetesti,Satakunta,6,23,2020,viikko,2021-01-28 10:04:21
Vasta-ainetesti,Uusimaa,451,23,2020,viikko,2021-01-28 10:04:21
Vasta-ainetesti,Varsinais-Suomi,38,23,2020,viikko,2021-01-28 10:04:21
Nukleiinihappotutkimus,Koko Suomi,295,22,2020,viikko,2021-01-28 10:04:21
Nukleiinihappotutkimus,Etelä-Pohjanmaa,2,22,2020,viikko,2021-01-28 10:04:21
Nukleiinihappotutkimus,Etelä-Savo,2,22,2020,viikko,2021-01-28 10:04:21
Nukleiinihappotutkimus,Kanta-Häme,7,22,2020,viikko,2021-01-28 10:04:21
Nukleiinihappotutkimus,Keski-Pohjanmaa,2,22,2020,viikko,2021-01-28 10:04:21
Nukleiinihappotutkimus,Keski-Suomi,3,22,2020,viikko,2021-01-28 10:04:21
Nukleiinihappotutkimus,Kymenlaakso,5,22,2020,viikko,2021-01-28 10:04:21
Nukleiinihappotutkimus,Lappi,2,22,2020,viikko,2021-01-28 10:04:21
Nukleiinihappotutkimus,Pirkanmaa,43,22,2020,viikko,2021-01-28 10:04:21
Nukleiinihappotutkimus,Pohjanmaa,3,22,2020,viikko,2021-01-28 10:04:21
Nukleiinihappotutkimus,Pohjois-Karjala,2,22,2020,viikko,2021-01-28 10:04:21
Nukleiinihappotutkimus,Pohjois-Pohjanmaa,20,22,2020,viikko,2021-01-28 10:04:21
Nukleiinihappotutkimus,Pohjois-Savo,10,22,2020,viikko,2021-01-28 10:04:21
Nukleiinihappotutkimus,Päijät-Häme,4,22,2020,viikko,2021-01-28 10:04:21
Nukleiinihappotutkimus,Satakunta,8,22,2020,viikko,2021-01-28 10:04:21
Nukleiinihappotutkimus,Uusimaa,157,22,2020,viikko,2021-01-28 10:04:21
Nukleiinihappotutkimus,Varsinais-Suomi,23,22,2020,viikko,2021-01-28 10:04:21
Vasta-ainetesti,Koko Suomi,279,22,2020,viikko,2021-01-28 10:04:21
Vasta-ainetesti,Etelä-Karjala,7,22,2020,viikko,2021-01-28 10:04:21
Vasta-ainetesti,Etelä-Pohjanmaa,1,22,2020,viikko,2021-01-28 10:04:21
Vasta-ainetesti,Etelä-Savo,3,22,2020,viikko,2021-01-28 10:04:21
Vasta-ainetesti,Kainuu,1,22,2020,viikko,2021-01-28 10:04:21
Vasta-ainetesti,Kanta-Häme,8,22,2020,viikko,2021-01-28 10:04:21
Vasta-ainetesti,Keski-Pohjanmaa,1,22,2020,viikko,2021-01-28 10:04:21
Vasta-ainetesti,Keski-Suomi,3,22,2020,viikko,2021-01-28 10:04:21
Vasta-ainetesti,Kymenlaakso,8,22,2020,viikko,2021-01-28 10:04:21
Vasta-ainetesti,Lappi,4,22,2020,viikko,2021-01-28 10:04:21
Vasta-ainetesti,Pirkanmaa,7,22,2020,viikko,2021-01-28 10:04:21
Vasta-ainetesti,Pohjanmaa,3,22,2020,viikko,2021-01-28 10:04:21
Vasta-ainetesti,Pohjois-Karjala,2,22,2020,viikko,2021-01-28 10:04:21
Vasta-ainetesti,Pohjois-Pohjanmaa,9,22,2020,viikko,2021-01-28 10:04:21
Vasta-ainetesti,Pohjois-Savo,6,22,2020,viikko,2021-01-28 10:04:21
Vasta-ainetesti,Päijät-Häme,12,22,2020,viikko,2021-01-28 10:04:21
Vasta-ainetesti,Satakunta,7,22,2020,viikko,2021-01-28 10:04:21
Vasta-ainetesti,Uusimaa,166,22,2020,viikko,2021-01-28 10:04:21
Vasta-ainetesti,Varsinais-Suomi,27,22,2020,viikko,2021-01-28 10:04:21
Nukleiinihappotutkimus,Koko Suomi,179,21,2020,viikko,2021-01-28 10:04:21
Nukleiinihappotutkimus,Etelä-Karjala,1,21,2020,viikko,2021-01-28 10:04:21
Nukleiinihappotutkimus,Etelä-Pohjanmaa,3,21,2020,viikko,2021-01-28 10:04:21
Nukleiinihappotutkimus,Kanta-Häme,1,21,2020,viikko,2021-01-28 10:04:21
Nukleiinihappotutkimus,Keski-Suomi,2,21,2020,viikko,2021-01-28 10:04:21
Nukleiinihappotutkimus,Pirkanmaa,11,21,2020,viikko,2021-01-28 10:04:21
Nukleiinihappotutkimus,Pohjanmaa,3,21,2020,viikko,2021-01-28 10:04:21
Nukleiinihappotutkimus,Pohjois-Pohjanmaa,3,21,2020,viikko,2021-01-28 10:04:21
Nukleiinihappotutkimus,Pohjois-Savo,4,21,2020,viikko,2021-01-28 10:04:21
Nukleiinihappotutkimus,Päijät-Häme,4,21,2020,viikko,2021-01-28 10:04:21
Nukleiinihappotutkimus,Satakunta,8,21,2020,viikko,2021-01-28 10:04:21
Nukleiinihappotutkimus,Uusimaa,115,21,2020,viikko,2021-01-28 10:04:21
Nukleiinihappotutkimus,Varsinais-Suomi,23,21,2020,viikko,2021-01-28 10:04:21
Vasta-ainetesti,Koko Suomi,241,21,2020,viikko,2021-01-28 10:04:21
Vasta-ainetesti,Etelä-Karjala,6,21,2020,viikko,2021-01-28 10:04:21
Vasta-ainetesti,Etelä-Pohjanmaa,4,21,2020,viikko,2021-01-28 10:04:21
Vasta-ainetesti,Etelä-Savo,1,21,2020,viikko,2021-01-28 10:04:21
Vasta-ainetesti,Kanta-Häme,4,21,2020,viikko,2021-01-28 10:04:21
Vasta-ainetesti,Keski-Suomi,8,21,2020,viikko,2021-01-28 10:04:21
Vasta-ainetesti,Lappi,5,21,2020,viikko,2021-01-28 10:04:21
Vasta-ainetesti,Pirkanmaa,11,21,2020,viikko,2021-01-28 10:04:21
Vasta-ainetesti,Pohjois-Pohjanmaa,15,21,2020,viikko,2021-01-28 10:04:21
Vasta-ainetesti,Pohjois-Savo,8,21,2020,viikko,2021-01-28 10:04:21
Vasta-ainetesti,Päijät-Häme,7,21,2020,viikko,2021-01-28 10:04:21
Vasta-ainetesti,Satakunta,4,21,2020,viikko,2021-01-28 10:04:21
Vasta-ainetesti,Uusimaa,150,21,2020,viikko,2021-01-28 10:04:21
Vasta-ainetesti,Varsinais-Suomi,18,21,2020,viikko,2021-01-28 10:04:21
Nukleiinihappotutkimus,Koko Suomi,180,20,2020,viikko,2021-01-28 10:04:21
Nukleiinihappotutkimus,Etelä-Karjala,1,20,2020,viikko,2021-01-28 10:04:21
Nukleiinihappotutkimus,Kanta-Häme,5,20,2020,viikko,2021-01-28 10:04:21
Nukleiinihappotutkimus,Keski-Pohjanmaa,1,20,2020,viikko,2021-01-28 10:04:21
Nukleiinihappotutkimus,Keski-Suomi,5,20,2020,viikko,2021-01-28 10:04:21
Nukleiinihappotutkimus,Kymenlaakso,1,20,2020,viikko,2021-01-28 10:04:21
Nukleiinihappotutkimus,Lappi,4,20,2020,viikko,2021-01-28 10:04:21
Nukleiinihappotutkimus,Pirkanmaa,34,20,2020,viikko,2021-01-28 10:04:21
Nukleiinihappotutkimus,Pohjois-Karjala,7,20,2020,viikko,2021-01-28 10:04:21
Nukleiinihappotutkimus,Pohjois-Pohjanmaa,14,20,2020,viikko,2021-01-28 10:04:21
Nukleiinihappotutkimus,Pohjois-Savo,4,20,2020,viikko,2021-01-28 10:04:21
Nukleiinihappotutkimus,Päijät-Häme,11,20,2020,viikko,2021-01-28 10:04:21
Nukleiinihappotutkimus,Satakunta,4,20,2020,viikko,2021-01-28 10:04:21
Nukleiinihappotutkimus,Uusimaa,71,20,2020,viikko,2021-01-28 10:04:21
Nukleiinihappotutkimus,Varsinais-Suomi,17,20,2020,viikko,2021-01-28 10:04:21
Vasta-ainetesti,Koko Suomi,124,20,2020,viikko,2021-01-28 10:04:21
Vasta-ainetesti,Etelä-Karjala,2,20,2020,viikko,2021-01-28 10:04:21
Vasta-ainetesti,Kanta-Häme,2,20,2020,viikko,2021-01-28 10:04:21
Vasta-ainetesti,Keski-Pohjanmaa,2,20,2020,viikko,2021-01-28 10:04:21
Vasta-ainetesti,Keski-Suomi,7,20,2020,viikko,2021-01-28 10:04:21
Vasta-ainetesti,Kymenlaakso,4,20,2020,viikko,2021-01-28 10:04:21
Vasta-ainetesti,Lappi,2,20,2020,viikko,2021-01-28 10:04:21
Vasta-ainetesti,Pirkanmaa,8,20,2020,viikko,2021-01-28 10:04:21
Vasta-ainetesti,Pohjanmaa,2,20,2020,viikko,2021-01-28 10:04:21
Vasta-ainetesti,Pohjois-Karjala,5,20,2020,viikko,2021-01-28 10:04:21
Vasta-ainetesti,Pohjois-Pohjanmaa,13,20,2020,viikko,2021-01-28 10:04:21
Vasta-ainetesti,Pohjois-Savo,2,20,2020,viikko,2021-01-28 10:04:21
Vasta-ainetesti,Päijät-Häme,6,20,2020,viikko,2021-01-28 10:04:21
Vasta-ainetesti,Satakunta,8,20,2020,viikko,2021-01-28 10:04:21
Vasta-ainetesti,Uusimaa,44,20,2020,viikko,2021-01-28 10:04:21
Vasta-ainetesti,Varsinais-Suomi,17,20,2020,viikko,2021-01-28 10:04:21
Nukleiinihappotutkimus,Koko Suomi,59,19,2020,viikko,2021-01-28 10:04:21
Nukleiinihappotutkimus,Kainuu,1,19,2020,viikko,2021-01-28 10:04:21
Nukleiinihappotutkimus,Kanta-Häme,1,19,2020,viikko,2021-01-28 10:04:21
Nukleiinihappotutkimus,Keski-Pohjanmaa,3,19,2020,viikko,2021-01-28 10:04:21
Nukleiinihappotutkimus,Keski-Suomi,3,19,2020,viikko,2021-01-28 10:04:21
Nukleiinihappotutkimus,Kymenlaakso,1,19,2020,viikko,2021-01-28 10:04:21
Nukleiinihappotutkimus,Lappi,1,19,2020,viikko,2021-01-28 10:04:21
Nukleiinihappotutkimus,Pirkanmaa,9,19,2020,viikko,2021-01-28 10:04:21
Nukleiinihappotutkimus,Pohjois-Karjala,2,19,2020,viikko,2021-01-28 10:04:21
Nukleiinihappotutkimus,Pohjois-Pohjanmaa,6,19,2020,viikko,2021-01-28 10:04:21
Nukleiinihappotutkimus,Pohjois-Savo,1,19,2020,viikko,2021-01-28 10:04:21
Nukleiinihappotutkimus,Päijät-Häme,2,19,2020,viikko,2021-01-28 10:04:21
Nukleiinihappotutkimus,Satakunta,4,19,2020,viikko,2021-01-28 10:04:21
Nukleiinihappotutkimus,Uusimaa,17,19,2020,viikko,2021-01-28 10:04:21
Nukleiinihappotutkimus,Varsinais-Suomi,8,19,2020,viikko,2021-01-28 10:04:21
Vasta-ainetesti,Koko Suomi,29,19,2020,viikko,2021-01-28 10:04:21
Vasta-ainetesti,Keski-Suomi,3,19,2020,viikko,2021-01-28 10:04:21
Vasta-ainetesti,Pirkanmaa,3,19,2020,viikko,2021-01-28 10:04:21
Vasta-ainetesti,Pohjanmaa,2,19,2020,viikko,2021-01-28 10:04:21
Vasta-ainetesti,Pohjois-Pohjanmaa,1,19,2020,viikko,2021-01-28 10:04:21
Vasta-ainetesti,Päijät-Häme,1,19,2020,viikko,2021-01-28 10:04:21
Vasta-ainetesti,Uusimaa,13,19,2020,viikko,2021-01-28 10:04:21
Vasta-ainetesti,Varsinais-Suomi,4,19,2020,viikko,2021-01-28 10:04:21
Nukleiinihappotutkimus,Koko Suomi,5,18,2020,viikko,2021-01-28 10:04:21
Nukleiinihappotutkimus,Keski-Suomi,1,18,2020,viikko,2021-01-28 10:04:21
Nukleiinihappotutkimus,Kymenlaakso,1,18,2020,viikko,2021-01-28 10:04:21
Nukleiinihappotutkimus,Uusimaa,3,18,2020,viikko,2021-01-28 10:04:21
Antigeenitutkimus,Koko Suomi,155,3,2021,viikko,2021-01-28 10:04:21
Antigeenitutkimus,Etelä-Karjala,2,3,2021,viikko,2021-01-28 10:04:21
Antigeenitutkimus,Etelä-Pohjanmaa,3,3,2021,viikko,2021-01-28 10:04:21
Antigeenitutkimus,Etelä-Savo,1,3,2021,viikko,2021-01-28 10:04:21
Antigeenitutkimus,Kanta-Häme,4,3,2021,viikko,2021-01-28 10:04:21
Antigeenitutkimus,Keski-Suomi,8,3,2021,viikko,2021-01-28 10:04:21
Antigeenitutkimus,Kymenlaakso,3,3,2021,viikko,2021-01-28 10:04:21
Antigeenitutkimus,Lappi,4,3,2021,viikko,2021-01-28 10:04:21
Antigeenitutkimus,Pirkanmaa,13,3,2021,viikko,2021-01-28 10:04:21
Antigeenitutkimus,Pohjanmaa,1,3,2021,viikko,2021-01-28 10:04:21
Antigeenitutkimus,Pohjois-Karjala,1,3,2021,viikko,2021-01-28 10:04:21
Antigeenitutkimus,Pohjois-Pohjanmaa,15,3,2021,viikko,2021-01-28 10:04:21
Antigeenitutkimus,Pohjois-Savo,9,3,2021,viikko,2021-01-28 10:04:21
Antigeenitutkimus,Päijät-Häme,3,3,2021,viikko,2021-01-28 10:04:21
Antigeenitutkimus,Satakunta,2,3,2021,viikko,2021-01-28 10:04:21
Antigeenitutkimus,Uusimaa,60,3,2021,viikko,2021-01-28 10:04:21
Antigeenitutkimus,Varsinais-Suomi,25,3,2021,viikko,2021-01-28 10:04:21
Nukleiinihappotutkimus,Koko Suomi,1522,3,2021,viikko,2021-01-28 10:04:21
Nukleiinihappotutkimus,Etelä-Karjala,15,3,2021,viikko,2021-01-28 10:04:21
Nukleiinihappotutkimus,Etelä-Pohjanmaa,19,3,2021,viikko,2021-01-28 10:04:21
Nukleiinihappotutkimus,Etelä-Savo,3,3,2021,viikko,2021-01-28 10:04:21
Nukleiinihappotutkimus,Kainuu,1,3,2021,viikko,2021-01-28 10:04:21
Nukleiinihappotutkimus,Kanta-Häme,49,3,2021,viikko,2021-01-28 10:04:21
Nukleiinihappotutkimus,Keski-Suomi,43,3,2021,viikko,2021-01-28 10:04:21
Nukleiinihappotutkimus,Kymenlaakso,26,3,2021,viikko,2021-01-28 10:04:21
Nukleiinihappotutkimus,Lappi,12,3,2021,viikko,2021-01-28 10:04:21
Nukleiinihappotutkimus,Pirkanmaa,154,3,2021,viikko,2021-01-28 10:04:21
Nukleiinihappotutkimus,Pohjanmaa,3,3,2021,viikko,2021-01-28 10:04:21
Nukleiinihappotutkimus,Pohjois-Karjala,19,3,2021,viikko,2021-01-28 10:04:21
Nukleiinihappotutkimus,Pohjois-Pohjanmaa,66,3,2021,viikko,2021-01-28 10:04:21
Nukleiinihappotutkimus,Pohjois-Savo,26,3,2021,viikko,2021-01-28 10:04:21
Nukleiinihappotutkimus,Päijät-Häme,34,3,2021,viikko,2021-01-28 10:04:21
Nukleiinihappotutkimus,Satakunta,27,3,2021,viikko,2021-01-28 10:04:21
Nukleiinihappotutkimus,Uusimaa,851,3,2021,viikko,2021-01-28 10:04:21
Nukleiinihappotutkimus,Varsinais-Suomi,150,3,2021,viikko,2021-01-28 10:04:21
Vasta-ainetesti,Koko Suomi,49,3,2021,viikko,2021-01-28 10:04:21
Vasta-ainetesti,Etelä-Pohjanmaa,2,3,2021,viikko,2021-01-28 10:04:21
Vasta-ainetesti,Kanta-Häme,1,3,2021,viikko,2021-01-28 10:04:21
Vasta-ainetesti,Keski-Suomi,1,3,2021,viikko,2021-01-28 10:04:21
Vasta-ainetesti,Kymenlaakso,1,3,2021,viikko,2021-01-28 10:04:21
Vasta-ainetesti,Lappi,1,3,2021,viikko,2021-01-28 10:04:21
Vasta-ainetesti,Pirkanmaa,6,3,2021,viikko,2021-01-28 10:04:21
Vasta-ainetesti,Pohjois-Pohjanmaa,3,3,2021,viikko,2021-01-28 10:04:21
Vasta-ainetesti,Päijät-Häme,4,3,2021,viikko,2021-01-28 10:04:21
Vasta-ainetesti,Uusimaa,26,3,2021,viikko,2021-01-28 10:04:21
Vasta-ainetesti,Varsinais-Suomi,2,3,2021,viikko,2021-01-28 10:04:21
Antigeenitutkimus,Koko Suomi,228,2,2021,viikko,2021-01-28 10:04:21
Antigeenitutkimus,Kanta-Häme,6,2,2021,viikko,2021-01-28 10:04:21
Antigeenitutkimus,Keski-Suomi,20,2,2021,viikko,2021-01-28 10:04:21
Antigeenitutkimus,Kymenlaakso,2,2,2021,viikko,2021-01-28 10:04:21
Antigeenitutkimus,Lappi,2,2,2021,viikko,2021-01-28 10:04:21
Antigeenitutkimus,Pirkanmaa,13,2,2021,viikko,2021-01-28 10:04:21
Antigeenitutkimus,Pohjois-Karjala,2,2,2021,viikko,2021-01-28 10:04:21
Antigeenitutkimus,Pohjois-Pohjanmaa,7,2,2021,viikko,2021-01-28 10:04:21
Antigeenitutkimus,Pohjois-Savo,4,2,2021,viikko,2021-01-28 10:04:21
Antigeenitutkimus,Päijät-Häme,11,2,2021,viikko,2021-01-28 10:04:21
Antigeenitutkimus,Satakunta,2,2,2021,viikko,2021-01-28 10:04:21
Antigeenitutkimus,Uusimaa,83,2,2021,viikko,2021-01-28 10:04:21
Antigeenitutkimus,Varsinais-Suomi,67,2,2021,viikko,2021-01-28 10:04:21
Nukleiinihappotutkimus,Koko Suomi,2488,2,2021,viikko,2021-01-28 10:04:21
Nukleiinihappotutkimus,Etelä-Karjala,17,2,2021,viikko,2021-01-28 10:04:21
Nukleiinihappotutkimus,Etelä-Pohjanmaa,14,2,2021,viikko,2021-01-28 10:04:21
Nukleiinihappotutkimus,Etelä-Savo,3,2,2021,viikko,2021-01-28 10:04:21
Nukleiinihappotutkimus,Kainuu,4,2,2021,viikko,2021-01-28 10:04:21
Nukleiinihappotutkimus,Kanta-Häme,43,2,2021,viikko,2021-01-28 10:04:21
Nukleiinihappotutkimus,Keski-Pohjanmaa,3,2,2021,viikko,2021-01-28 10:04:21
Nukleiinihappotutkimus,Keski-Suomi,101,2,2021,viikko,2021-01-28 10:04:21
Nukleiinihappotutkimus,Kymenlaakso,47,2,2021,viikko,2021-01-28 10:04:21
Nukleiinihappotutkimus,Lappi,15,2,2021,viikko,2021-01-28 10:04:21
Nukleiinihappotutkimus,Pirkanmaa,250,2,2021,viikko,2021-01-28 10:04:21
Nukleiinihappotutkimus,Pohjanmaa,27,2,2021,viikko,2021-01-28 10:04:21
Nukleiinihappotutkimus,Pohjois-Karjala,39,2,2021,viikko,2021-01-28 10:04:21
Nukleiinihappotutkimus,Pohjois-Pohjanmaa,50,2,2021,viikko,2021-01-28 10:04:21
Nukleiinihappotutkimus,Pohjois-Savo,32,2,2021,viikko,2021-01-28 10:04:21
Nukleiinihappotutkimus,Päijät-Häme,48,2,2021,viikko,2021-01-28 10:04:21
Nukleiinihappotutkimus,Satakunta,37,2,2021,viikko,2021-01-28 10:04:21
Nukleiinihappotutkimus,Uusimaa,1353,2,2021,viikko,2021-01-28 10:04:21
Nukleiinihappotutkimus,Varsinais-Suomi,345,2,2021,viikko,2021-01-28 10:04:21
Vasta-ainetesti,Koko Suomi,71,2,2021,viikko,2021-01-28 10:04:21
Vasta-ainetesti,Kainuu,1,2,2021,viikko,2021-01-28 10:04:21
Vasta-ainetesti,Kanta-Häme,1,2,2021,viikko,2021-01-28 10:04:21
Vasta-ainetesti,Keski-Suomi,2,2,2021,viikko,2021-01-28 10:04:21
Vasta-ainetesti,Kymenlaakso,4,2,2021,viikko,2021-01-28 10:04:21
Vasta-ainetesti,Pirkanmaa,6,2,2021,viikko,2021-01-28 10:04:21
Vasta-ainetesti,Pohjanmaa,5,2,2021,viikko,2021-01-28 10:04:21
Vasta-ainetesti,Pohjois-Savo,1,2,2021,viikko,2021-01-28 10:04:21
Vasta-ainetesti,Satakunta,2,2,2021,viikko,2021-01-28 10:04:21
Vasta-ainetesti,Uusimaa,42,2,2021,viikko,2021-01-28 10:04:21
Vasta-ainetesti,Varsinais-Suomi,5,2,2021,viikko,2021-01-28 10:04:21
Antigeenitutkimus,Koko Suomi,179,1,2021,viikko,2021-01-28 10:04:21
Antigeenitutkimus,Etelä-Pohjanmaa,4,1,2021,viikko,2021-01-28 10:04:21
Antigeenitutkimus,Kanta-Häme,8,1,2021,viikko,2021-01-28 10:04:21
Antigeenitutkimus,Keski-Suomi,6,1,2021,viikko,2021-01-28 10:04:21
Antigeenitutkimus,Lappi,9,1,2021,viikko,2021-01-28 10:04:21
Antigeenitutkimus,Pirkanmaa,23,1,2021,viikko,2021-01-28 10:04:21
Antigeenitutkimus,Pohjanmaa,1,1,2021,viikko,2021-01-28 10:04:21
Antigeenitutkimus,Pohjois-Karjala,1,1,2021,viikko,2021-01-28 10:04:21
Antigeenitutkimus,Pohjois-Pohjanmaa,15,1,2021,viikko,2021-01-28 10:04:21
Antigeenitutkimus,Pohjois-Savo,9,1,2021,viikko,2021-01-28 10:04:21
Antigeenitutkimus,Päijät-Häme,2,1,2021,viikko,2021-01-28 10:04:21
Antigeenitutkimus,Satakunta,8,1,2021,viikko,2021-01-28 10:04:21
Antigeenitutkimus,Uusimaa,50,1,2021,viikko,2021-01-28 10:04:21
Antigeenitutkimus,Varsinais-Suomi,41,1,2021,viikko,2021-01-28 10:04:21
Nukleiinihappotutkimus,Koko Suomi,2237,1,2021,viikko,2021-01-28 10:04:21
Nukleiinihappotutkimus,Etelä-Karjala,14,1,2021,viikko,2021-01-28 10:04:21
Nukleiinihappotutkimus,Etelä-Pohjanmaa,6,1,2021,viikko,2021-01-28 10:04:21
Nukleiinihappotutkimus,Etelä-Savo,6,1,2021,viikko,2021-01-28 10:04:21
Nukleiinihappotutkimus,Kainuu,1,1,2021,viikko,2021-01-28 10:04:21
Nukleiinihappotutkimus,Kanta-Häme,39,1,2021,viikko,2021-01-28 10:04:21
Nukleiinihappotutkimus,Keski-Pohjanmaa,1,1,2021,viikko,2021-01-28 10:04:21
Nukleiinihappotutkimus,Keski-Suomi,65,1,2021,viikko,2021-01-28 10:04:21
Nukleiinihappotutkimus,Kymenlaakso,15,1,2021,viikko,2021-01-28 10:04:21
Nukleiinihappotutkimus,Lappi,17,1,2021,viikko,2021-01-28 10:04:21
Nukleiinihappotutkimus,Pirkanmaa,300,1,2021,viikko,2021-01-28 10:04:21
Nukleiinihappotutkimus,Pohjanmaa,19,1,2021,viikko,2021-01-28 10:04:21
Nukleiinihappotutkimus,Pohjois-Karjala,29,1,2021,viikko,2021-01-28 10:04:21
Nukleiinihappotutkimus,Pohjois-Pohjanmaa,85,1,2021,viikko,2021-01-28 10:04:21
Nukleiinihappotutkimus,Pohjois-Savo,34,1,2021,viikko,2021-01-28 10:04:21
Nukleiinihappotutkimus,Päijät-Häme,58,1,2021,viikko,2021-01-28 10:04:21
Nukleiinihappotutkimus,Satakunta,86,1,2021,viikko,2021-01-28 10:04:21
Nukleiinihappotutkimus,Uusimaa,1105,1,2021,viikko,2021-01-28 10:04:21
Nukleiinihappotutkimus,Varsinais-Suomi,326,1,2021,viikko,2021-01-28 10:04:21
Vasta-ainetesti,Koko Suomi,39,1,2021,viikko,2021-01-28 10:04:21
Vasta-ainetesti,Kainuu,1,1,2021,viikko,2021-01-28 10:04:21
Vasta-ainetesti,Kanta-Häme,1,1,2021,viikko,2021-01-28 10:04:21
Vasta-ainetesti,Keski-Suomi,2,1,2021,viikko,2021-01-28 10:04:21
Vasta-ainetesti,Kymenlaakso,2,1,2021,viikko,2021-01-28 10:04:21
Vasta-ainetesti,Pirkanmaa,1,1,2021,viikko,2021-01-28 10:04:21
Vasta-ainetesti,Pohjanmaa,2,1,2021,viikko,2021-01-28 10:04:21
Vasta-ainetesti,Pohjois-Karjala,1,1,2021,viikko,2021-01-28 10:04:21
Vasta-ainetesti,Pohjois-Pohjanmaa,2,1,2021,viikko,2021-01-28 10:04:21
Vasta-ainetesti,Pohjois-Savo,2,1,2021,viikko,2021-01-28 10:04:21
Vasta-ainetesti,Satakunta,3,1,2021,viikko,2021-01-28 10:04:21
Vasta-ainetesti,Uusimaa,19,1,2021,viikko,2021-01-28 10:04:21
Vasta-ainetesti,Varsinais-Suomi,3,1,2021,viikko,2021-01-28 10:04:21
