"toimenpideluokka";"alue";"korvatut_testit_lkm";"viikko";"vuosi";"aikatyyppi";"updated";"paiva"
"Antigeenitutkimus";"Koko Suomi";"179";"1";"2021";"viikko";"2023/12/26 16:37:42";"2021-01-04"
"Antigeenitutkimus";"Koko Suomi";"466";"1";"2022";"viikko";"2023/12/26 16:37:42";"2022-01-03"
"Antigeenitutkimus";"Koko Suomi";"193";"1";"2023";"viikko";"2023/12/26 16:37:42";"2023-01-02"
"Antigeenitutkimus";"Koko Suomi";"228";"2";"2021";"viikko";"2023/12/26 16:37:42";"2021-01-11"
"Antigeenitutkimus";"Koko Suomi";"976";"2";"2022";"viikko";"2023/12/26 16:37:42";"2022-01-10"
"Antigeenitutkimus";"Koko Suomi";"336";"2";"2023";"viikko";"2023/12/26 16:37:42";"2023-01-09"
"Antigeenitutkimus";"Koko Suomi";"155";"3";"2021";"viikko";"2023/12/26 16:37:42";"2021-01-18"
"Antigeenitutkimus";"Koko Suomi";"630";"3";"2022";"viikko";"2023/12/26 16:37:42";"2022-01-17"
"Antigeenitutkimus";"Koko Suomi";"185";"3";"2023";"viikko";"2023/12/26 16:37:42";"2023-01-16"
"Antigeenitutkimus";"Koko Suomi";"397";"4";"2021";"viikko";"2023/12/26 16:37:42";"2021-01-25"
"Antigeenitutkimus";"Koko Suomi";"734";"4";"2022";"viikko";"2023/12/26 16:37:42";"2022-01-24"
"Antigeenitutkimus";"Koko Suomi";"688";"4";"2023";"viikko";"2023/12/26 16:37:42";"2023-01-23"
"Antigeenitutkimus";"Koko Suomi";"234";"5";"2021";"viikko";"2023/12/26 16:37:42";"2021-02-01"
"Antigeenitutkimus";"Koko Suomi";"1186";"5";"2022";"viikko";"2023/12/26 16:37:42";"2022-01-31"
"Antigeenitutkimus";"Koko Suomi";"84";"5";"2023";"viikko";"2023/12/26 16:37:42";"2023-01-30"
"Antigeenitutkimus";"Koko Suomi";"157";"6";"2021";"viikko";"2023/12/26 16:37:42";"2021-02-08"
"Antigeenitutkimus";"Koko Suomi";"873";"6";"2022";"viikko";"2023/12/26 16:37:42";"2022-02-07"
"Antigeenitutkimus";"Koko Suomi";"103";"6";"2023";"viikko";"2023/12/26 16:37:42";"2023-02-06"
"Antigeenitutkimus";"Koko Suomi";"212";"7";"2021";"viikko";"2023/12/26 16:37:42";"2021-02-15"
"Antigeenitutkimus";"Koko Suomi";"202";"7";"2022";"viikko";"2023/12/26 16:37:42";"2022-02-14"
"Antigeenitutkimus";"Koko Suomi";"602";"7";"2023";"viikko";"2023/12/26 16:37:42";"2023-02-13"
"Antigeenitutkimus";"Koko Suomi";"160";"8";"2021";"viikko";"2023/12/26 16:37:42";"2021-02-22"
"Antigeenitutkimus";"Koko Suomi";"478";"8";"2022";"viikko";"2023/12/26 16:37:42";"2022-02-21"
"Antigeenitutkimus";"Koko Suomi";"47";"8";"2023";"viikko";"2023/12/26 16:37:42";"2023-02-20"
"Antigeenitutkimus";"Koko Suomi";"111";"9";"2021";"viikko";"2023/12/26 16:37:42";"2021-03-01"
"Antigeenitutkimus";"Koko Suomi";"429";"9";"2022";"viikko";"2023/12/26 16:37:42";"2022-02-28"
"Antigeenitutkimus";"Koko Suomi";"44";"9";"2023";"viikko";"2023/12/26 16:37:42";"2023-02-27"
"Antigeenitutkimus";"Koko Suomi";"187";"10";"2021";"viikko";"2023/12/26 16:37:42";"2021-03-08"
"Antigeenitutkimus";"Koko Suomi";"107";"10";"2022";"viikko";"2023/12/26 16:37:42";"2022-03-07"
"Antigeenitutkimus";"Koko Suomi";"59";"10";"2023";"viikko";"2023/12/26 16:37:42";"2023-03-06"
"Antigeenitutkimus";"Koko Suomi";"143";"11";"2021";"viikko";"2023/12/26 16:37:42";"2021-03-15"
"Antigeenitutkimus";"Koko Suomi";"314";"11";"2022";"viikko";"2023/12/26 16:37:42";"2022-03-14"
"Antigeenitutkimus";"Koko Suomi";"233";"11";"2023";"viikko";"2023/12/26 16:37:42";"2023-03-13"
"Antigeenitutkimus";"Koko Suomi";"206";"12";"2021";"viikko";"2023/12/26 16:37:42";"2021-03-22"
"Antigeenitutkimus";"Koko Suomi";"171";"12";"2022";"viikko";"2023/12/26 16:37:42";"2022-03-21"
"Antigeenitutkimus";"Koko Suomi";"152";"12";"2023";"viikko";"2023/12/26 16:37:42";"2023-03-20"
"Antigeenitutkimus";"Koko Suomi";"139";"13";"2021";"viikko";"2023/12/26 16:37:42";"2021-03-29"
"Antigeenitutkimus";"Koko Suomi";"201";"13";"2022";"viikko";"2023/12/26 16:37:42";"2022-03-28"
"Antigeenitutkimus";"Koko Suomi";"259";"13";"2023";"viikko";"2023/12/26 16:37:42";"2023-03-27"
"Antigeenitutkimus";"Koko Suomi";"246";"14";"2021";"viikko";"2023/12/26 16:37:42";"2021-04-05"
"Antigeenitutkimus";"Koko Suomi";"446";"14";"2022";"viikko";"2023/12/26 16:37:42";"2022-04-04"
"Antigeenitutkimus";"Koko Suomi";"34";"14";"2023";"viikko";"2023/12/26 16:37:42";"2023-04-03"
"Antigeenitutkimus";"Koko Suomi";"239";"15";"2021";"viikko";"2023/12/26 16:37:42";"2021-04-12"
"Antigeenitutkimus";"Koko Suomi";"50";"15";"2022";"viikko";"2023/12/26 16:37:42";"2022-04-11"
"Antigeenitutkimus";"Koko Suomi";"73";"15";"2023";"viikko";"2023/12/26 16:37:42";"2023-04-10"
"Antigeenitutkimus";"Koko Suomi";"220";"16";"2021";"viikko";"2023/12/26 16:37:42";"2021-04-19"
"Antigeenitutkimus";"Koko Suomi";"54";"16";"2022";"viikko";"2023/12/26 16:37:42";"2022-04-18"
"Antigeenitutkimus";"Koko Suomi";"66";"16";"2023";"viikko";"2023/12/26 16:37:42";"2023-04-17"
"Antigeenitutkimus";"Koko Suomi";"138";"17";"2021";"viikko";"2023/12/26 16:37:42";"2021-04-26"
"Antigeenitutkimus";"Koko Suomi";"76";"17";"2022";"viikko";"2023/12/26 16:37:42";"2022-04-25"
"Antigeenitutkimus";"Koko Suomi";"178";"17";"2023";"viikko";"2023/12/26 16:37:42";"2023-04-24"
"Antigeenitutkimus";"Koko Suomi";"128";"18";"2021";"viikko";"2023/12/26 16:37:42";"2021-05-03"
"Antigeenitutkimus";"Koko Suomi";"135";"18";"2022";"viikko";"2023/12/26 16:37:42";"2022-05-02"
"Antigeenitutkimus";"Koko Suomi";"55";"18";"2023";"viikko";"2023/12/26 16:37:42";"2023-05-01"
"Antigeenitutkimus";"Koko Suomi";"197";"19";"2021";"viikko";"2023/12/26 16:37:42";"2021-05-10"
"Antigeenitutkimus";"Koko Suomi";"394";"19";"2022";"viikko";"2023/12/26 16:37:42";"2022-05-09"
"Antigeenitutkimus";"Koko Suomi";"48";"19";"2023";"viikko";"2023/12/26 16:37:42";"2023-05-08"
"Antigeenitutkimus";"Koko Suomi";"210";"20";"2021";"viikko";"2023/12/26 16:37:42";"2021-05-17"
"Antigeenitutkimus";"Koko Suomi";"199";"20";"2022";"viikko";"2023/12/26 16:37:42";"2022-05-16"
"Antigeenitutkimus";"Koko Suomi";"17";"20";"2023";"viikko";"2023/12/26 16:37:42";"2023-05-15"
"Antigeenitutkimus";"Koko Suomi";"220";"21";"2021";"viikko";"2023/12/26 16:37:42";"2021-05-24"
"Antigeenitutkimus";"Koko Suomi";"117";"21";"2022";"viikko";"2023/12/26 16:37:42";"2022-05-23"
"Antigeenitutkimus";"Koko Suomi";"136";"21";"2023";"viikko";"2023/12/26 16:37:42";"2023-05-22"
"Antigeenitutkimus";"Koko Suomi";"187";"22";"2021";"viikko";"2023/12/26 16:37:42";"2021-05-31"
"Antigeenitutkimus";"Koko Suomi";"158";"22";"2022";"viikko";"2023/12/26 16:37:42";"2022-05-30"
"Antigeenitutkimus";"Koko Suomi";"143";"22";"2023";"viikko";"2023/12/26 16:37:42";"2023-05-29"
"Antigeenitutkimus";"Koko Suomi";"148";"23";"2021";"viikko";"2023/12/26 16:37:42";"2021-06-07"
"Antigeenitutkimus";"Koko Suomi";"170";"23";"2022";"viikko";"2023/12/26 16:37:42";"2022-06-06"
"Antigeenitutkimus";"Koko Suomi";"48";"23";"2023";"viikko";"2023/12/26 16:37:42";"2023-06-05"
"Antigeenitutkimus";"Koko Suomi";"189";"24";"2021";"viikko";"2023/12/26 16:37:42";"2021-06-14"
"Antigeenitutkimus";"Koko Suomi";"157";"24";"2022";"viikko";"2023/12/26 16:37:42";"2022-06-13"
"Antigeenitutkimus";"Koko Suomi";"21";"24";"2023";"viikko";"2023/12/26 16:37:42";"2023-06-12"
"Antigeenitutkimus";"Koko Suomi";"89";"25";"2021";"viikko";"2023/12/26 16:37:42";"2021-06-21"
"Antigeenitutkimus";"Koko Suomi";"75";"25";"2022";"viikko";"2023/12/26 16:37:42";"2022-06-20"
"Antigeenitutkimus";"Koko Suomi";"33";"25";"2023";"viikko";"2023/12/26 16:37:42";"2023-06-19"
"Antigeenitutkimus";"Koko Suomi";"168";"26";"2021";"viikko";"2023/12/26 16:37:42";"2021-06-28"
"Antigeenitutkimus";"Koko Suomi";"85";"26";"2022";"viikko";"2023/12/26 16:37:42";"2022-06-27"
"Antigeenitutkimus";"Koko Suomi";"137";"26";"2023";"viikko";"2023/12/26 16:37:42";"2023-06-26"
"Antigeenitutkimus";"Koko Suomi";"191";"27";"2021";"viikko";"2023/12/26 16:37:42";"2021-07-05"
"Antigeenitutkimus";"Koko Suomi";"561";"27";"2022";"viikko";"2023/12/26 16:37:42";"2022-07-04"
"Antigeenitutkimus";"Koko Suomi";"17";"27";"2023";"viikko";"2023/12/26 16:37:42";"2023-07-03"
"Antigeenitutkimus";"Koko Suomi";"137";"28";"2021";"viikko";"2023/12/26 16:37:42";"2021-07-12"
"Antigeenitutkimus";"Koko Suomi";"81";"28";"2022";"viikko";"2023/12/26 16:37:42";"2022-07-11"
"Antigeenitutkimus";"Koko Suomi";"43";"28";"2023";"viikko";"2023/12/26 16:37:42";"2023-07-10"
"Antigeenitutkimus";"Koko Suomi";"215";"29";"2021";"viikko";"2023/12/26 16:37:42";"2021-07-19"
"Antigeenitutkimus";"Koko Suomi";"78";"29";"2022";"viikko";"2023/12/26 16:37:42";"2022-07-18"
"Antigeenitutkimus";"Koko Suomi";"26";"29";"2023";"viikko";"2023/12/26 16:37:42";"2023-07-17"
"Antigeenitutkimus";"Koko Suomi";"361";"30";"2021";"viikko";"2023/12/26 16:37:42";"2021-07-26"
"Antigeenitutkimus";"Koko Suomi";"72";"30";"2022";"viikko";"2023/12/26 16:37:42";"2022-07-25"
"Antigeenitutkimus";"Koko Suomi";"1";"30";"2023";"viikko";"2023/12/26 16:37:42";"2023-07-24"
"Antigeenitutkimus";"Koko Suomi";"230";"31";"2021";"viikko";"2023/12/26 16:37:42";"2021-08-02"
"Antigeenitutkimus";"Koko Suomi";"501";"31";"2022";"viikko";"2023/12/26 16:37:42";"2022-08-01"
"Antigeenitutkimus";"Koko Suomi";"10";"31";"2023";"viikko";"2023/12/26 16:37:42";"2023-07-31"
"Antigeenitutkimus";"Koko Suomi";"357";"32";"2021";"viikko";"2023/12/26 16:37:42";"2021-08-09"
"Antigeenitutkimus";"Koko Suomi";"933";"32";"2022";"viikko";"2023/12/26 16:37:42";"2022-08-08"
"Antigeenitutkimus";"Koko Suomi";"2";"32";"2023";"viikko";"2023/12/26 16:37:42";"2023-08-07"
"Antigeenitutkimus";"Koko Suomi";"161";"33";"2021";"viikko";"2023/12/26 16:37:42";"2021-08-16"
"Antigeenitutkimus";"Koko Suomi";"177";"33";"2022";"viikko";"2023/12/26 16:37:42";"2022-08-15"
"Antigeenitutkimus";"Koko Suomi";"6";"33";"2023";"viikko";"2023/12/26 16:37:42";"2023-08-14"
"Antigeenitutkimus";"Koko Suomi";"285";"34";"2021";"viikko";"2023/12/26 16:37:42";"2021-08-23"
"Antigeenitutkimus";"Koko Suomi";"137";"34";"2022";"viikko";"2023/12/26 16:37:42";"2022-08-22"
"Antigeenitutkimus";"Koko Suomi";"310";"35";"2021";"viikko";"2023/12/26 16:37:42";"2021-08-30"
"Antigeenitutkimus";"Koko Suomi";"513";"35";"2022";"viikko";"2023/12/26 16:37:42";"2022-08-29"
"Antigeenitutkimus";"Koko Suomi";"18";"35";"2023";"viikko";"2023/12/26 16:37:42";"2023-08-28"
"Antigeenitutkimus";"Koko Suomi";"434";"36";"2021";"viikko";"2023/12/26 16:37:42";"2021-09-06"
"Antigeenitutkimus";"Koko Suomi";"192";"36";"2022";"viikko";"2023/12/26 16:37:42";"2022-09-05"
"Antigeenitutkimus";"Koko Suomi";"5";"36";"2023";"viikko";"2023/12/26 16:37:42";"2023-09-04"
"Antigeenitutkimus";"Koko Suomi";"265";"37";"2021";"viikko";"2023/12/26 16:37:42";"2021-09-13"
"Antigeenitutkimus";"Koko Suomi";"183";"37";"2022";"viikko";"2023/12/26 16:37:42";"2022-09-12"
"Antigeenitutkimus";"Koko Suomi";"1";"37";"2023";"viikko";"2023/12/26 16:37:42";"2023-09-11"
"Antigeenitutkimus";"Koko Suomi";"327";"38";"2021";"viikko";"2023/12/26 16:37:42";"2021-09-20"
"Antigeenitutkimus";"Koko Suomi";"96";"38";"2022";"viikko";"2023/12/26 16:37:42";"2022-09-19"
"Antigeenitutkimus";"Koko Suomi";"2";"38";"2023";"viikko";"2023/12/26 16:37:42";"2023-09-18"
"Antigeenitutkimus";"Koko Suomi";"2";"39";"2020";"viikko";"2023/12/26 16:37:42";"2020-09-28"
"Antigeenitutkimus";"Koko Suomi";"216";"39";"2021";"viikko";"2023/12/26 16:37:42";"2021-09-27"
"Antigeenitutkimus";"Koko Suomi";"50";"39";"2022";"viikko";"2023/12/26 16:37:42";"2022-09-26"
"Antigeenitutkimus";"Koko Suomi";"2";"39";"2023";"viikko";"2023/12/26 16:37:42";"2023-09-25"
"Antigeenitutkimus";"Koko Suomi";"66";"40";"2020";"viikko";"2023/12/26 16:37:42";"2020-10-05"
"Antigeenitutkimus";"Koko Suomi";"271";"40";"2021";"viikko";"2023/12/26 16:37:42";"2021-10-04"
"Antigeenitutkimus";"Koko Suomi";"48";"40";"2022";"viikko";"2023/12/26 16:37:42";"2022-10-03"
"Antigeenitutkimus";"Koko Suomi";"2";"40";"2023";"viikko";"2023/12/26 16:37:42";"2023-10-02"
"Antigeenitutkimus";"Koko Suomi";"110";"41";"2020";"viikko";"2023/12/26 16:37:42";"2020-10-12"
"Antigeenitutkimus";"Koko Suomi";"267";"41";"2021";"viikko";"2023/12/26 16:37:42";"2021-10-11"
"Antigeenitutkimus";"Koko Suomi";"72";"41";"2022";"viikko";"2023/12/26 16:37:42";"2022-10-10"
"Antigeenitutkimus";"Koko Suomi";"110";"42";"2020";"viikko";"2023/12/26 16:37:42";"2020-10-19"
"Antigeenitutkimus";"Koko Suomi";"164";"42";"2021";"viikko";"2023/12/26 16:37:42";"2021-10-18"
"Antigeenitutkimus";"Koko Suomi";"129";"42";"2022";"viikko";"2023/12/26 16:37:42";"2022-10-17"
"Antigeenitutkimus";"Koko Suomi";"2";"42";"2023";"viikko";"2023/12/26 16:37:42";"2023-10-16"
"Antigeenitutkimus";"Koko Suomi";"155";"43";"2020";"viikko";"2023/12/26 16:37:42";"2020-10-26"
"Antigeenitutkimus";"Koko Suomi";"236";"43";"2021";"viikko";"2023/12/26 16:37:42";"2021-10-25"
"Antigeenitutkimus";"Koko Suomi";"131";"43";"2022";"viikko";"2023/12/26 16:37:42";"2022-10-24"
"Antigeenitutkimus";"Koko Suomi";"80";"44";"2020";"viikko";"2023/12/26 16:37:42";"2020-11-02"
"Antigeenitutkimus";"Koko Suomi";"86";"44";"2021";"viikko";"2023/12/26 16:37:42";"2021-11-01"
"Antigeenitutkimus";"Koko Suomi";"242";"44";"2022";"viikko";"2023/12/26 16:37:42";"2022-10-31"
"Antigeenitutkimus";"Koko Suomi";"2";"44";"2023";"viikko";"2023/12/26 16:37:42";"2023-10-30"
"Antigeenitutkimus";"Koko Suomi";"162";"45";"2020";"viikko";"2023/12/26 16:37:42";"2020-11-09"
"Antigeenitutkimus";"Koko Suomi";"140";"45";"2021";"viikko";"2023/12/26 16:37:42";"2021-11-08"
"Antigeenitutkimus";"Koko Suomi";"84";"45";"2022";"viikko";"2023/12/26 16:37:42";"2022-11-07"
"Antigeenitutkimus";"Koko Suomi";"2";"45";"2023";"viikko";"2023/12/26 16:37:42";"2023-11-06"
"Antigeenitutkimus";"Koko Suomi";"114";"46";"2020";"viikko";"2023/12/26 16:37:42";"2020-11-16"
"Antigeenitutkimus";"Koko Suomi";"133";"46";"2021";"viikko";"2023/12/26 16:37:42";"2021-11-15"
"Antigeenitutkimus";"Koko Suomi";"48";"46";"2022";"viikko";"2023/12/26 16:37:42";"2022-11-14"
"Antigeenitutkimus";"Koko Suomi";"106";"47";"2020";"viikko";"2023/12/26 16:37:42";"2020-11-23"
"Antigeenitutkimus";"Koko Suomi";"349";"47";"2021";"viikko";"2023/12/26 16:37:42";"2021-11-22"
"Antigeenitutkimus";"Koko Suomi";"121";"47";"2022";"viikko";"2023/12/26 16:37:42";"2022-11-21"
"Antigeenitutkimus";"Koko Suomi";"62";"48";"2020";"viikko";"2023/12/26 16:37:42";"2020-11-30"
"Antigeenitutkimus";"Koko Suomi";"474";"48";"2021";"viikko";"2023/12/26 16:37:42";"2021-11-29"
"Antigeenitutkimus";"Koko Suomi";"140";"48";"2022";"viikko";"2023/12/26 16:37:42";"2022-11-28"
"Antigeenitutkimus";"Koko Suomi";"124";"49";"2020";"viikko";"2023/12/26 16:37:42";"2020-12-07"
"Antigeenitutkimus";"Koko Suomi";"189";"49";"2021";"viikko";"2023/12/26 16:37:42";"2021-12-06"
"Antigeenitutkimus";"Koko Suomi";"41";"49";"2022";"viikko";"2023/12/26 16:37:42";"2022-12-05"
"Antigeenitutkimus";"Koko Suomi";"142";"50";"2020";"viikko";"2023/12/26 16:37:42";"2020-12-14"
"Antigeenitutkimus";"Koko Suomi";"319";"50";"2021";"viikko";"2023/12/26 16:37:42";"2021-12-13"
"Antigeenitutkimus";"Koko Suomi";"210";"50";"2022";"viikko";"2023/12/26 16:37:42";"2022-12-12"
"Antigeenitutkimus";"Koko Suomi";"114";"51";"2020";"viikko";"2023/12/26 16:37:42";"2020-12-21"
"Antigeenitutkimus";"Koko Suomi";"252";"51";"2021";"viikko";"2023/12/26 16:37:42";"2021-12-20"
"Antigeenitutkimus";"Koko Suomi";"490";"51";"2022";"viikko";"2023/12/26 16:37:42";"2022-12-19"
"Antigeenitutkimus";"Koko Suomi";"3";"51";"2023";"viikko";"2023/12/26 16:37:42";"2023-12-18"
"Antigeenitutkimus";"Koko Suomi";"123";"52";"2020";"viikko";"2023/12/26 16:37:42";"2020-12-28"
"Antigeenitutkimus";"Koko Suomi";"440";"52";"2021";"viikko";"2023/12/26 16:37:42";"2021-12-27"
"Antigeenitutkimus";"Koko Suomi";"153";"52";"2022";"viikko";"2023/12/26 16:37:42";"2022-12-26"
"Antigeenitutkimus";"Koko Suomi";"238";"53";"2020";"viikko";"2023/12/26 16:37:42";NA
"Nukleiinihappotutkimus";"Koko Suomi";"2237";"1";"2021";"viikko";"2023/12/26 16:37:42";"2021-01-04"
"Nukleiinihappotutkimus";"Koko Suomi";"6941";"1";"2022";"viikko";"2023/12/26 16:37:42";"2022-01-03"
"Nukleiinihappotutkimus";"Koko Suomi";"5130";"1";"2023";"viikko";"2023/12/26 16:37:42";"2023-01-02"
"Nukleiinihappotutkimus";"Koko Suomi";"2488";"2";"2021";"viikko";"2023/12/26 16:37:42";"2021-01-11"
"Nukleiinihappotutkimus";"Koko Suomi";"11571";"2";"2022";"viikko";"2023/12/26 16:37:42";"2022-01-10"
"Nukleiinihappotutkimus";"Koko Suomi";"4157";"2";"2023";"viikko";"2023/12/26 16:37:42";"2023-01-09"
"Nukleiinihappotutkimus";"Koko Suomi";"1522";"3";"2021";"viikko";"2023/12/26 16:37:42";"2021-01-18"
"Nukleiinihappotutkimus";"Koko Suomi";"16896";"3";"2022";"viikko";"2023/12/26 16:37:42";"2022-01-17"
"Nukleiinihappotutkimus";"Koko Suomi";"1890";"3";"2023";"viikko";"2023/12/26 16:37:42";"2023-01-16"
"Nukleiinihappotutkimus";"Koko Suomi";"3516";"4";"2021";"viikko";"2023/12/26 16:37:42";"2021-01-25"
"Nukleiinihappotutkimus";"Koko Suomi";"6632";"4";"2022";"viikko";"2023/12/26 16:37:42";"2022-01-24"
"Nukleiinihappotutkimus";"Koko Suomi";"1391";"4";"2023";"viikko";"2023/12/26 16:37:42";"2023-01-23"
"Nukleiinihappotutkimus";"Koko Suomi";"2953";"5";"2021";"viikko";"2023/12/26 16:37:42";"2021-02-01"
"Nukleiinihappotutkimus";"Koko Suomi";"11918";"5";"2022";"viikko";"2023/12/26 16:37:42";"2022-01-31"
"Nukleiinihappotutkimus";"Koko Suomi";"518";"5";"2023";"viikko";"2023/12/26 16:37:42";"2023-01-30"
"Nukleiinihappotutkimus";"Koko Suomi";"3209";"6";"2021";"viikko";"2023/12/26 16:37:42";"2021-02-08"
"Nukleiinihappotutkimus";"Koko Suomi";"13366";"6";"2022";"viikko";"2023/12/26 16:37:42";"2022-02-07"
"Nukleiinihappotutkimus";"Koko Suomi";"673";"6";"2023";"viikko";"2023/12/26 16:37:42";"2023-02-06"
"Nukleiinihappotutkimus";"Koko Suomi";"6066";"7";"2021";"viikko";"2023/12/26 16:37:42";"2021-02-15"
"Nukleiinihappotutkimus";"Koko Suomi";"12623";"7";"2022";"viikko";"2023/12/26 16:37:42";"2022-02-14"
"Nukleiinihappotutkimus";"Koko Suomi";"356";"7";"2023";"viikko";"2023/12/26 16:37:42";"2023-02-13"
"Nukleiinihappotutkimus";"Koko Suomi";"7370";"8";"2021";"viikko";"2023/12/26 16:37:42";"2021-02-22"
"Nukleiinihappotutkimus";"Koko Suomi";"8418";"8";"2022";"viikko";"2023/12/26 16:37:42";"2022-02-21"
"Nukleiinihappotutkimus";"Koko Suomi";"547";"8";"2023";"viikko";"2023/12/26 16:37:42";"2023-02-20"
"Nukleiinihappotutkimus";"Koko Suomi";"12168";"9";"2021";"viikko";"2023/12/26 16:37:42";"2021-03-01"
"Nukleiinihappotutkimus";"Koko Suomi";"15054";"9";"2022";"viikko";"2023/12/26 16:37:42";"2022-02-28"
"Nukleiinihappotutkimus";"Koko Suomi";"327";"9";"2023";"viikko";"2023/12/26 16:37:42";"2023-02-27"
"Nukleiinihappotutkimus";"Koko Suomi";"8440";"10";"2021";"viikko";"2023/12/26 16:37:42";"2021-03-08"
"Nukleiinihappotutkimus";"Koko Suomi";"8865";"10";"2022";"viikko";"2023/12/26 16:37:42";"2022-03-07"
"Nukleiinihappotutkimus";"Koko Suomi";"240";"10";"2023";"viikko";"2023/12/26 16:37:42";"2023-03-06"
"Nukleiinihappotutkimus";"Koko Suomi";"6845";"11";"2021";"viikko";"2023/12/26 16:37:42";"2021-03-15"
"Nukleiinihappotutkimus";"Koko Suomi";"13994";"11";"2022";"viikko";"2023/12/26 16:37:42";"2022-03-14"
"Nukleiinihappotutkimus";"Koko Suomi";"217";"11";"2023";"viikko";"2023/12/26 16:37:42";"2023-03-13"
"Nukleiinihappotutkimus";"Koko Suomi";"6929";"12";"2021";"viikko";"2023/12/26 16:37:42";"2021-03-22"
"Nukleiinihappotutkimus";"Koko Suomi";"8626";"12";"2022";"viikko";"2023/12/26 16:37:42";"2022-03-21"
"Nukleiinihappotutkimus";"Koko Suomi";"223";"12";"2023";"viikko";"2023/12/26 16:37:42";"2023-03-20"
"Nukleiinihappotutkimus";"Koko Suomi";"7142";"13";"2021";"viikko";"2023/12/26 16:37:42";"2021-03-29"
"Nukleiinihappotutkimus";"Koko Suomi";"14031";"13";"2022";"viikko";"2023/12/26 16:37:42";"2022-03-28"
"Nukleiinihappotutkimus";"Koko Suomi";"201";"13";"2023";"viikko";"2023/12/26 16:37:42";"2023-03-27"
"Nukleiinihappotutkimus";"Koko Suomi";"8241";"14";"2021";"viikko";"2023/12/26 16:37:42";"2021-04-05"
"Nukleiinihappotutkimus";"Koko Suomi";"14297";"14";"2022";"viikko";"2023/12/26 16:37:42";"2022-04-04"
"Nukleiinihappotutkimus";"Koko Suomi";"89";"14";"2023";"viikko";"2023/12/26 16:37:42";"2023-04-03"
"Nukleiinihappotutkimus";"Koko Suomi";"10151";"15";"2021";"viikko";"2023/12/26 16:37:42";"2021-04-12"
"Nukleiinihappotutkimus";"Koko Suomi";"5803";"15";"2022";"viikko";"2023/12/26 16:37:42";"2022-04-11"
"Nukleiinihappotutkimus";"Koko Suomi";"147";"15";"2023";"viikko";"2023/12/26 16:37:42";"2023-04-10"
"Nukleiinihappotutkimus";"Koko Suomi";"7800";"16";"2021";"viikko";"2023/12/26 16:37:42";"2021-04-19"
"Nukleiinihappotutkimus";"Koko Suomi";"8610";"16";"2022";"viikko";"2023/12/26 16:37:42";"2022-04-18"
"Nukleiinihappotutkimus";"Koko Suomi";"102";"16";"2023";"viikko";"2023/12/26 16:37:42";"2023-04-17"
"Nukleiinihappotutkimus";"Koko Suomi";"6725";"17";"2021";"viikko";"2023/12/26 16:37:42";"2021-04-26"
"Nukleiinihappotutkimus";"Koko Suomi";"15257";"17";"2022";"viikko";"2023/12/26 16:37:42";"2022-04-25"
"Nukleiinihappotutkimus";"Koko Suomi";"360";"17";"2023";"viikko";"2023/12/26 16:37:42";"2023-04-24"
"Nukleiinihappotutkimus";"Koko Suomi";"5";"18";"2020";"viikko";"2023/12/26 16:37:42";"2020-05-04"
"Nukleiinihappotutkimus";"Koko Suomi";"5012";"18";"2021";"viikko";"2023/12/26 16:37:42";"2021-05-03"
"Nukleiinihappotutkimus";"Koko Suomi";"14228";"18";"2022";"viikko";"2023/12/26 16:37:42";"2022-05-02"
"Nukleiinihappotutkimus";"Koko Suomi";"122";"18";"2023";"viikko";"2023/12/26 16:37:42";"2023-05-01"
"Nukleiinihappotutkimus";"Koko Suomi";"59";"19";"2020";"viikko";"2023/12/26 16:37:42";"2020-05-11"
"Nukleiinihappotutkimus";"Koko Suomi";"8448";"19";"2021";"viikko";"2023/12/26 16:37:42";"2021-05-10"
"Nukleiinihappotutkimus";"Koko Suomi";"17002";"19";"2022";"viikko";"2023/12/26 16:37:42";"2022-05-09"
"Nukleiinihappotutkimus";"Koko Suomi";"254";"19";"2023";"viikko";"2023/12/26 16:37:42";"2023-05-08"
"Nukleiinihappotutkimus";"Koko Suomi";"180";"20";"2020";"viikko";"2023/12/26 16:37:42";"2020-05-18"
"Nukleiinihappotutkimus";"Koko Suomi";"9401";"20";"2021";"viikko";"2023/12/26 16:37:42";"2021-05-17"
"Nukleiinihappotutkimus";"Koko Suomi";"9693";"20";"2022";"viikko";"2023/12/26 16:37:42";"2022-05-16"
"Nukleiinihappotutkimus";"Koko Suomi";"52";"20";"2023";"viikko";"2023/12/26 16:37:42";"2023-05-15"
"Nukleiinihappotutkimus";"Koko Suomi";"179";"21";"2020";"viikko";"2023/12/26 16:37:42";"2020-05-25"
"Nukleiinihappotutkimus";"Koko Suomi";"6020";"21";"2021";"viikko";"2023/12/26 16:37:42";"2021-05-24"
"Nukleiinihappotutkimus";"Koko Suomi";"4435";"21";"2022";"viikko";"2023/12/26 16:37:42";"2022-05-23"
"Nukleiinihappotutkimus";"Koko Suomi";"305";"21";"2023";"viikko";"2023/12/26 16:37:42";"2023-05-22"
"Nukleiinihappotutkimus";"Koko Suomi";"295";"22";"2020";"viikko";"2023/12/26 16:37:42";"2020-06-01"
"Nukleiinihappotutkimus";"Koko Suomi";"5665";"22";"2021";"viikko";"2023/12/26 16:37:42";"2021-05-31"
"Nukleiinihappotutkimus";"Koko Suomi";"8831";"22";"2022";"viikko";"2023/12/26 16:37:42";"2022-05-30"
"Nukleiinihappotutkimus";"Koko Suomi";"117";"22";"2023";"viikko";"2023/12/26 16:37:42";"2023-05-29"
"Nukleiinihappotutkimus";"Koko Suomi";"312";"23";"2020";"viikko";"2023/12/26 16:37:42";"2020-06-08"
"Nukleiinihappotutkimus";"Koko Suomi";"5612";"23";"2021";"viikko";"2023/12/26 16:37:42";"2021-06-07"
"Nukleiinihappotutkimus";"Koko Suomi";"8112";"23";"2022";"viikko";"2023/12/26 16:37:42";"2022-06-06"
"Nukleiinihappotutkimus";"Koko Suomi";"267";"23";"2023";"viikko";"2023/12/26 16:37:42";"2023-06-05"
"Nukleiinihappotutkimus";"Koko Suomi";"233";"24";"2020";"viikko";"2023/12/26 16:37:42";"2020-06-15"
"Nukleiinihappotutkimus";"Koko Suomi";"5721";"24";"2021";"viikko";"2023/12/26 16:37:42";"2021-06-14"
"Nukleiinihappotutkimus";"Koko Suomi";"8741";"24";"2022";"viikko";"2023/12/26 16:37:42";"2022-06-13"
"Nukleiinihappotutkimus";"Koko Suomi";"106";"24";"2023";"viikko";"2023/12/26 16:37:42";"2023-06-12"
"Nukleiinihappotutkimus";"Koko Suomi";"253";"25";"2020";"viikko";"2023/12/26 16:37:42";"2020-06-22"
"Nukleiinihappotutkimus";"Koko Suomi";"4416";"25";"2021";"viikko";"2023/12/26 16:37:42";"2021-06-21"
"Nukleiinihappotutkimus";"Koko Suomi";"5823";"25";"2022";"viikko";"2023/12/26 16:37:42";"2022-06-20"
"Nukleiinihappotutkimus";"Koko Suomi";"67";"25";"2023";"viikko";"2023/12/26 16:37:42";"2023-06-19"
"Nukleiinihappotutkimus";"Koko Suomi";"283";"26";"2020";"viikko";"2023/12/26 16:37:42";"2020-06-29"
"Nukleiinihappotutkimus";"Koko Suomi";"4713";"26";"2021";"viikko";"2023/12/26 16:37:42";"2021-06-28"
"Nukleiinihappotutkimus";"Koko Suomi";"3420";"26";"2022";"viikko";"2023/12/26 16:37:42";"2022-06-27"
"Nukleiinihappotutkimus";"Koko Suomi";"100";"26";"2023";"viikko";"2023/12/26 16:37:42";"2023-06-26"
"Nukleiinihappotutkimus";"Koko Suomi";"221";"27";"2020";"viikko";"2023/12/26 16:37:42";"2020-07-06"
"Nukleiinihappotutkimus";"Koko Suomi";"6776";"27";"2021";"viikko";"2023/12/26 16:37:42";"2021-07-05"
"Nukleiinihappotutkimus";"Koko Suomi";"5798";"27";"2022";"viikko";"2023/12/26 16:37:42";"2022-07-04"
"Nukleiinihappotutkimus";"Koko Suomi";"77";"27";"2023";"viikko";"2023/12/26 16:37:42";"2023-07-03"
"Nukleiinihappotutkimus";"Koko Suomi";"422";"28";"2020";"viikko";"2023/12/26 16:37:42";"2020-07-13"
"Nukleiinihappotutkimus";"Koko Suomi";"4478";"28";"2021";"viikko";"2023/12/26 16:37:42";"2021-07-12"
"Nukleiinihappotutkimus";"Koko Suomi";"4383";"28";"2022";"viikko";"2023/12/26 16:37:42";"2022-07-11"
"Nukleiinihappotutkimus";"Koko Suomi";"31";"28";"2023";"viikko";"2023/12/26 16:37:42";"2023-07-10"
"Nukleiinihappotutkimus";"Koko Suomi";"397";"29";"2020";"viikko";"2023/12/26 16:37:42";"2020-07-20"
"Nukleiinihappotutkimus";"Koko Suomi";"4670";"29";"2021";"viikko";"2023/12/26 16:37:42";"2021-07-19"
"Nukleiinihappotutkimus";"Koko Suomi";"2772";"29";"2022";"viikko";"2023/12/26 16:37:42";"2022-07-18"
"Nukleiinihappotutkimus";"Koko Suomi";"51";"29";"2023";"viikko";"2023/12/26 16:37:42";"2023-07-17"
"Nukleiinihappotutkimus";"Koko Suomi";"524";"30";"2020";"viikko";"2023/12/26 16:37:42";"2020-07-27"
"Nukleiinihappotutkimus";"Koko Suomi";"5412";"30";"2021";"viikko";"2023/12/26 16:37:42";"2021-07-26"
"Nukleiinihappotutkimus";"Koko Suomi";"6391";"30";"2022";"viikko";"2023/12/26 16:37:42";"2022-07-25"
"Nukleiinihappotutkimus";"Koko Suomi";"7";"30";"2023";"viikko";"2023/12/26 16:37:42";"2023-07-24"
"Nukleiinihappotutkimus";"Koko Suomi";"539";"31";"2020";"viikko";"2023/12/26 16:37:42";"2020-08-03"
"Nukleiinihappotutkimus";"Koko Suomi";"4550";"31";"2021";"viikko";"2023/12/26 16:37:42";"2021-08-02"
"Nukleiinihappotutkimus";"Koko Suomi";"5830";"31";"2022";"viikko";"2023/12/26 16:37:42";"2022-08-01"
"Nukleiinihappotutkimus";"Koko Suomi";"25";"31";"2023";"viikko";"2023/12/26 16:37:42";"2023-07-31"
"Nukleiinihappotutkimus";"Koko Suomi";"429";"32";"2020";"viikko";"2023/12/26 16:37:42";"2020-08-10"
"Nukleiinihappotutkimus";"Koko Suomi";"5934";"32";"2021";"viikko";"2023/12/26 16:37:42";"2021-08-09"
"Nukleiinihappotutkimus";"Koko Suomi";"3178";"32";"2022";"viikko";"2023/12/26 16:37:42";"2022-08-08"
"Nukleiinihappotutkimus";"Koko Suomi";"6";"32";"2023";"viikko";"2023/12/26 16:37:42";"2023-08-07"
"Nukleiinihappotutkimus";"Koko Suomi";"1037";"33";"2020";"viikko";"2023/12/26 16:37:42";"2020-08-17"
"Nukleiinihappotutkimus";"Koko Suomi";"6012";"33";"2021";"viikko";"2023/12/26 16:37:42";"2021-08-16"
"Nukleiinihappotutkimus";"Koko Suomi";"7365";"33";"2022";"viikko";"2023/12/26 16:37:42";"2022-08-15"
"Nukleiinihappotutkimus";"Koko Suomi";"9";"33";"2023";"viikko";"2023/12/26 16:37:42";"2023-08-14"
"Nukleiinihappotutkimus";"Koko Suomi";"1569";"34";"2020";"viikko";"2023/12/26 16:37:42";"2020-08-24"
"Nukleiinihappotutkimus";"Koko Suomi";"7790";"34";"2021";"viikko";"2023/12/26 16:37:42";"2021-08-23"
"Nukleiinihappotutkimus";"Koko Suomi";"8423";"34";"2022";"viikko";"2023/12/26 16:37:42";"2022-08-22"
"Nukleiinihappotutkimus";"Koko Suomi";"7";"34";"2023";"viikko";"2023/12/26 16:37:42";"2023-08-21"
"Nukleiinihappotutkimus";"Koko Suomi";"2778";"35";"2020";"viikko";"2023/12/26 16:37:42";"2020-08-31"
"Nukleiinihappotutkimus";"Koko Suomi";"6717";"35";"2021";"viikko";"2023/12/26 16:37:42";"2021-08-30"
"Nukleiinihappotutkimus";"Koko Suomi";"8604";"35";"2022";"viikko";"2023/12/26 16:37:42";"2022-08-29"
"Nukleiinihappotutkimus";"Koko Suomi";"46";"35";"2023";"viikko";"2023/12/26 16:37:42";"2023-08-28"
"Nukleiinihappotutkimus";"Koko Suomi";"3738";"36";"2020";"viikko";"2023/12/26 16:37:42";"2020-09-07"
"Nukleiinihappotutkimus";"Koko Suomi";"9497";"36";"2021";"viikko";"2023/12/26 16:37:42";"2021-09-06"
"Nukleiinihappotutkimus";"Koko Suomi";"6394";"36";"2022";"viikko";"2023/12/26 16:37:42";"2022-09-05"
"Nukleiinihappotutkimus";"Koko Suomi";"13";"36";"2023";"viikko";"2023/12/26 16:37:42";"2023-09-04"
"Nukleiinihappotutkimus";"Koko Suomi";"3358";"37";"2020";"viikko";"2023/12/26 16:37:42";"2020-09-14"
"Nukleiinihappotutkimus";"Koko Suomi";"9371";"37";"2021";"viikko";"2023/12/26 16:37:42";"2021-09-13"
"Nukleiinihappotutkimus";"Koko Suomi";"4890";"37";"2022";"viikko";"2023/12/26 16:37:42";"2022-09-12"
"Nukleiinihappotutkimus";"Koko Suomi";"1";"37";"2023";"viikko";"2023/12/26 16:37:42";"2023-09-11"
"Nukleiinihappotutkimus";"Koko Suomi";"4819";"38";"2020";"viikko";"2023/12/26 16:37:42";"2020-09-21"
"Nukleiinihappotutkimus";"Koko Suomi";"7579";"38";"2021";"viikko";"2023/12/26 16:37:42";"2021-09-20"
"Nukleiinihappotutkimus";"Koko Suomi";"4884";"38";"2022";"viikko";"2023/12/26 16:37:42";"2022-09-19"
"Nukleiinihappotutkimus";"Koko Suomi";"2";"38";"2023";"viikko";"2023/12/26 16:37:42";"2023-09-18"
"Nukleiinihappotutkimus";"Koko Suomi";"4223";"39";"2020";"viikko";"2023/12/26 16:37:42";"2020-09-28"
"Nukleiinihappotutkimus";"Koko Suomi";"7223";"39";"2021";"viikko";"2023/12/26 16:37:42";"2021-09-27"
"Nukleiinihappotutkimus";"Koko Suomi";"3224";"39";"2022";"viikko";"2023/12/26 16:37:42";"2022-09-26"
"Nukleiinihappotutkimus";"Koko Suomi";"1";"39";"2023";"viikko";"2023/12/26 16:37:42";"2023-09-25"
"Nukleiinihappotutkimus";"Koko Suomi";"2856";"40";"2020";"viikko";"2023/12/26 16:37:42";"2020-10-05"
"Nukleiinihappotutkimus";"Koko Suomi";"6450";"40";"2021";"viikko";"2023/12/26 16:37:42";"2021-10-04"
"Nukleiinihappotutkimus";"Koko Suomi";"5078";"40";"2022";"viikko";"2023/12/26 16:37:42";"2022-10-03"
"Nukleiinihappotutkimus";"Koko Suomi";"2";"40";"2023";"viikko";"2023/12/26 16:37:42";"2023-10-02"
"Nukleiinihappotutkimus";"Koko Suomi";"6977";"41";"2020";"viikko";"2023/12/26 16:37:42";"2020-10-12"
"Nukleiinihappotutkimus";"Koko Suomi";"9501";"41";"2021";"viikko";"2023/12/26 16:37:42";"2021-10-11"
"Nukleiinihappotutkimus";"Koko Suomi";"5165";"41";"2022";"viikko";"2023/12/26 16:37:42";"2022-10-10"
"Nukleiinihappotutkimus";"Koko Suomi";"2362";"42";"2020";"viikko";"2023/12/26 16:37:42";"2020-10-19"
"Nukleiinihappotutkimus";"Koko Suomi";"6071";"42";"2021";"viikko";"2023/12/26 16:37:42";"2021-10-18"
"Nukleiinihappotutkimus";"Koko Suomi";"5769";"42";"2022";"viikko";"2023/12/26 16:37:42";"2022-10-17"
"Nukleiinihappotutkimus";"Koko Suomi";"2588";"43";"2020";"viikko";"2023/12/26 16:37:42";"2020-10-26"
"Nukleiinihappotutkimus";"Koko Suomi";"2999";"43";"2021";"viikko";"2023/12/26 16:37:42";"2021-10-25"
"Nukleiinihappotutkimus";"Koko Suomi";"4037";"43";"2022";"viikko";"2023/12/26 16:37:42";"2022-10-24"
"Nukleiinihappotutkimus";"Koko Suomi";"1";"43";"2023";"viikko";"2023/12/26 16:37:42";"2023-10-23"
"Nukleiinihappotutkimus";"Koko Suomi";"2870";"44";"2020";"viikko";"2023/12/26 16:37:42";"2020-11-02"
"Nukleiinihappotutkimus";"Koko Suomi";"2921";"44";"2021";"viikko";"2023/12/26 16:37:42";"2021-11-01"
"Nukleiinihappotutkimus";"Koko Suomi";"5806";"44";"2022";"viikko";"2023/12/26 16:37:42";"2022-10-31"
"Nukleiinihappotutkimus";"Koko Suomi";"3150";"45";"2020";"viikko";"2023/12/26 16:37:42";"2020-11-09"
"Nukleiinihappotutkimus";"Koko Suomi";"4450";"45";"2021";"viikko";"2023/12/26 16:37:42";"2021-11-08"
"Nukleiinihappotutkimus";"Koko Suomi";"6825";"45";"2022";"viikko";"2023/12/26 16:37:42";"2022-11-07"
"Nukleiinihappotutkimus";"Koko Suomi";"1797";"46";"2020";"viikko";"2023/12/26 16:37:42";"2020-11-16"
"Nukleiinihappotutkimus";"Koko Suomi";"4911";"46";"2021";"viikko";"2023/12/26 16:37:42";"2021-11-15"
"Nukleiinihappotutkimus";"Koko Suomi";"3982";"46";"2022";"viikko";"2023/12/26 16:37:42";"2022-11-14"
"Nukleiinihappotutkimus";"Koko Suomi";"22";"46";"2023";"viikko";"2023/12/26 16:37:42";"2023-11-13"
"Nukleiinihappotutkimus";"Koko Suomi";"2005";"47";"2020";"viikko";"2023/12/26 16:37:42";"2020-11-23"
"Nukleiinihappotutkimus";"Koko Suomi";"3991";"47";"2021";"viikko";"2023/12/26 16:37:42";"2021-11-22"
"Nukleiinihappotutkimus";"Koko Suomi";"4747";"47";"2022";"viikko";"2023/12/26 16:37:42";"2022-11-21"
"Nukleiinihappotutkimus";"Koko Suomi";"168";"47";"2023";"viikko";"2023/12/26 16:37:42";"2023-11-20"
"Nukleiinihappotutkimus";"Koko Suomi";"1770";"48";"2020";"viikko";"2023/12/26 16:37:42";"2020-11-30"
"Nukleiinihappotutkimus";"Koko Suomi";"5859";"48";"2021";"viikko";"2023/12/26 16:37:42";"2021-11-29"
"Nukleiinihappotutkimus";"Koko Suomi";"8044";"48";"2022";"viikko";"2023/12/26 16:37:42";"2022-11-28"
"Nukleiinihappotutkimus";"Koko Suomi";"3499";"49";"2020";"viikko";"2023/12/26 16:37:42";"2020-12-07"
"Nukleiinihappotutkimus";"Koko Suomi";"4996";"49";"2021";"viikko";"2023/12/26 16:37:42";"2021-12-06"
"Nukleiinihappotutkimus";"Koko Suomi";"4189";"49";"2022";"viikko";"2023/12/26 16:37:42";"2022-12-05"
"Nukleiinihappotutkimus";"Koko Suomi";"1453";"50";"2020";"viikko";"2023/12/26 16:37:42";"2020-12-14"
"Nukleiinihappotutkimus";"Koko Suomi";"6709";"50";"2021";"viikko";"2023/12/26 16:37:42";"2021-12-13"
"Nukleiinihappotutkimus";"Koko Suomi";"6464";"50";"2022";"viikko";"2023/12/26 16:37:42";"2022-12-12"
"Nukleiinihappotutkimus";"Koko Suomi";"1";"50";"2023";"viikko";"2023/12/26 16:37:42";"2023-12-11"
"Nukleiinihappotutkimus";"Koko Suomi";"1421";"51";"2020";"viikko";"2023/12/26 16:37:42";"2020-12-21"
"Nukleiinihappotutkimus";"Koko Suomi";"4913";"51";"2021";"viikko";"2023/12/26 16:37:42";"2021-12-20"
"Nukleiinihappotutkimus";"Koko Suomi";"6857";"51";"2022";"viikko";"2023/12/26 16:37:42";"2022-12-19"
"Nukleiinihappotutkimus";"Koko Suomi";"12";"51";"2023";"viikko";"2023/12/26 16:37:42";"2023-12-18"
"Nukleiinihappotutkimus";"Koko Suomi";"2282";"52";"2020";"viikko";"2023/12/26 16:37:42";"2020-12-28"
"Nukleiinihappotutkimus";"Koko Suomi";"10222";"52";"2021";"viikko";"2023/12/26 16:37:42";"2021-12-27"
"Nukleiinihappotutkimus";"Koko Suomi";"3969";"52";"2022";"viikko";"2023/12/26 16:37:42";"2022-12-26"
"Nukleiinihappotutkimus";"Koko Suomi";"2516";"53";"2020";"viikko";"2023/12/26 16:37:42";NA
"Vasta-ainetesti";"Koko Suomi";"39";"1";"2021";"viikko";"2023/12/26 16:37:42";"2021-01-04"
"Vasta-ainetesti";"Koko Suomi";"36";"1";"2022";"viikko";"2023/12/26 16:37:42";"2022-01-03"
"Vasta-ainetesti";"Koko Suomi";"8";"1";"2023";"viikko";"2023/12/26 16:37:42";"2023-01-02"
"Vasta-ainetesti";"Koko Suomi";"71";"2";"2021";"viikko";"2023/12/26 16:37:42";"2021-01-11"
"Vasta-ainetesti";"Koko Suomi";"60";"2";"2022";"viikko";"2023/12/26 16:37:42";"2022-01-10"
"Vasta-ainetesti";"Koko Suomi";"5";"2";"2023";"viikko";"2023/12/26 16:37:42";"2023-01-09"
"Vasta-ainetesti";"Koko Suomi";"49";"3";"2021";"viikko";"2023/12/26 16:37:42";"2021-01-18"
"Vasta-ainetesti";"Koko Suomi";"47";"3";"2022";"viikko";"2023/12/26 16:37:42";"2022-01-17"
"Vasta-ainetesti";"Koko Suomi";"25";"3";"2023";"viikko";"2023/12/26 16:37:42";"2023-01-16"
"Vasta-ainetesti";"Koko Suomi";"44";"4";"2021";"viikko";"2023/12/26 16:37:42";"2021-01-25"
"Vasta-ainetesti";"Koko Suomi";"60";"4";"2022";"viikko";"2023/12/26 16:37:42";"2022-01-24"
"Vasta-ainetesti";"Koko Suomi";"19";"4";"2023";"viikko";"2023/12/26 16:37:42";"2023-01-23"
"Vasta-ainetesti";"Koko Suomi";"57";"5";"2021";"viikko";"2023/12/26 16:37:42";"2021-02-01"
"Vasta-ainetesti";"Koko Suomi";"86";"5";"2022";"viikko";"2023/12/26 16:37:42";"2022-01-31"
"Vasta-ainetesti";"Koko Suomi";"7";"5";"2023";"viikko";"2023/12/26 16:37:42";"2023-01-30"
"Vasta-ainetesti";"Koko Suomi";"34";"6";"2021";"viikko";"2023/12/26 16:37:42";"2021-02-08"
"Vasta-ainetesti";"Koko Suomi";"75";"6";"2022";"viikko";"2023/12/26 16:37:42";"2022-02-07"
"Vasta-ainetesti";"Koko Suomi";"3";"6";"2023";"viikko";"2023/12/26 16:37:42";"2023-02-06"
"Vasta-ainetesti";"Koko Suomi";"52";"7";"2021";"viikko";"2023/12/26 16:37:42";"2021-02-15"
"Vasta-ainetesti";"Koko Suomi";"49";"7";"2022";"viikko";"2023/12/26 16:37:42";"2022-02-14"
"Vasta-ainetesti";"Koko Suomi";"2";"7";"2023";"viikko";"2023/12/26 16:37:42";"2023-02-13"
"Vasta-ainetesti";"Koko Suomi";"37";"8";"2021";"viikko";"2023/12/26 16:37:42";"2021-02-22"
"Vasta-ainetesti";"Koko Suomi";"37";"8";"2022";"viikko";"2023/12/26 16:37:42";"2022-02-21"
"Vasta-ainetesti";"Koko Suomi";"7";"8";"2023";"viikko";"2023/12/26 16:37:42";"2023-02-20"
"Vasta-ainetesti";"Koko Suomi";"59";"9";"2021";"viikko";"2023/12/26 16:37:42";"2021-03-01"
"Vasta-ainetesti";"Koko Suomi";"67";"9";"2022";"viikko";"2023/12/26 16:37:42";"2022-02-28"
"Vasta-ainetesti";"Koko Suomi";"3";"9";"2023";"viikko";"2023/12/26 16:37:42";"2023-02-27"
"Vasta-ainetesti";"Koko Suomi";"56";"10";"2021";"viikko";"2023/12/26 16:37:42";"2021-03-08"
"Vasta-ainetesti";"Koko Suomi";"44";"10";"2022";"viikko";"2023/12/26 16:37:42";"2022-03-07"
"Vasta-ainetesti";"Koko Suomi";"3";"10";"2023";"viikko";"2023/12/26 16:37:42";"2023-03-06"
"Vasta-ainetesti";"Koko Suomi";"46";"11";"2021";"viikko";"2023/12/26 16:37:42";"2021-03-15"
"Vasta-ainetesti";"Koko Suomi";"83";"11";"2022";"viikko";"2023/12/26 16:37:42";"2022-03-14"
"Vasta-ainetesti";"Koko Suomi";"4";"11";"2023";"viikko";"2023/12/26 16:37:42";"2023-03-13"
"Vasta-ainetesti";"Koko Suomi";"64";"12";"2021";"viikko";"2023/12/26 16:37:42";"2021-03-22"
"Vasta-ainetesti";"Koko Suomi";"37";"12";"2022";"viikko";"2023/12/26 16:37:42";"2022-03-21"
"Vasta-ainetesti";"Koko Suomi";"4";"12";"2023";"viikko";"2023/12/26 16:37:42";"2023-03-20"
"Vasta-ainetesti";"Koko Suomi";"51";"13";"2021";"viikko";"2023/12/26 16:37:42";"2021-03-29"
"Vasta-ainetesti";"Koko Suomi";"28";"13";"2022";"viikko";"2023/12/26 16:37:42";"2022-03-28"
"Vasta-ainetesti";"Koko Suomi";"1";"13";"2023";"viikko";"2023/12/26 16:37:42";"2023-03-27"
"Vasta-ainetesti";"Koko Suomi";"50";"14";"2021";"viikko";"2023/12/26 16:37:42";"2021-04-05"
"Vasta-ainetesti";"Koko Suomi";"74";"14";"2022";"viikko";"2023/12/26 16:37:42";"2022-04-04"
"Vasta-ainetesti";"Koko Suomi";"4";"14";"2023";"viikko";"2023/12/26 16:37:42";"2023-04-03"
"Vasta-ainetesti";"Koko Suomi";"59";"15";"2021";"viikko";"2023/12/26 16:37:42";"2021-04-12"
"Vasta-ainetesti";"Koko Suomi";"25";"15";"2022";"viikko";"2023/12/26 16:37:42";"2022-04-11"
"Vasta-ainetesti";"Koko Suomi";"60";"16";"2021";"viikko";"2023/12/26 16:37:42";"2021-04-19"
"Vasta-ainetesti";"Koko Suomi";"31";"16";"2022";"viikko";"2023/12/26 16:37:42";"2022-04-18"
"Vasta-ainetesti";"Koko Suomi";"2";"16";"2023";"viikko";"2023/12/26 16:37:42";"2023-04-17"
"Vasta-ainetesti";"Koko Suomi";"50";"17";"2021";"viikko";"2023/12/26 16:37:42";"2021-04-26"
"Vasta-ainetesti";"Koko Suomi";"32";"17";"2022";"viikko";"2023/12/26 16:37:42";"2022-04-25"
"Vasta-ainetesti";"Koko Suomi";"8";"17";"2023";"viikko";"2023/12/26 16:37:42";"2023-04-24"
"Vasta-ainetesti";"Koko Suomi";"36";"18";"2021";"viikko";"2023/12/26 16:37:42";"2021-05-03"
"Vasta-ainetesti";"Koko Suomi";"34";"18";"2022";"viikko";"2023/12/26 16:37:42";"2022-05-02"
"Vasta-ainetesti";"Koko Suomi";"1";"18";"2023";"viikko";"2023/12/26 16:37:42";"2023-05-01"
"Vasta-ainetesti";"Koko Suomi";"29";"19";"2020";"viikko";"2023/12/26 16:37:42";"2020-05-11"
"Vasta-ainetesti";"Koko Suomi";"65";"19";"2021";"viikko";"2023/12/26 16:37:42";"2021-05-10"
"Vasta-ainetesti";"Koko Suomi";"31";"19";"2022";"viikko";"2023/12/26 16:37:42";"2022-05-09"
"Vasta-ainetesti";"Koko Suomi";"4";"19";"2023";"viikko";"2023/12/26 16:37:42";"2023-05-08"
"Vasta-ainetesti";"Koko Suomi";"124";"20";"2020";"viikko";"2023/12/26 16:37:42";"2020-05-18"
"Vasta-ainetesti";"Koko Suomi";"69";"20";"2021";"viikko";"2023/12/26 16:37:42";"2021-05-17"
"Vasta-ainetesti";"Koko Suomi";"36";"20";"2022";"viikko";"2023/12/26 16:37:42";"2022-05-16"
"Vasta-ainetesti";"Koko Suomi";"1";"20";"2023";"viikko";"2023/12/26 16:37:42";"2023-05-15"
"Vasta-ainetesti";"Koko Suomi";"241";"21";"2020";"viikko";"2023/12/26 16:37:42";"2020-05-25"
"Vasta-ainetesti";"Koko Suomi";"44";"21";"2021";"viikko";"2023/12/26 16:37:42";"2021-05-24"
"Vasta-ainetesti";"Koko Suomi";"19";"21";"2022";"viikko";"2023/12/26 16:37:42";"2022-05-23"
"Vasta-ainetesti";"Koko Suomi";"2";"21";"2023";"viikko";"2023/12/26 16:37:42";"2023-05-22"
"Vasta-ainetesti";"Koko Suomi";"279";"22";"2020";"viikko";"2023/12/26 16:37:42";"2020-06-01"
"Vasta-ainetesti";"Koko Suomi";"62";"22";"2021";"viikko";"2023/12/26 16:37:42";"2021-05-31"
"Vasta-ainetesti";"Koko Suomi";"18";"22";"2022";"viikko";"2023/12/26 16:37:42";"2022-05-30"
"Vasta-ainetesti";"Koko Suomi";"11";"22";"2023";"viikko";"2023/12/26 16:37:42";"2023-05-29"
"Vasta-ainetesti";"Koko Suomi";"630";"23";"2020";"viikko";"2023/12/26 16:37:42";"2020-06-08"
"Vasta-ainetesti";"Koko Suomi";"24";"23";"2021";"viikko";"2023/12/26 16:37:42";"2021-06-07"
"Vasta-ainetesti";"Koko Suomi";"14";"23";"2022";"viikko";"2023/12/26 16:37:42";"2022-06-06"
"Vasta-ainetesti";"Koko Suomi";"3";"23";"2023";"viikko";"2023/12/26 16:37:42";"2023-06-05"
"Vasta-ainetesti";"Koko Suomi";"277";"24";"2020";"viikko";"2023/12/26 16:37:42";"2020-06-15"
"Vasta-ainetesti";"Koko Suomi";"20";"24";"2021";"viikko";"2023/12/26 16:37:42";"2021-06-14"
"Vasta-ainetesti";"Koko Suomi";"34";"24";"2022";"viikko";"2023/12/26 16:37:42";"2022-06-13"
"Vasta-ainetesti";"Koko Suomi";"4";"24";"2023";"viikko";"2023/12/26 16:37:42";"2023-06-12"
"Vasta-ainetesti";"Koko Suomi";"155";"25";"2020";"viikko";"2023/12/26 16:37:42";"2020-06-22"
"Vasta-ainetesti";"Koko Suomi";"22";"25";"2021";"viikko";"2023/12/26 16:37:42";"2021-06-21"
"Vasta-ainetesti";"Koko Suomi";"17";"25";"2022";"viikko";"2023/12/26 16:37:42";"2022-06-20"
"Vasta-ainetesti";"Koko Suomi";"2";"25";"2023";"viikko";"2023/12/26 16:37:42";"2023-06-19"
"Vasta-ainetesti";"Koko Suomi";"212";"26";"2020";"viikko";"2023/12/26 16:37:42";"2020-06-29"
"Vasta-ainetesti";"Koko Suomi";"30";"26";"2021";"viikko";"2023/12/26 16:37:42";"2021-06-28"
"Vasta-ainetesti";"Koko Suomi";"18";"26";"2022";"viikko";"2023/12/26 16:37:42";"2022-06-27"
"Vasta-ainetesti";"Koko Suomi";"278";"27";"2020";"viikko";"2023/12/26 16:37:42";"2020-07-06"
"Vasta-ainetesti";"Koko Suomi";"28";"27";"2021";"viikko";"2023/12/26 16:37:42";"2021-07-05"
"Vasta-ainetesti";"Koko Suomi";"19";"27";"2022";"viikko";"2023/12/26 16:37:42";"2022-07-04"
"Vasta-ainetesti";"Koko Suomi";"316";"28";"2020";"viikko";"2023/12/26 16:37:42";"2020-07-13"
"Vasta-ainetesti";"Koko Suomi";"18";"28";"2021";"viikko";"2023/12/26 16:37:42";"2021-07-12"
"Vasta-ainetesti";"Koko Suomi";"15";"28";"2022";"viikko";"2023/12/26 16:37:42";"2022-07-11"
"Vasta-ainetesti";"Koko Suomi";"119";"29";"2020";"viikko";"2023/12/26 16:37:42";"2020-07-20"
"Vasta-ainetesti";"Koko Suomi";"31";"29";"2021";"viikko";"2023/12/26 16:37:42";"2021-07-19"
"Vasta-ainetesti";"Koko Suomi";"10";"29";"2022";"viikko";"2023/12/26 16:37:42";"2022-07-18"
"Vasta-ainetesti";"Koko Suomi";"5";"29";"2023";"viikko";"2023/12/26 16:37:42";"2023-07-17"
"Vasta-ainetesti";"Koko Suomi";"384";"30";"2020";"viikko";"2023/12/26 16:37:42";"2020-07-27"
"Vasta-ainetesti";"Koko Suomi";"34";"30";"2021";"viikko";"2023/12/26 16:37:42";"2021-07-26"
"Vasta-ainetesti";"Koko Suomi";"9";"30";"2022";"viikko";"2023/12/26 16:37:42";"2022-07-25"
"Vasta-ainetesti";"Koko Suomi";"94";"31";"2020";"viikko";"2023/12/26 16:37:42";"2020-08-03"
"Vasta-ainetesti";"Koko Suomi";"46";"31";"2021";"viikko";"2023/12/26 16:37:42";"2021-08-02"
"Vasta-ainetesti";"Koko Suomi";"6";"31";"2022";"viikko";"2023/12/26 16:37:42";"2022-08-01"
"Vasta-ainetesti";"Koko Suomi";"102";"32";"2020";"viikko";"2023/12/26 16:37:42";"2020-08-10"
"Vasta-ainetesti";"Koko Suomi";"57";"32";"2021";"viikko";"2023/12/26 16:37:42";"2021-08-09"
"Vasta-ainetesti";"Koko Suomi";"14";"32";"2022";"viikko";"2023/12/26 16:37:42";"2022-08-08"
"Vasta-ainetesti";"Koko Suomi";"113";"33";"2020";"viikko";"2023/12/26 16:37:42";"2020-08-17"
"Vasta-ainetesti";"Koko Suomi";"39";"33";"2021";"viikko";"2023/12/26 16:37:42";"2021-08-16"
"Vasta-ainetesti";"Koko Suomi";"37";"33";"2022";"viikko";"2023/12/26 16:37:42";"2022-08-15"
"Vasta-ainetesti";"Koko Suomi";"3";"33";"2023";"viikko";"2023/12/26 16:37:42";"2023-08-14"
"Vasta-ainetesti";"Koko Suomi";"89";"34";"2020";"viikko";"2023/12/26 16:37:42";"2020-08-24"
"Vasta-ainetesti";"Koko Suomi";"40";"34";"2021";"viikko";"2023/12/26 16:37:42";"2021-08-23"
"Vasta-ainetesti";"Koko Suomi";"26";"34";"2022";"viikko";"2023/12/26 16:37:42";"2022-08-22"
"Vasta-ainetesti";"Koko Suomi";"92";"35";"2020";"viikko";"2023/12/26 16:37:42";"2020-08-31"
"Vasta-ainetesti";"Koko Suomi";"49";"35";"2021";"viikko";"2023/12/26 16:37:42";"2021-08-30"
"Vasta-ainetesti";"Koko Suomi";"15";"35";"2022";"viikko";"2023/12/26 16:37:42";"2022-08-29"
"Vasta-ainetesti";"Koko Suomi";"90";"36";"2020";"viikko";"2023/12/26 16:37:42";"2020-09-07"
"Vasta-ainetesti";"Koko Suomi";"40";"36";"2021";"viikko";"2023/12/26 16:37:42";"2021-09-06"
"Vasta-ainetesti";"Koko Suomi";"11";"36";"2022";"viikko";"2023/12/26 16:37:42";"2022-09-05"
"Vasta-ainetesti";"Koko Suomi";"87";"37";"2020";"viikko";"2023/12/26 16:37:42";"2020-09-14"
"Vasta-ainetesti";"Koko Suomi";"46";"37";"2021";"viikko";"2023/12/26 16:37:42";"2021-09-13"
"Vasta-ainetesti";"Koko Suomi";"14";"37";"2022";"viikko";"2023/12/26 16:37:42";"2022-09-12"
"Vasta-ainetesti";"Koko Suomi";"94";"38";"2020";"viikko";"2023/12/26 16:37:42";"2020-09-21"
"Vasta-ainetesti";"Koko Suomi";"34";"38";"2021";"viikko";"2023/12/26 16:37:42";"2021-09-20"
"Vasta-ainetesti";"Koko Suomi";"7";"38";"2022";"viikko";"2023/12/26 16:37:42";"2022-09-19"
"Vasta-ainetesti";"Koko Suomi";"65";"39";"2020";"viikko";"2023/12/26 16:37:42";"2020-09-28"
"Vasta-ainetesti";"Koko Suomi";"39";"39";"2021";"viikko";"2023/12/26 16:37:42";"2021-09-27"
"Vasta-ainetesti";"Koko Suomi";"17";"39";"2022";"viikko";"2023/12/26 16:37:42";"2022-09-26"
"Vasta-ainetesti";"Koko Suomi";"3";"39";"2023";"viikko";"2023/12/26 16:37:42";"2023-09-25"
"Vasta-ainetesti";"Koko Suomi";"50";"40";"2020";"viikko";"2023/12/26 16:37:42";"2020-10-05"
"Vasta-ainetesti";"Koko Suomi";"30";"40";"2021";"viikko";"2023/12/26 16:37:42";"2021-10-04"
"Vasta-ainetesti";"Koko Suomi";"6";"40";"2022";"viikko";"2023/12/26 16:37:42";"2022-10-03"
"Vasta-ainetesti";"Koko Suomi";"3";"40";"2023";"viikko";"2023/12/26 16:37:42";"2023-10-02"
"Vasta-ainetesti";"Koko Suomi";"74";"41";"2020";"viikko";"2023/12/26 16:37:42";"2020-10-12"
"Vasta-ainetesti";"Koko Suomi";"47";"41";"2021";"viikko";"2023/12/26 16:37:42";"2021-10-11"
"Vasta-ainetesti";"Koko Suomi";"11";"41";"2022";"viikko";"2023/12/26 16:37:42";"2022-10-10"
"Vasta-ainetesti";"Koko Suomi";"64";"42";"2020";"viikko";"2023/12/26 16:37:42";"2020-10-19"
"Vasta-ainetesti";"Koko Suomi";"38";"42";"2021";"viikko";"2023/12/26 16:37:42";"2021-10-18"
"Vasta-ainetesti";"Koko Suomi";"13";"42";"2022";"viikko";"2023/12/26 16:37:42";"2022-10-17"
"Vasta-ainetesti";"Koko Suomi";"12";"42";"2023";"viikko";"2023/12/26 16:37:42";"2023-10-16"
"Vasta-ainetesti";"Koko Suomi";"58";"43";"2020";"viikko";"2023/12/26 16:37:42";"2020-10-26"
"Vasta-ainetesti";"Koko Suomi";"28";"43";"2021";"viikko";"2023/12/26 16:37:42";"2021-10-25"
"Vasta-ainetesti";"Koko Suomi";"14";"43";"2022";"viikko";"2023/12/26 16:37:42";"2022-10-24"
"Vasta-ainetesti";"Koko Suomi";"3";"43";"2023";"viikko";"2023/12/26 16:37:42";"2023-10-23"
"Vasta-ainetesti";"Koko Suomi";"62";"44";"2020";"viikko";"2023/12/26 16:37:42";"2020-11-02"
"Vasta-ainetesti";"Koko Suomi";"20";"44";"2021";"viikko";"2023/12/26 16:37:42";"2021-11-01"
"Vasta-ainetesti";"Koko Suomi";"12";"44";"2022";"viikko";"2023/12/26 16:37:42";"2022-10-31"
"Vasta-ainetesti";"Koko Suomi";"67";"45";"2020";"viikko";"2023/12/26 16:37:42";"2020-11-09"
"Vasta-ainetesti";"Koko Suomi";"47";"45";"2021";"viikko";"2023/12/26 16:37:42";"2021-11-08"
"Vasta-ainetesti";"Koko Suomi";"3";"45";"2022";"viikko";"2023/12/26 16:37:42";"2022-11-07"
"Vasta-ainetesti";"Koko Suomi";"39";"46";"2020";"viikko";"2023/12/26 16:37:42";"2020-11-16"
"Vasta-ainetesti";"Koko Suomi";"60";"46";"2021";"viikko";"2023/12/26 16:37:42";"2021-11-15"
"Vasta-ainetesti";"Koko Suomi";"8";"46";"2022";"viikko";"2023/12/26 16:37:42";"2022-11-14"
"Vasta-ainetesti";"Koko Suomi";"48";"47";"2020";"viikko";"2023/12/26 16:37:42";"2020-11-23"
"Vasta-ainetesti";"Koko Suomi";"32";"47";"2021";"viikko";"2023/12/26 16:37:42";"2021-11-22"
"Vasta-ainetesti";"Koko Suomi";"7";"47";"2022";"viikko";"2023/12/26 16:37:42";"2022-11-21"
"Vasta-ainetesti";"Koko Suomi";"33";"48";"2020";"viikko";"2023/12/26 16:37:42";"2020-11-30"
"Vasta-ainetesti";"Koko Suomi";"48";"48";"2021";"viikko";"2023/12/26 16:37:42";"2021-11-29"
"Vasta-ainetesti";"Koko Suomi";"7";"48";"2022";"viikko";"2023/12/26 16:37:42";"2022-11-28"
"Vasta-ainetesti";"Koko Suomi";"41";"49";"2020";"viikko";"2023/12/26 16:37:42";"2020-12-07"
"Vasta-ainetesti";"Koko Suomi";"41";"49";"2021";"viikko";"2023/12/26 16:37:42";"2021-12-06"
"Vasta-ainetesti";"Koko Suomi";"2";"49";"2022";"viikko";"2023/12/26 16:37:42";"2022-12-05"
"Vasta-ainetesti";"Koko Suomi";"51";"50";"2020";"viikko";"2023/12/26 16:37:42";"2020-12-14"
"Vasta-ainetesti";"Koko Suomi";"40";"50";"2021";"viikko";"2023/12/26 16:37:42";"2021-12-13"
"Vasta-ainetesti";"Koko Suomi";"16";"50";"2022";"viikko";"2023/12/26 16:37:42";"2022-12-12"
"Vasta-ainetesti";"Koko Suomi";"3";"50";"2023";"viikko";"2023/12/26 16:37:42";"2023-12-11"
"Vasta-ainetesti";"Koko Suomi";"38";"51";"2020";"viikko";"2023/12/26 16:37:42";"2020-12-21"
"Vasta-ainetesti";"Koko Suomi";"39";"51";"2021";"viikko";"2023/12/26 16:37:42";"2021-12-20"
"Vasta-ainetesti";"Koko Suomi";"13";"51";"2022";"viikko";"2023/12/26 16:37:42";"2022-12-19"
"Vasta-ainetesti";"Koko Suomi";"1";"51";"2023";"viikko";"2023/12/26 16:37:42";"2023-12-18"
"Vasta-ainetesti";"Koko Suomi";"38";"52";"2020";"viikko";"2023/12/26 16:37:42";"2020-12-28"
"Vasta-ainetesti";"Koko Suomi";"39";"52";"2021";"viikko";"2023/12/26 16:37:42";"2021-12-27"
"Vasta-ainetesti";"Koko Suomi";"4";"52";"2022";"viikko";"2023/12/26 16:37:42";"2022-12-26"
"Vasta-ainetesti";"Koko Suomi";"54";"53";"2020";"viikko";"2023/12/26 16:37:42";NA
